,muni_code,year,kont_recip_tot
0,0,1994,197397
1,0,1995,192970
2,0,1996,188863
3,0,1997,188162
4,0,1998,190715
5,0,1999,188417
6,0,2000,187462
7,0,2001,185725
8,0,2002,184503
9,0,2003,186540
10,0,2004,172103
11,0,2005,167826
12,0,2006,162257
0,0,2007,176782
1,0,2008,174033
2,0,2009,197190
3,0,2010,207110
4,0,2011,211173
5,0,2012,218679
6,0,2013,246657
7,0,2014,253720
8,0,2015,256185
9,0,2016,241534
10,0,2017,214814
11,0,2018,187917
12,0,2019,173312
13,0,2020,167537
14,0,2021,147390
15,0,2022,145407
144,81,2007,16970
145,81,2008,17010
146,81,2009,18933
147,81,2010,19717
148,81,2011,20285
149,81,2012,20931
150,81,2013,23725
151,81,2014,24815
152,81,2015,25816
153,81,2016,24630
154,81,2017,22239
155,81,2018,19716
156,81,2019,18315
157,81,2020,17514
158,81,2021,15779
159,81,2022,15761
160,82,2007,35443
161,82,2008,34630
162,82,2009,39271
163,82,2010,40272
164,82,2011,40670
165,82,2012,42619
166,82,2013,48625
167,82,2014,49979
168,82,2015,50927
169,82,2016,48831
170,82,2017,43785
171,82,2018,38648
172,82,2019,36446
173,82,2020,35601
174,82,2021,31413
175,82,2022,31736
176,83,2007,39078
177,83,2008,38294
178,83,2009,41770
179,83,2010,42978
180,83,2011,44101
181,83,2012,46166
182,83,2013,52587
183,83,2014,54494
184,83,2015,55896
185,83,2016,53086
186,83,2017,47617
187,83,2018,42238
188,83,2019,39019
189,83,2020,37444
190,83,2021,33168
191,83,2022,32096
192,84,2007,57775
193,84,2008,56636
194,84,2009,66085
195,84,2010,70938
196,84,2011,71919
197,84,2012,73625
198,84,2013,82200
199,84,2014,83717
200,84,2015,81870
201,84,2016,74928
202,84,2017,65018
203,84,2018,55584
204,84,2019,50676
205,84,2020,50028
206,84,2021,43330
207,84,2022,40818
208,85,2007,25488
209,85,2008,25507
210,85,2009,28825
211,85,2010,30623
212,85,2011,31709
213,85,2012,33016
214,85,2013,37037
215,85,2014,38163
216,85,2015,39195
217,85,2016,37458
218,85,2017,33749
219,85,2018,29537
220,85,2019,27026
221,85,2020,25432
222,85,2021,22221
223,85,2022,21402
13,101,1994,27694
14,101,1995,31707
15,101,1996,29992
16,101,1997,29336
17,101,1998,29976
18,101,1999,29254
19,101,2000,29547
20,101,2001,29315
21,101,2002,28537
22,101,2003,30913
23,101,2004,28434
24,101,2005,27285
25,101,2006,26288
256,101,2007,27929
257,101,2008,26952
258,101,2009,31623
259,101,2010,33453
260,101,2011,33407
261,101,2012,33321
262,101,2013,36263
263,101,2014,36686
264,101,2015,35346
265,101,2016,31780
266,101,2017,27210
267,101,2018,23767
268,101,2019,21987
269,101,2020,22169
270,101,2021,18819
271,101,2022,16934
26,147,1994,4090
27,147,1995,3928
28,147,1996,3667
29,147,1997,3768
30,147,1998,3539
31,147,1999,3397
32,147,2000,3146
33,147,2001,3228
34,147,2002,3289
35,147,2003,3294
36,147,2004,3133
37,147,2005,2981
38,147,2006,2874
288,147,2007,2710
289,147,2008,2550
290,147,2009,2914
291,147,2010,3098
292,147,2011,3048
293,147,2012,3060
294,147,2013,3568
295,147,2014,3686
296,147,2015,3530
297,147,2016,3129
298,147,2017,2717
299,147,2018,2264
300,147,2019,2169
301,147,2020,2192
302,147,2021,1921
303,147,2022,1879
39,150,1994,24393
40,150,1995,23315
41,150,1996,22779
42,150,1997,22367
43,150,1998,21964
44,150,1999,20891
45,150,2000,20135
46,150,2001,19560
47,150,2002,19124
48,150,2003,19477
49,150,2004,17557
50,150,2005,17510
51,150,2006,16763
52,151,1994,2071
53,151,1995,1860
54,151,1996,1781
55,151,1997,1740
56,151,1998,1794
57,151,1999,1477
58,151,2000,1400
59,151,2001,1546
60,151,2002,1636
61,151,2003,1567
62,151,2004,1438
63,151,2005,1411
64,151,2006,1175
304,151,2007,1354
305,151,2008,1371
306,151,2009,1562
307,151,2010,1676
308,151,2011,1781
309,151,2012,1977
310,151,2013,2272
311,151,2014,2265
312,151,2015,2085
313,151,2016,1905
314,151,2017,1668
315,151,2018,1480
316,151,2019,1377
317,151,2020,1352
318,151,2021,1201
319,151,2022,1117
65,153,1994,2003
66,153,1995,1963
67,153,1996,2330
68,153,1997,2367
69,153,1998,2258
70,153,1999,2230
71,153,2000,2040
72,153,2001,1895
73,153,2002,1644
74,153,2003,1592
75,153,2004,1495
76,153,2005,1374
77,153,2006,1330
320,153,2007,1386
321,153,2008,1335
322,153,2009,1601
323,153,2010,1744
324,153,2011,1795
325,153,2012,1858
326,153,2013,2183
327,153,2014,2243
328,153,2015,2263
329,153,2016,2098
330,153,2017,1887
331,153,2018,1735
332,153,2019,1681
333,153,2020,1611
334,153,2021,1454
335,153,2022,1434
78,155,1994,283
79,155,1995,289
80,155,1996,301
81,155,1997,257
82,155,1998,264
83,155,1999,241
84,155,2000,197
85,155,2001,187
86,155,2002,191
87,155,2003,186
88,155,2004,193
89,155,2005,207
90,155,2006,191
336,155,2007,177
337,155,2008,174
338,155,2009,220
339,155,2010,224
340,155,2011,235
341,155,2012,261
342,155,2013,310
343,155,2014,292
344,155,2015,325
345,155,2016,318
346,155,2017,278
347,155,2018,219
348,155,2019,208
349,155,2020,217
350,155,2021,189
351,155,2022,167
91,157,1994,1434
92,157,1995,1407
93,157,1996,1245
94,157,1997,1135
95,157,1998,1079
96,157,1999,1165
97,157,2000,1096
98,157,2001,1065
99,157,2002,1172
100,157,2003,1163
101,157,2004,1139
102,157,2005,1131
103,157,2006,1141
352,157,2007,1048
353,157,2008,976
354,157,2009,1171
355,157,2010,1301
356,157,2011,1431
357,157,2012,1584
358,157,2013,1802
359,157,2014,1858
360,157,2015,1842
361,157,2016,1767
362,157,2017,1549
363,157,2018,1317
364,157,2019,1183
365,157,2020,1160
366,157,2021,988
367,157,2022,991
104,159,1994,2931
105,159,1995,2892
106,159,1996,2753
107,159,1997,2663
108,159,1998,2725
109,159,1999,2512
110,159,2000,2345
111,159,2001,2288
112,159,2002,2093
113,159,2003,2150
114,159,2004,1907
115,159,2005,1797
116,159,2006,1898
368,159,2007,1846
369,159,2008,1811
370,159,2009,2079
371,159,2010,2378
372,159,2011,2458
373,159,2012,2676
374,159,2013,3018
375,159,2014,3030
376,159,2015,2905
377,159,2016,2637
378,159,2017,2263
379,159,2018,1833
380,159,2019,1534
381,159,2020,1575
382,159,2021,1404
383,159,2022,1313
117,161,1994,785
118,161,1995,732
119,161,1996,724
120,161,1997,705
121,161,1998,683
122,161,1999,605
123,161,2000,701
124,161,2001,696
125,161,2002,733
126,161,2003,772
127,161,2004,807
128,161,2005,787
129,161,2006,744
384,161,2007,753
385,161,2008,757
386,161,2009,898
387,161,2010,952
388,161,2011,1003
389,161,2012,1062
390,161,2013,1209
391,161,2014,1187
392,161,2015,1129
393,161,2016,1035
394,161,2017,925
395,161,2018,742
396,161,2019,694
397,161,2020,695
398,161,2021,615
399,161,2022,554
130,163,1994,1500
131,163,1995,1421
132,163,1996,1450
133,163,1997,1426
134,163,1998,1341
135,163,1999,1283
136,163,2000,1217
137,163,2001,1102
138,163,2002,1110
139,163,2003,1055
140,163,2004,1006
141,163,2005,982
142,163,2006,935
400,163,2007,1023
401,163,2008,982
402,163,2009,1087
403,163,2010,1110
404,163,2011,1128
405,163,2012,1232
406,163,2013,1368
407,163,2014,1352
408,163,2015,1336
409,163,2016,1194
410,163,2017,1060
411,163,2018,870
412,163,2019,742
413,163,2020,696
414,163,2021,606
415,163,2022,579
143,165,1994,1921
144,165,1995,2005
145,165,1996,1710
146,165,1997,1987
147,165,1998,1866
148,165,1999,1716
149,165,2000,1641
150,165,2001,1641
151,165,2002,1676
152,165,2003,1737
153,165,2004,1221
154,165,2005,1425
155,165,2006,1327
416,165,2007,1429
417,165,2008,1373
418,165,2009,1523
419,165,2010,1657
420,165,2011,1735
421,165,2012,1777
422,165,2013,1973
423,165,2014,2005
424,165,2015,1853
425,165,2016,1672
426,165,2017,1431
427,165,2018,1120
428,165,2019,1000
429,165,2020,999
430,165,2021,916
431,165,2022,813
156,167,1994,2454
157,167,1995,2245
158,167,1996,2355
159,167,1997,2199
160,167,1998,2015
161,167,1999,2087
162,167,2000,1980
163,167,2001,1892
164,167,2002,1933
165,167,2003,2052
166,167,2004,2001
167,167,2005,1628
168,167,2006,1489
432,167,2007,1537
433,167,2008,1570
434,167,2009,1862
435,167,2010,2094
436,167,2011,2120
437,167,2012,2232
438,167,2013,2422
439,167,2014,2396
440,167,2015,2378
441,167,2016,2273
442,167,2017,2088
443,167,2018,1779
444,167,2019,1707
445,167,2020,1596
446,167,2021,1394
447,167,2022,1342
169,169,1994,2490
170,169,1995,2211
171,169,1996,2181
172,169,1997,2037
173,169,1998,1967
174,169,1999,2008
175,169,2000,2017
176,169,2001,1891
177,169,2002,1785
178,169,2003,1809
179,169,2004,1678
180,169,2005,1579
181,169,2006,1561
448,169,2007,1741
449,169,2008,1675
450,169,2009,1889
451,169,2010,2029
452,169,2011,2124
453,169,2012,2294
454,169,2013,2796
455,169,2014,2828
456,169,2015,2750
457,169,2016,2479
458,169,2017,2103
459,169,2018,1735
460,169,2019,1532
461,169,2020,1550
462,169,2021,1444
463,169,2022,1398
182,171,1994,290
183,171,1995,243
184,171,1996,202
185,171,1997,209
186,171,1998,184
187,171,1999,143
188,171,2000,135
189,171,2001,134
190,171,2002,112
191,171,2003,141
192,171,2004,97
193,171,2005,125
194,171,2006,129
195,173,1994,1482
196,173,1995,1339
197,173,1996,1289
198,173,1997,1278
199,173,1998,1226
200,173,1999,1184
201,173,2000,1058
202,173,2001,995
203,173,2002,1038
204,173,2003,1049
205,173,2004,1111
206,173,2005,1121
207,173,2006,1198
464,173,2007,934
465,173,2008,950
466,173,2009,1099
467,173,2010,1143
468,173,2011,1221
469,173,2012,1207
470,173,2013,1337
471,173,2014,1353
472,173,2015,1380
473,173,2016,1298
474,173,2017,1167
475,173,2018,992
476,173,2019,940
477,173,2020,949
478,173,2021,904
479,173,2022,947
208,175,1994,1360
209,175,1995,1285
210,175,1996,1272
211,175,1997,1331
212,175,1998,1221
213,175,1999,1295
214,175,2000,1366
215,175,2001,1377
216,175,2002,1316
217,175,2003,1490
218,175,2004,1409
219,175,2005,1303
220,175,2006,1210
480,175,2007,1422
481,175,2008,1392
482,175,2009,1610
483,175,2010,1733
484,175,2011,1762
485,175,2012,1896
486,175,2013,2016
487,175,2014,1992
488,175,2015,1923
489,175,2016,1851
490,175,2017,1634
491,175,2018,1398
492,175,2019,1295
493,175,2020,1277
494,175,2021,1099
495,175,2022,1075
221,181,1994,776
222,181,1995,739
223,181,1996,653
224,181,1997,625
225,181,1998,629
226,181,1999,503
227,181,2000,513
228,181,2001,465
229,181,2002,484
230,181,2003,503
231,181,2004,523
232,181,2005,538
233,181,2006,509
234,183,1994,1038
235,183,1995,1175
236,183,1996,1073
237,183,1997,1028
238,183,1998,997
239,183,1999,1025
240,183,2000,962
241,183,2001,973
242,183,2002,858
243,183,2003,850
244,183,2004,742
245,183,2005,740
246,183,2006,571
496,183,2007,826
497,183,2008,859
498,183,2009,1074
499,183,2010,1164
500,183,2011,1242
501,183,2012,1272
502,183,2013,1518
503,183,2014,1553
504,183,2015,1440
505,183,2016,1268
506,183,2017,1034
507,183,2018,891
508,183,2019,797
509,183,2020,790
510,183,2021,675
511,183,2022,630
247,185,1994,1136
248,185,1995,1069
249,185,1996,1066
250,185,1997,1072
251,185,1998,1057
252,185,1999,1003
253,185,2000,1012
254,185,2001,963
255,185,2002,841
256,185,2003,854
257,185,2004,878
258,185,2005,889
259,185,2006,875
512,185,2007,1028
513,185,2008,1063
514,185,2009,1237
515,185,2010,1412
516,185,2011,1468
517,185,2012,1478
518,185,2013,1692
519,185,2014,1775
520,185,2015,1781
521,185,2016,1614
522,185,2017,1416
523,185,2018,1184
524,185,2019,1111
525,185,2020,1141
526,185,2021,1011
527,185,2022,960
260,187,1994,225
261,187,1995,212
262,187,1996,187
263,187,1997,178
264,187,1998,205
265,187,1999,186
266,187,2000,180
267,187,2001,160
268,187,2002,154
269,187,2003,158
270,187,2004,139
271,187,2005,152
272,187,2006,128
528,187,2007,106
529,187,2008,147
530,187,2009,213
531,187,2010,263
532,187,2011,276
533,187,2012,315
534,187,2013,419
535,187,2014,445
536,187,2015,421
537,187,2016,376
538,187,2017,298
539,187,2018,249
540,187,2019,230
541,187,2020,238
542,187,2021,219
543,187,2022,225
273,189,1994,556
274,189,1995,530
275,189,1996,451
276,189,1997,394
277,189,1998,490
278,189,1999,330
279,189,2000,333
280,189,2001,305
281,189,2002,347
282,189,2003,350
283,189,2004,326
284,189,2005,321
285,189,2006,353
544,190,2007,765
545,190,2008,741
546,190,2009,833
547,190,2010,935
548,190,2011,903
549,190,2012,941
550,190,2013,1089
551,190,2014,1177
552,190,2015,1217
553,190,2016,1128
554,190,2017,918
555,190,2018,713
556,190,2019,630
557,190,2020,601
558,190,2021,510
559,190,2022,529
286,200,1994,13081
287,200,1995,12184
288,200,1996,11575
289,200,1997,11052
290,200,1998,10781
291,200,1999,9917
292,200,2000,9798
293,200,2001,9404
294,200,2002,9580
295,200,2003,9516
296,200,2004,9128
297,200,2005,8953
298,200,2006,8610
299,201,1994,410
300,201,1995,435
301,201,1996,391
302,201,1997,374
303,201,1998,374
304,201,1999,415
305,201,2000,307
306,201,2001,318
307,201,2002,265
308,201,2003,287
309,201,2004,294
310,201,2005,256
311,201,2006,255
560,201,2007,223
561,201,2008,229
562,201,2009,278
563,201,2010,308
564,201,2011,330
565,201,2012,375
566,201,2013,427
567,201,2014,451
568,201,2015,526
569,201,2016,498
570,201,2017,461
571,201,2018,354
572,201,2019,316
573,201,2020,287
574,201,2021,262
575,201,2022,288
312,205,1994,631
313,205,1995,525
314,205,1996,456
315,205,1997,389
316,205,1998,409
317,205,1999,451
318,205,2000,432
319,205,2001,374
320,205,2002,329
321,205,2003,324
322,205,2004,333
323,205,2005,371
324,205,2006,387
325,207,1994,639
326,207,1995,549
327,207,1996,518
328,207,1997,418
329,207,1998,445
330,207,1999,467
331,207,2000,249
332,207,2001,370
333,207,2002,418
334,207,2003,443
335,207,2004,474
336,207,2005,524
337,207,2006,489
338,208,1994,663
339,208,1995,693
340,208,1996,623
341,208,1997,588
342,208,1998,557
343,208,1999,497
344,208,2000,469
345,208,2001,434
346,208,2002,430
347,208,2003,457
348,208,2004,469
349,208,2005,461
350,208,2006,445
351,209,1994,666
352,209,1995,610
353,209,1996,551
354,209,1997,537
355,209,1998,501
356,209,1999,479
357,209,2000,474
358,209,2001,430
359,209,2002,471
360,209,2003,447
361,209,2004,408
362,209,2005,356
363,209,2006,358
576,210,2007,1001
577,210,2008,1055
578,210,2009,1191
579,210,2010,1199
580,210,2011,1154
581,210,2012,1157
582,210,2013,1350
583,210,2014,1459
584,210,2015,1423
585,210,2016,1275
586,210,2017,1107
587,210,2018,883
588,210,2019,799
589,210,2020,746
590,210,2021,670
591,210,2022,636
364,211,1994,769
365,211,1995,763
366,211,1996,761
367,211,1997,797
368,211,1998,831
369,211,1999,733
370,211,2000,764
371,211,2001,776
372,211,2002,679
373,211,2003,684
374,211,2004,594
375,211,2005,604
376,211,2006,597
377,213,1994,721
378,213,1995,646
379,213,1996,631
380,213,1997,557
381,213,1998,548
382,213,1999,480
383,213,2000,497
384,213,2001,465
385,213,2002,581
386,213,2003,535
387,213,2004,772
388,213,2005,543
389,213,2006,527
390,215,1994,710
391,215,1995,543
392,215,1996,536
393,215,1997,427
394,215,1998,432
395,215,1999,397
396,215,2000,402
397,215,2001,409
398,215,2002,398
399,215,2003,415
400,215,2004,368
401,215,2005,352
402,215,2006,327
403,217,1994,3365
404,217,1995,3125
405,217,1996,3029
406,217,1997,2888
407,217,1998,2656
408,217,1999,2323
409,217,2000,2192
410,217,2001,2149
411,217,2002,2334
412,217,2003,2277
413,217,2004,2070
414,217,2005,2047
415,217,2006,1902
592,217,2007,2031
593,217,2008,2133
594,217,2009,2370
595,217,2010,2421
596,217,2011,2349
597,217,2012,2476
598,217,2013,2774
599,217,2014,2902
600,217,2015,2941
601,217,2016,2917
602,217,2017,2600
603,217,2018,2215
604,217,2019,2000
605,217,2020,1857
606,217,2021,1530
607,217,2022,1449
416,219,1994,1125
417,219,1995,1081
418,219,1996,1002
419,219,1997,965
420,219,1998,1012
421,219,1999,1021
422,219,2000,1152
423,219,2001,1047
424,219,2002,1070
425,219,2003,1000
426,219,2004,905
427,219,2005,871
428,219,2006,869
608,219,2007,1042
609,219,2008,1050
610,219,2009,1292
611,219,2010,1418
612,219,2011,1434
613,219,2012,1489
614,219,2013,1652
615,219,2014,1708
616,219,2015,1715
617,219,2016,1583
618,219,2017,1500
619,219,2018,1355
620,219,2019,1167
621,219,2020,1123
622,219,2021,1020
623,219,2022,1019
429,221,1994,426
430,221,1995,394
431,221,1996,396
432,221,1997,389
433,221,1998,389
434,221,1999,400
435,221,2000,324
436,221,2001,304
437,221,2002,274
438,221,2003,315
439,221,2004,313
440,221,2005,277
441,221,2006,222
442,223,1994,491
443,223,1995,465
444,223,1996,498
445,223,1997,442
446,223,1998,362
447,223,1999,337
448,223,2000,363
449,223,2001,398
450,223,2002,471
451,223,2003,520
452,223,2004,457
453,223,2005,497
454,223,2006,493
624,223,2007,353
625,223,2008,325
626,223,2009,359
627,223,2010,400
628,223,2011,425
629,223,2012,433
630,223,2013,524
631,223,2014,581
632,223,2015,599
633,223,2016,584
634,223,2017,522
635,223,2018,424
636,223,2019,359
637,223,2020,375
638,223,2021,320
639,223,2022,303
455,225,1994,353
456,225,1995,307
457,225,1996,259
458,225,1997,259
459,225,1998,306
460,225,1999,288
461,225,2000,271
462,225,2001,268
463,225,2002,269
464,225,2003,272
465,225,2004,240
466,225,2005,223
467,225,2006,243
468,227,1994,1155
469,227,1995,1104
470,227,1996,1005
471,227,1997,1031
472,227,1998,988
473,227,1999,776
474,227,2000,908
475,227,2001,863
476,227,2002,799
477,227,2003,754
478,227,2004,696
479,227,2005,715
480,227,2006,636
481,229,1994,152
482,229,1995,142
483,229,1996,140
484,229,1997,155
485,229,1998,155
486,229,1999,158
487,229,2000,168
488,229,2001,134
489,229,2002,131
490,229,2003,125
491,229,2004,144
492,229,2005,165
493,229,2006,166
640,230,2007,692
641,230,2008,658
642,230,2009,793
643,230,2010,920
644,230,2011,977
645,230,2012,982
646,230,2013,1084
647,230,2014,1118
648,230,2015,1239
649,230,2016,1219
650,230,2017,1146
651,230,2018,945
652,230,2019,825
653,230,2020,781
654,230,2021,682
655,230,2022,687
494,231,1994,98
495,231,1995,99
496,231,1996,88
497,231,1997,91
498,231,1998,95
499,231,1999,72
500,231,2000,63
501,231,2001,75
502,231,2002,74
503,231,2003,68
504,231,2004,62
505,231,2005,89
506,231,2006,106
507,233,1994,246
508,233,1995,226
509,233,1996,214
510,233,1997,198
511,233,1998,219
512,233,1999,211
513,233,2000,190
514,233,2001,172
515,233,2002,153
516,233,2003,161
517,233,2004,146
518,233,2005,151
519,233,2006,160
520,235,1994,372
521,235,1995,376
522,235,1996,303
523,235,1997,305
524,235,1998,256
525,235,1999,258
526,235,2000,248
527,235,2001,225
528,235,2002,247
529,235,2003,258
530,235,2004,224
531,235,2005,275
532,235,2006,239
533,237,1994,344
534,237,1995,297
535,237,1996,271
536,237,1997,278
537,237,1998,291
538,237,1999,211
539,237,2000,245
540,237,2001,209
541,237,2002,187
542,237,2003,175
543,237,2004,160
544,237,2005,174
545,237,2006,190
656,240,2007,415
657,240,2008,423
658,240,2009,529
659,240,2010,583
660,240,2011,667
661,240,2012,672
662,240,2013,877
663,240,2014,922
664,240,2015,933
665,240,2016,911
666,240,2017,725
667,240,2018,627
668,240,2019,585
669,240,2020,538
670,240,2021,510
671,240,2022,586
546,250,1994,7910
547,250,1995,7108
548,250,1996,6834
549,250,1997,6518
550,250,1998,6192
551,250,1999,5904
552,250,2000,6084
553,250,2001,6005
554,250,2002,5966
555,250,2003,6155
556,250,2004,5638
557,250,2005,5508
558,250,2006,5632
672,250,2007,892
673,250,2008,965
674,250,2009,1245
675,250,2010,1407
676,250,2011,1437
677,250,2012,1507
678,250,2013,1758
679,250,2014,1747
680,250,2015,1775
681,250,2016,1666
682,250,2017,1451
683,250,2018,1245
684,250,2019,1065
685,250,2020,1021
686,250,2021,885
687,250,2022,916
559,251,1994,158
560,251,1995,170
561,251,1996,177
562,251,1997,179
563,251,1998,204
564,251,1999,166
565,251,2000,166
566,251,2001,167
567,251,2002,162
568,251,2003,207
569,251,2004,186
570,251,2005,217
571,251,2006,235
572,253,1994,2353
573,253,1995,2090
574,253,1996,2000
575,253,1997,1606
576,253,1998,1521
577,253,1999,1373
578,253,2000,1389
579,253,2001,1333
580,253,2002,1111
581,253,2003,1098
582,253,2004,1032
583,253,2005,973
584,253,2006,985
688,253,2007,980
689,253,2008,979
690,253,2009,1142
691,253,2010,1130
692,253,2011,1155
693,253,2012,1231
694,253,2013,1431
695,253,2014,1527
696,253,2015,1514
697,253,2016,1353
698,253,2017,1093
699,253,2018,927
700,253,2019,869
701,253,2020,822
702,253,2021,775
703,253,2022,745
585,255,1994,286
586,255,1995,253
587,255,1996,255
588,255,1997,258
589,255,1998,238
590,255,1999,233
591,255,2000,239
592,255,2001,232
593,255,2002,276
594,255,2003,242
595,255,2004,214
596,255,2005,193
597,255,2006,187
598,257,1994,205
599,257,1995,140
600,257,1996,138
601,257,1997,153
602,257,1998,153
603,257,1999,174
604,257,2000,152
605,257,2001,145
606,257,2002,114
607,257,2003,136
608,257,2004,126
609,257,2005,154
610,257,2006,147
611,259,1994,1491
612,259,1995,1446
613,259,1996,1376
614,259,1997,1534
615,259,1998,1343
616,259,1999,1356
617,259,2000,1417
618,259,2001,1405
619,259,2002,1712
620,259,2003,1799
621,259,2004,1673
622,259,2005,1524
623,259,2006,1578
704,259,2007,1795
705,259,2008,1787
706,259,2009,2071
707,259,2010,2181
708,259,2011,2329
709,259,2012,2385
710,259,2013,2683
711,259,2014,2721
712,259,2015,2769
713,259,2016,2590
714,259,2017,2252
715,259,2018,1860
716,259,2019,1606
717,259,2020,1415
718,259,2021,1246
719,259,2022,1267
720,260,2007,896
721,260,2008,855
722,260,2009,1028
723,260,2010,1167
724,260,2011,1213
725,260,2012,1248
726,260,2013,1377
727,260,2014,1456
728,260,2015,1438
729,260,2016,1353
730,260,2017,1191
731,260,2018,1063
732,260,2019,932
733,260,2020,824
734,260,2021,666
735,260,2022,597
624,261,1994,123
625,261,1995,125
626,261,1996,107
627,261,1997,91
628,261,1998,118
629,261,1999,95
630,261,2000,84
631,261,2001,81
632,261,2002,88
633,261,2003,73
634,261,2004,84
635,261,2005,98
636,261,2006,113
637,263,1994,200
638,263,1995,146
639,263,1996,115
640,263,1997,112
641,263,1998,145
642,263,1999,138
643,263,2000,144
644,263,2001,135
645,263,2002,131
646,263,2003,129
647,263,2004,140
648,263,2005,153
649,263,2006,161
650,265,1994,2153
651,265,1995,1882
652,265,1996,1887
653,265,1997,1807
654,265,1998,1738
655,265,1999,1683
656,265,2000,1833
657,265,2001,1793
658,265,2002,1633
659,265,2003,1660
660,265,2004,1437
661,265,2005,1291
662,265,2006,1312
736,265,2007,1855
737,265,2008,1868
738,265,2009,2356
739,265,2010,2562
740,265,2011,2630
741,265,2012,2609
742,265,2013,3025
743,265,2014,3093
744,265,2015,3151
745,265,2016,3174
746,265,2017,2766
747,265,2018,2274
748,265,2019,2142
749,265,2020,2054
750,265,2021,1774
751,265,2022,1805
663,267,1994,398
664,267,1995,339
665,267,1996,284
666,267,1997,243
667,267,1998,265
668,267,1999,232
669,267,2000,220
670,267,2001,231
671,267,2002,198
672,267,2003,238
673,267,2004,214
674,267,2005,270
675,267,2006,273
676,269,1994,579
677,269,1995,435
678,269,1996,451
679,269,1997,389
680,269,1998,345
681,269,1999,328
682,269,2000,338
683,269,2001,359
684,269,2002,392
685,269,2003,379
686,269,2004,369
687,269,2005,436
688,269,2006,449
752,269,2007,394
753,269,2008,378
754,269,2009,433
755,269,2010,472
756,269,2011,436
757,269,2012,486
758,269,2013,576
759,269,2014,631
760,269,2015,635
761,269,2016,536
762,269,2017,454
763,269,2018,391
764,269,2019,321
765,269,2020,304
766,269,2021,276
767,269,2022,288
768,270,2007,677
769,270,2008,732
770,270,2009,960
771,270,2010,1124
772,270,2011,1137
773,270,2012,1217
774,270,2013,1414
775,270,2014,1482
776,270,2015,1529
777,270,2016,1416
778,270,2017,1228
779,270,2018,1012
780,270,2019,858
781,270,2020,802
782,270,2021,658
783,270,2022,681
689,271,1994,170
690,271,1995,149
691,271,1996,145
692,271,1997,166
693,271,1998,148
694,271,1999,181
695,271,2000,158
696,271,2001,155
697,271,2002,147
698,271,2003,194
699,271,2004,164
700,271,2005,198
701,271,2006,193
702,300,1994,10759
703,300,1995,9859
704,300,1996,9832
705,300,1997,9601
706,300,1998,10208
707,300,1999,10307
708,300,2000,10448
709,300,2001,10225
710,300,2002,9934
711,300,2003,10520
712,300,2004,9896
713,300,2005,9700
714,300,2006,9539
715,301,1994,259
716,301,1995,225
717,301,1996,237
718,301,1997,211
719,301,1998,243
720,301,1999,300
721,301,2000,290
722,301,2001,293
723,301,2002,243
724,301,2003,231
725,301,2004,253
726,301,2005,253
727,301,2006,264
728,303,1994,263
729,303,1995,263
730,303,1996,251
731,303,1997,258
732,303,1998,254
733,303,1999,248
734,303,2000,214
735,303,2001,213
736,303,2002,197
737,303,2003,196
738,303,2004,213
739,303,2005,209
740,303,2006,186
741,305,1994,558
742,305,1995,494
743,305,1996,555
744,305,1997,513
745,305,1998,486
746,305,1999,482
747,305,2000,529
748,305,2001,480
749,305,2002,460
750,305,2003,541
751,305,2004,466
752,305,2005,413
753,305,2006,341
784,306,2007,1019
785,306,2008,1094
786,306,2009,1288
787,306,2010,1364
788,306,2011,1411
789,306,2012,1510
790,306,2013,1654
791,306,2014,1703
792,306,2015,1777
793,306,2016,1622
794,306,2017,1459
795,306,2018,1266
796,306,2019,1175
797,306,2020,1036
798,306,2021,846
799,306,2022,801
754,307,1994,139
755,307,1995,160
756,307,1996,134
757,307,1997,129
758,307,1998,150
759,307,1999,155
760,307,2000,156
761,307,2001,141
762,307,2002,151
763,307,2003,159
764,307,2004,170
765,307,2005,184
766,307,2006,181
767,309,1994,199
768,309,1995,155
769,309,1996,168
770,309,1997,165
771,309,1998,184
772,309,1999,196
773,309,2000,197
774,309,2001,191
775,309,2002,189
776,309,2003,186
777,309,2004,204
778,309,2005,228
779,309,2006,193
780,311,1994,158
781,311,1995,138
782,311,1996,130
783,311,1997,179
784,311,1998,145
785,311,1999,133
786,311,2000,139
787,311,2001,144
788,311,2002,124
789,311,2003,116
790,311,2004,133
791,311,2005,109
792,311,2006,107
793,313,1994,503
794,313,1995,427
795,313,1996,433
796,313,1997,446
797,313,1998,402
798,313,1999,407
799,313,2000,391
800,313,2001,401
801,313,2002,392
802,313,2003,408
803,313,2004,438
804,313,2005,428
805,313,2006,454
806,315,1994,1735
807,315,1995,1632
808,315,1996,1487
809,315,1997,1434
810,315,1998,1412
811,315,1999,1415
812,315,2000,1423
813,315,2001,1366
814,315,2002,1386
815,315,2003,1255
816,315,2004,1195
817,315,2005,1074
818,315,2006,1104
800,316,2007,2205
801,316,2008,2116
802,316,2009,2506
803,316,2010,2671
804,316,2011,2733
805,316,2012,2829
806,316,2013,2992
807,316,2014,3091
808,316,2015,3296
809,316,2016,3150
810,316,2017,2764
811,316,2018,2495
812,316,2019,2251
813,316,2020,2083
814,316,2021,1770
815,316,2022,1621
819,317,1994,143
820,317,1995,135
821,317,1996,121
822,317,1997,112
823,317,1998,143
824,317,1999,161
825,317,2000,146
826,317,2001,147
827,317,2002,141
828,317,2003,165
829,317,2004,101
830,317,2005,129
831,317,2006,142
832,319,1994,269
833,319,1995,234
834,319,1996,221
835,319,1997,186
836,319,1998,190
837,319,1999,223
838,319,2000,240
839,319,2001,234
840,319,2002,213
841,319,2003,228
842,319,2004,213
843,319,2005,217
844,319,2006,213
816,320,2007,987
817,320,2008,1044
818,320,2009,1173
819,320,2010,1308
820,320,2011,1341
821,320,2012,1473
822,320,2013,1689
823,320,2014,1721
824,320,2015,1706
825,320,2016,1597
826,320,2017,1482
827,320,2018,1283
828,320,2019,1118
829,320,2020,1001
830,320,2021,897
831,320,2022,859
845,321,1994,171
846,321,1995,142
847,321,1996,156
848,321,1997,147
849,321,1998,142
850,321,1999,150
851,321,2000,114
852,321,2001,97
853,321,2002,99
854,321,2003,116
855,321,2004,113
856,321,2005,108
857,321,2006,129
858,323,1994,530
859,323,1995,447
860,323,1996,522
861,323,1997,539
862,323,1998,628
863,323,1999,611
864,323,2000,700
865,323,2001,681
866,323,2002,671
867,323,2003,652
868,323,2004,666
869,323,2005,680
870,323,2006,685
871,325,1994,658
872,325,1995,570
873,325,1996,584
874,325,1997,642
875,325,1998,664
876,325,1999,647
877,325,2000,790
878,325,2001,842
879,325,2002,868
880,325,2003,936
881,325,2004,813
882,325,2005,757
883,325,2006,774
832,326,2007,1656
833,326,2008,1702
834,326,2009,1803
835,326,2010,1945
836,326,2011,2080
837,326,2012,2211
838,326,2013,2549
839,326,2014,2585
840,326,2015,2623
841,326,2016,2438
842,326,2017,2156
843,326,2018,1869
844,326,2019,1671
845,326,2020,1654
846,326,2021,1479
847,326,2022,1443
884,327,1994,222
885,327,1995,227
886,327,1996,246
887,327,1997,251
888,327,1998,254
889,327,1999,240
890,327,2000,255
891,327,2001,263
892,327,2002,263
893,327,2003,258
894,327,2004,232
895,327,2005,214
896,327,2006,195
897,329,1994,1185
898,329,1995,1181
899,329,1996,1068
900,329,1997,1095
901,329,1998,1030
902,329,1999,1005
903,329,2000,982
904,329,2001,993
905,329,2002,1051
906,329,2003,1104
907,329,2004,1085
908,329,2005,1071
909,329,2006,1035
848,329,2007,1087
849,329,2008,1064
850,329,2009,1170
851,329,2010,1291
852,329,2011,1334
853,329,2012,1407
854,329,2013,1609
855,329,2014,1531
856,329,2015,1433
857,329,2016,1421
858,329,2017,1320
859,329,2018,1146
860,329,2019,1031
861,329,2020,983
862,329,2021,854
863,329,2022,865
864,330,2007,3160
865,330,2008,3207
866,330,2009,3688
867,330,2010,3842
868,330,2011,3897
869,330,2012,4097
870,330,2013,4605
871,330,2014,4691
872,330,2015,4843
873,330,2016,4575
874,330,2017,4117
875,330,2018,3570
876,330,2019,3376
877,330,2020,3311
878,330,2021,2887
879,330,2022,2644
910,331,1994,408
911,331,1995,287
912,331,1996,293
913,331,1997,299
914,331,1998,339
915,331,1999,422
916,331,2000,399
917,331,2001,389
918,331,2002,372
919,331,2003,396
920,331,2004,403
921,331,2005,415
922,331,2006,426
923,333,1994,1632
924,333,1995,1582
925,333,1996,1595
926,333,1997,1316
927,333,1998,1863
928,333,1999,1868
929,333,2000,1776
930,333,2001,1704
931,333,2002,1486
932,333,2003,1789
933,333,2004,1503
934,333,2005,1495
935,333,2006,1407
936,335,1994,468
937,335,1995,438
938,335,1996,398
939,335,1997,386
940,335,1998,375
941,335,1999,359
942,335,2000,352
943,335,2001,349
944,335,2002,377
945,335,2003,440
946,335,2004,416
947,335,2005,413
948,335,2006,378
880,336,2007,507
881,336,2008,511
882,336,2009,615
883,336,2010,709
884,336,2011,711
885,336,2012,772
886,336,2013,876
887,336,2014,949
888,336,2015,1006
889,336,2016,982
890,336,2017,886
891,336,2018,734
892,336,2019,616
893,336,2020,582
894,336,2021,486
895,336,2022,473
949,337,1994,146
950,337,1995,124
951,337,1996,115
952,337,1997,104
953,337,1998,125
954,337,1999,142
955,337,2000,148
956,337,2001,140
957,337,2002,137
958,337,2003,157
959,337,2004,142
960,337,2005,142
961,337,2006,140
962,339,1994,159
963,339,1995,176
964,339,1996,193
965,339,1997,234
966,339,1998,190
967,339,1999,201
968,339,2000,184
969,339,2001,193
970,339,2002,170
971,339,2003,177
972,339,2004,177
973,339,2005,216
974,339,2006,214
896,340,2007,717
897,340,2008,761
898,340,2009,907
899,340,2010,997
900,340,2011,1066
901,340,2012,1119
902,340,2013,1262
903,340,2014,1276
904,340,2015,1273
905,340,2016,1165
906,340,2017,1033
907,340,2018,905
908,340,2019,835
909,340,2020,808
910,340,2021,671
911,340,2022,646
975,341,1994,372
976,341,1995,373
977,341,1996,409
978,341,1997,369
979,341,1998,373
980,341,1999,406
981,341,2000,384
982,341,2001,348
983,341,2002,348
984,341,2003,339
985,341,2004,291
986,341,2005,306
987,341,2006,289
988,343,1994,333
989,343,1995,284
990,343,1996,258
991,343,1997,305
992,343,1998,315
993,343,1999,369
994,343,2000,385
995,343,2001,339
996,343,2002,333
997,343,2003,370
998,343,2004,393
999,343,2005,380
1000,343,2006,404
1001,345,1994,336
1002,345,1995,276
1003,345,1996,278
1004,345,1997,258
1005,345,1998,248
1006,345,1999,291
1007,345,2000,255
1008,345,2001,250
1009,345,2002,263
1010,345,2003,301
1011,345,2004,275
1012,345,2005,260
1013,345,2006,278
1014,350,1994,9308
1015,350,1995,9157
1016,350,1996,9276
1017,350,1997,9590
1018,350,1998,10112
1019,350,1999,10310
1020,350,2000,10321
1021,350,2001,10348
1022,350,2002,10224
1023,350,2003,10253
1024,350,2004,9838
1025,350,2005,9406
1026,350,2006,8741
912,350,2007,443
913,350,2008,429
914,350,2009,489
915,350,2010,582
916,350,2011,636
917,350,2012,677
918,350,2013,711
919,350,2014,772
920,350,2015,799
921,350,2016,698
922,350,2017,584
923,350,2018,465
924,350,2019,392
925,350,2020,329
926,350,2021,310
927,350,2022,356
1027,351,1994,477
1028,351,1995,430
1029,351,1996,403
1030,351,1997,378
1031,351,1998,369
1032,351,1999,464
1033,351,2000,413
1034,351,2001,421
1035,351,2002,405
1036,351,2003,367
1037,351,2004,376
1038,351,2005,345
1039,351,2006,331
1040,353,1994,219
1041,353,1995,228
1042,353,1996,187
1043,353,1997,193
1044,353,1998,167
1045,353,1999,200
1046,353,2000,181
1047,353,2001,186
1048,353,2002,202
1049,353,2003,223
1050,353,2004,209
1051,353,2005,179
1052,353,2006,166
1053,355,1994,80
1054,355,1995,129
1055,355,1996,109
1056,355,1997,140
1057,355,1998,144
1058,355,1999,157
1059,355,2000,161
1060,355,2001,180
1061,355,2002,201
1062,355,2003,200
1063,355,2004,214
1064,355,2005,198
1065,355,2006,183
1066,357,1994,153
1067,357,1995,169
1068,357,1996,256
1069,357,1997,232
1070,357,1998,229
1071,357,1999,248
1072,357,2000,185
1073,357,2001,150
1074,357,2002,160
1075,357,2003,176
1076,357,2004,185
1077,357,2005,171
1078,357,2006,169
1079,359,1994,148
1080,359,1995,136
1081,359,1996,119
1082,359,1997,127
1083,359,1998,149
1084,359,1999,182
1085,359,2000,196
1086,359,2001,208
1087,359,2002,213
1088,359,2003,189
1089,359,2004,168
1090,359,2005,161
1091,359,2006,146
928,360,2007,2516
929,360,2008,2333
930,360,2009,2288
931,360,2010,2385
932,360,2011,2437
933,360,2012,2430
934,360,2013,2680
935,360,2014,2659
936,360,2015,2740
937,360,2016,2815
938,360,2017,2672
939,360,2018,2452
940,360,2019,2317
941,360,2020,2180
942,360,2021,1866
943,360,2022,1736
1092,361,1994,167
1093,361,1995,150
1094,361,1996,150
1095,361,1997,144
1096,361,1998,140
1097,361,1999,152
1098,361,2000,167
1099,361,2001,153
1100,361,2002,127
1101,361,2003,159
1102,361,2004,169
1103,361,2005,145
1104,361,2006,144
1105,363,1994,299
1106,363,1995,275
1107,363,1996,289
1108,363,1997,436
1109,363,1998,439
1110,363,1999,469
1111,363,2000,452
1112,363,2001,483
1113,363,2002,479
1114,363,2003,474
1115,363,2004,460
1116,363,2005,457
1117,363,2006,405
1118,365,1994,404
1119,365,1995,378
1120,365,1996,363
1121,365,1997,359
1122,365,1998,390
1123,365,1999,408
1124,365,2000,370
1125,365,2001,388
1126,365,2002,389
1127,365,2003,398
1128,365,2004,505
1129,365,2005,498
1130,365,2006,412
1131,367,1994,669
1132,367,1995,731
1133,367,1996,890
1134,367,1997,1005
1135,367,1998,1069
1136,367,1999,1034
1137,367,2000,1209
1138,367,2001,1197
1139,367,2002,1010
1140,367,2003,1024
1141,367,2004,933
1142,367,2005,857
1143,367,2006,804
1144,369,1994,943
1145,369,1995,951
1146,369,1996,979
1147,369,1997,996
1148,369,1998,1113
1149,369,1999,1169
1150,369,2000,1138
1151,369,2001,1140
1152,369,2002,1211
1153,369,2003,1057
1154,369,2004,983
1155,369,2005,919
1156,369,2006,848
944,370,2007,2420
945,370,2008,2418
946,370,2009,2678
947,370,2010,2883
948,370,2011,3132
949,370,2012,3302
950,370,2013,3605
951,370,2014,3746
952,370,2015,3782
953,370,2016,3580
954,370,2017,3313
955,370,2018,3036
956,370,2019,2816
957,370,2020,2691
958,370,2021,2429
959,370,2022,2392
1157,371,1994,149
1158,371,1995,162
1159,371,1996,166
1160,371,1997,210
1161,371,1998,235
1162,371,1999,229
1163,371,2000,186
1164,371,2001,183
1165,371,2002,176
1166,371,2003,181
1167,371,2004,183
1168,371,2005,156
1169,371,2006,158
1170,373,1994,2133
1171,373,1995,1991
1172,373,1996,1972
1173,373,1997,2010
1174,373,1998,2093
1175,373,1999,2067
1176,373,2000,2037
1177,373,2001,2083
1178,373,2002,2080
1179,373,2003,2063
1180,373,2004,1927
1181,373,2005,1766
1182,373,2006,1603
1183,375,1994,326
1184,375,1995,294
1185,375,1996,371
1186,375,1997,317
1187,375,1998,287
1188,375,1999,271
1189,375,2000,272
1190,375,2001,278
1191,375,2002,238
1192,375,2003,236
1193,375,2004,233
1194,375,2005,272
1195,375,2006,282
960,376,2007,2173
961,376,2008,2160
962,376,2009,2468
963,376,2010,2544
964,376,2011,2640
965,376,2012,2713
966,376,2013,3067
967,376,2014,3325
968,376,2015,3523
969,376,2016,3421
970,376,2017,3290
971,376,2018,2925
972,376,2019,2741
973,376,2020,2565
974,376,2021,2252
975,376,2022,2079
1196,377,1994,153
1197,377,1995,197
1198,377,1996,221
1199,377,1997,239
1200,377,1998,243
1201,377,1999,224
1202,377,2000,211
1203,377,2001,204
1204,377,2002,230
1205,377,2003,235
1206,377,2004,212
1207,377,2005,221
1208,377,2006,209
1209,379,1994,266
1210,379,1995,235
1211,379,1996,240
1212,379,1997,237
1213,379,1998,259
1214,379,1999,273
1215,379,2000,269
1216,379,2001,259
1217,379,2002,253
1218,379,2003,243
1219,379,2004,183
1220,379,2005,204
1221,379,2006,180
1222,381,1994,134
1223,381,1995,128
1224,381,1996,108
1225,381,1997,116
1226,381,1998,128
1227,381,1999,152
1228,381,2000,145
1229,381,2001,153
1230,381,2002,116
1231,381,2003,118
1232,381,2004,118
1233,381,2005,100
1234,381,2006,103
1235,383,1994,327
1236,383,1995,351
1237,383,1996,315
1238,383,1997,326
1239,383,1998,439
1240,383,1999,455
1241,383,2000,491
1242,383,2001,466
1243,383,2002,481
1244,383,2003,544
1245,383,2004,543
1246,383,2005,485
1247,383,2006,504
1248,385,1994,174
1249,385,1995,134
1250,385,1996,136
1251,385,1997,146
1252,385,1998,154
1253,385,1999,186
1254,385,2000,209
1255,385,2001,184
1256,385,2002,189
1257,385,2003,201
1258,385,2004,195
1259,385,2005,193
1260,385,2006,191
1261,387,1994,314
1262,387,1995,286
1263,387,1996,276
1264,387,1997,275
1265,387,1998,281
1266,387,1999,317
1267,387,2000,325
1268,387,2001,311
1269,387,2002,316
1270,387,2003,294
1271,387,2004,250
1272,387,2005,300
1273,387,2006,305
1274,389,1994,277
1275,389,1995,397
1276,389,1996,361
1277,389,1997,344
1278,389,1998,342
1279,389,1999,331
1280,389,2000,299
1281,389,2001,317
1282,389,2002,337
1283,389,2003,360
1284,389,2004,327
1285,389,2005,338
1286,389,2006,304
976,390,2007,1574
977,390,2008,1656
978,390,2009,1750
979,390,2010,1757
980,390,2011,1741
981,390,2012,1765
982,390,2013,2023
983,390,2014,2142
984,390,2015,2325
985,390,2016,2341
986,390,2017,2108
987,390,2018,1939
988,390,2019,1749
989,390,2020,1614
990,390,2021,1403
991,390,2022,1382
1287,391,1994,248
1288,391,1995,238
1289,391,1996,262
1290,391,1997,213
1291,391,1998,268
1292,391,1999,242
1293,391,2000,275
1294,391,2001,267
1295,391,2002,280
1296,391,2003,284
1297,391,2004,266
1298,391,2005,264
1299,391,2006,258
1300,393,1994,251
1301,393,1995,242
1302,393,1996,201
1303,393,1997,203
1304,393,1998,201
1305,393,1999,190
1306,393,2000,187
1307,393,2001,211
1308,393,2002,187
1309,393,2003,201
1310,393,2004,216
1311,393,2005,224
1312,393,2006,204
1313,395,1994,170
1314,395,1995,183
1315,395,1996,183
1316,395,1997,143
1317,395,1998,201
1318,395,1999,212
1319,395,2000,200
1320,395,2001,186
1321,395,2002,166
1322,395,2003,175
1323,395,2004,186
1324,395,2005,164
1325,395,2006,140
1326,397,1994,904
1327,397,1995,838
1328,397,1996,700
1329,397,1997,848
1330,397,1998,801
1331,397,1999,780
1332,397,2000,763
1333,397,2001,781
1334,397,2002,777
1335,397,2003,850
1336,397,2004,796
1337,397,2005,788
1338,397,2006,693
1339,400,1994,1304
1340,400,1995,1293
1341,400,1996,1274
1342,400,1997,1257
1343,400,1998,1477
1344,400,1999,1553
1345,400,2000,1535
1346,400,2001,1483
1347,400,2002,1481
1348,400,2003,1466
1349,400,2004,1329
1350,400,2005,1422
1351,400,2006,1391
992,400,2007,1539
993,400,2008,1533
994,400,2009,1545
995,400,2010,1625
996,400,2011,1659
997,400,2012,1626
998,400,2013,1708
999,400,2014,1768
1000,400,2015,1848
1001,400,2016,1684
1002,400,2017,1441
1003,400,2018,1173
1004,400,2019,953
1005,400,2020,866
1006,400,2021,758
1007,400,2022,769
1352,401,1994,248
1353,401,1995,217
1354,401,1996,222
1355,401,1997,196
1356,401,1998,215
1357,401,1999,246
1358,401,2000,247
1359,401,2001,248
1360,401,2002,243
1361,401,2003,0
1362,401,2004,0
1363,401,2005,0
1364,401,2006,0
1365,403,1994,124
1366,403,1995,159
1367,403,1996,160
1368,403,1997,152
1369,403,1998,159
1370,403,1999,194
1371,403,2000,189
1372,403,2001,194
1373,403,2002,184
1374,403,2003,0
1375,403,2004,0
1376,403,2005,0
1377,403,2006,0
1378,405,1994,231
1379,405,1995,243
1380,405,1996,241
1381,405,1997,244
1382,405,1998,294
1383,405,1999,278
1384,405,2000,281
1385,405,2001,262
1386,405,2002,273
1387,405,2003,0
1388,405,2004,0
1389,405,2005,0
1390,405,2006,0
1391,407,1994,540
1392,407,1995,530
1393,407,1996,550
1394,407,1997,507
1395,407,1998,620
1396,407,1999,675
1397,407,2000,624
1398,407,2001,595
1399,407,2002,559
1400,407,2003,0
1401,407,2004,0
1402,407,2005,0
1403,407,2006,0
1404,409,1994,185
1405,409,1995,154
1406,409,1996,146
1407,409,1997,176
1408,409,1998,222
1409,409,1999,200
1410,409,2000,232
1411,409,2001,216
1412,409,2002,221
1413,409,2003,0
1414,409,2004,0
1415,409,2005,0
1416,409,2006,0
1008,410,2007,842
1009,410,2008,827
1010,410,2009,932
1011,410,2010,945
1012,410,2011,925
1013,410,2012,1060
1014,410,2013,1201
1015,410,2014,1224
1016,410,2015,1259
1017,410,2016,1235
1018,410,2017,1033
1019,410,2018,879
1020,410,2019,814
1021,410,2020,814
1022,410,2021,758
1023,410,2022,691
1417,411,1994,0
1418,411,1995,0
1419,411,1996,0
1420,411,1997,0
1421,411,1998,0
1422,411,1999,0
1423,411,2000,0
1424,411,2001,0
1425,411,2002,0
1426,411,2003,0
1427,411,2004,0
1428,411,2005,0
1429,411,2006,0
1430,420,1994,18749
1431,420,1995,17632
1432,420,1996,17340
1433,420,1997,17632
1434,420,1998,17916
1435,420,1999,18296
1436,420,2000,17481
1437,420,2001,17269
1438,420,2002,16152
1439,420,2003,15589
1440,420,2004,13183
1441,420,2005,11935
1442,420,2006,10693
1024,420,2007,1265
1025,420,2008,1147
1026,420,2009,1342
1027,420,2010,1312
1028,420,2011,1389
1029,420,2012,1463
1030,420,2013,1738
1031,420,2014,1759
1032,420,2015,1876
1033,420,2016,1790
1034,420,2017,1609
1035,420,2018,1413
1036,420,2019,1311
1037,420,2020,1272
1038,420,2021,1155
1039,420,2022,1127
1443,421,1994,426
1444,421,1995,415
1445,421,1996,411
1446,421,1997,414
1447,421,1998,444
1448,421,1999,419
1449,421,2000,444
1450,421,2001,425
1451,421,2002,420
1452,421,2003,426
1453,421,2004,345
1454,421,2005,394
1455,421,2006,388
1456,423,1994,267
1457,423,1995,212
1458,423,1996,186
1459,423,1997,237
1460,423,1998,192
1461,423,1999,210
1462,423,2000,212
1463,423,2001,189
1464,423,2002,177
1465,423,2003,185
1466,423,2004,201
1467,423,2005,186
1468,423,2006,198
1469,425,1994,173
1470,425,1995,166
1471,425,1996,147
1472,425,1997,139
1473,425,1998,139
1474,425,1999,139
1475,425,2000,139
1476,425,2001,138
1477,425,2002,108
1478,425,2003,113
1479,425,2004,128
1480,425,2005,113
1481,425,2006,121
1482,427,1994,236
1483,427,1995,229
1484,427,1996,283
1485,427,1997,253
1486,427,1998,232
1487,427,1999,211
1488,427,2000,234
1489,427,2001,235
1490,427,2002,242
1491,427,2003,260
1492,427,2004,248
1493,427,2005,170
1494,427,2006,179
1495,429,1994,312
1496,429,1995,314
1497,429,1996,325
1498,429,1997,261
1499,429,1998,305
1500,429,1999,297
1501,429,2000,273
1502,429,2001,286
1503,429,2002,299
1504,429,2003,313
1505,429,2004,261
1506,429,2005,259
1507,429,2006,240
1040,430,2007,1380
1041,430,2008,1454
1042,430,2009,1546
1043,430,2010,1542
1044,430,2011,1447
1045,430,2012,1500
1046,430,2013,1807
1047,430,2014,1918
1048,430,2015,1976
1049,430,2016,1882
1050,430,2017,1684
1051,430,2018,1516
1052,430,2019,1424
1053,430,2020,1381
1054,430,2021,1245
1055,430,2022,1195
1508,431,1994,500
1509,431,1995,529
1510,431,1996,545
1511,431,1997,540
1512,431,1998,589
1513,431,1999,609
1514,431,2000,495
1515,431,2001,472
1516,431,2002,410
1517,431,2003,381
1518,431,2004,355
1519,431,2005,400
1520,431,2006,318
1521,433,1994,137
1522,433,1995,131
1523,433,1996,161
1524,433,1997,166
1525,433,1998,152
1526,433,1999,119
1527,433,2000,152
1528,433,2001,147
1529,433,2002,209
1530,433,2003,196
1531,433,2004,165
1532,433,2005,131
1533,433,2006,122
1534,435,1994,144
1535,435,1995,131
1536,435,1996,155
1537,435,1997,139
1538,435,1998,162
1539,435,1999,158
1540,435,2000,164
1541,435,2001,168
1542,435,2002,168
1543,435,2003,162
1544,435,2004,183
1545,435,2005,170
1546,435,2006,155
1547,437,1994,96
1548,437,1995,70
1549,437,1996,85
1550,437,1997,93
1551,437,1998,108
1552,437,1999,69
1553,437,2000,64
1554,437,2001,70
1555,437,2002,90
1556,437,2003,111
1557,437,2004,131
1558,437,2005,141
1559,437,2006,125
1560,439,1994,269
1561,439,1995,229
1562,439,1996,232
1563,439,1997,242
1564,439,1998,226
1565,439,1999,248
1566,439,2000,259
1567,439,2001,237
1568,439,2002,260
1569,439,2003,254
1570,439,2004,255
1571,439,2005,222
1572,439,2006,222
1056,440,2007,580
1057,440,2008,555
1058,440,2009,640
1059,440,2010,775
1060,440,2011,807
1061,440,2012,909
1062,440,2013,1073
1063,440,2014,1079
1064,440,2015,1091
1065,440,2016,983
1066,440,2017,796
1067,440,2018,723
1068,440,2019,637
1069,440,2020,603
1070,440,2021,513
1071,440,2022,460
1573,441,1994,133
1574,441,1995,112
1575,441,1996,130
1576,441,1997,124
1577,441,1998,124
1578,441,1999,124
1579,441,2000,90
1580,441,2001,129
1581,441,2002,123
1582,441,2003,127
1583,441,2004,116
1584,441,2005,130
1585,441,2006,123
1586,443,1994,111
1587,443,1995,93
1588,443,1996,95
1589,443,1997,105
1590,443,1998,88
1591,443,1999,70
1592,443,2000,87
1593,443,2001,85
1594,443,2002,74
1595,443,2003,59
1596,443,2004,58
1597,443,2005,54
1598,443,2006,0
1599,445,1994,576
1600,445,1995,515
1601,445,1996,542
1602,445,1997,449
1603,445,1998,543
1604,445,1999,540
1605,445,2000,480
1606,445,2001,517
1607,445,2002,497
1608,445,2003,525
1609,445,2004,519
1610,445,2005,505
1611,445,2006,454
1612,447,1994,306
1613,447,1995,309
1614,447,1996,264
1615,447,1997,290
1616,447,1998,307
1617,447,1999,242
1618,447,2000,267
1619,447,2001,228
1620,447,2002,190
1621,447,2003,230
1622,447,2004,208
1623,447,2005,186
1624,447,2006,177
1625,449,1994,817
1626,449,1995,603
1627,449,1996,724
1628,449,1997,972
1629,449,1998,1010
1630,449,1999,1053
1631,449,2000,955
1632,449,2001,878
1633,449,2002,716
1634,449,2003,822
1635,449,2004,644
1636,449,2005,565
1637,449,2006,502
1072,450,2007,828
1073,450,2008,868
1074,450,2009,894
1075,450,2010,889
1076,450,2011,1022
1077,450,2012,1058
1078,450,2013,1230
1079,450,2014,1332
1080,450,2015,1408
1081,450,2016,1310
1082,450,2017,1133
1083,450,2018,1006
1084,450,2019,930
1085,450,2020,901
1086,450,2021,785
1087,450,2022,777
1638,451,1994,60
1639,451,1995,64
1640,451,1996,104
1641,451,1997,99
1642,451,1998,111
1643,451,1999,119
1644,451,2000,108
1645,451,2001,94
1646,451,2002,73
1647,451,2003,78
1648,451,2004,80
1649,451,2005,84
1650,451,2006,84
1651,461,1994,9853
1652,461,1995,9557
1653,461,1996,9063
1654,461,1997,9248
1655,461,1998,9211
1656,461,1999,9671
1657,461,2000,8977
1658,461,2001,8895
1659,461,2002,8007
1660,461,2003,7427
1661,461,2004,5787
1662,461,2005,4835
1663,461,2006,4135
1088,461,2007,8942
1089,461,2008,8436
1090,461,2009,8659
1091,461,2010,8589
1092,461,2011,8974
1093,461,2012,9391
1094,461,2013,10914
1095,461,2014,11342
1096,461,2015,11617
1097,461,2016,10818
1098,461,2017,9909
1099,461,2018,9020
1100,461,2019,8450
1101,461,2020,8210
1102,461,2021,7085
1103,461,2022,6682
1664,471,1994,301
1665,471,1995,306
1666,471,1996,250
1667,471,1997,345
1668,471,1998,330
1669,471,1999,319
1670,471,2000,303
1671,471,2001,310
1672,471,2002,313
1673,471,2003,294
1674,471,2004,293
1675,471,2005,300
1676,471,2006,276
1677,473,1994,333
1678,473,1995,343
1679,473,1996,296
1680,473,1997,253
1681,473,1998,250
1682,473,1999,274
1683,473,2000,290
1684,473,2001,294
1685,473,2002,270
1686,473,2003,320
1687,473,2004,303
1688,473,2005,314
1689,473,2006,267
1690,475,1994,175
1691,475,1995,167
1692,475,1996,161
1693,475,1997,189
1694,475,1998,246
1695,475,1999,256
1696,475,2000,251
1697,475,2001,268
1698,475,2002,274
1699,475,2003,256
1700,475,2004,285
1701,475,2005,306
1702,475,2006,248
1703,477,1994,210
1704,477,1995,190
1705,477,1996,192
1706,477,1997,181
1707,477,1998,193
1708,477,1999,231
1709,477,2000,218
1710,477,2001,214
1711,477,2002,284
1712,477,2003,229
1713,477,2004,182
1714,477,2005,164
1715,477,2006,175
1716,479,1994,1760
1717,479,1995,1712
1718,479,1996,1650
1719,479,1997,1673
1720,479,1998,1670
1721,479,1999,1749
1722,479,2000,1786
1723,479,2001,1695
1724,479,2002,1511
1725,479,2003,1404
1726,479,2004,1087
1727,479,2005,896
1728,479,2006,773
1104,479,2007,1922
1105,479,2008,1947
1106,479,2009,1896
1107,479,2010,1959
1108,479,2011,2123
1109,479,2012,2332
1110,479,2013,2647
1111,479,2014,2773
1112,479,2015,2888
1113,479,2016,2789
1114,479,2017,2479
1115,479,2018,2068
1116,479,2019,1872
1117,479,2020,1928
1118,479,2021,1810
1119,479,2022,1779
1120,480,2007,758
1121,480,2008,774
1122,480,2009,869
1123,480,2010,896
1124,480,2011,956
1125,480,2012,1063
1126,480,2013,1334
1127,480,2014,1338
1128,480,2015,1354
1129,480,2016,1272
1130,480,2017,1070
1131,480,2018,942
1132,480,2019,879
1133,480,2020,827
1134,480,2021,728
1135,480,2022,708
1729,481,1994,48
1730,481,1995,56
1731,481,1996,201
1732,481,1997,71
1733,481,1998,75
1734,481,1999,91
1735,481,2000,103
1736,481,2001,91
1737,481,2002,104
1738,481,2003,89
1739,481,2004,93
1740,481,2005,101
1741,481,2006,90
1136,482,2007,415
1137,482,2008,406
1138,482,2009,428
1139,482,2010,413
1140,482,2011,426
1141,482,2012,468
1142,482,2013,543
1143,482,2014,553
1144,482,2015,576
1145,482,2016,567
1146,482,2017,533
1147,482,2018,487
1148,482,2019,477
1149,482,2020,420
1150,482,2021,377
1151,482,2022,360
1742,483,1994,477
1743,483,1995,366
1744,483,1996,383
1745,483,1997,323
1746,483,1998,335
1747,483,1999,284
1748,483,2000,267
1749,483,2001,329
1750,483,2002,326
1751,483,2003,322
1752,483,2004,293
1753,483,2005,267
1754,483,2006,265
1755,485,1994,207
1756,485,1995,148
1757,485,1996,150
1758,485,1997,134
1759,485,1998,191
1760,485,1999,123
1761,485,2000,120
1762,485,2001,135
1763,485,2002,154
1764,485,2003,137
1765,485,2004,151
1766,485,2005,133
1767,485,2006,123
1768,487,1994,55
1769,487,1995,74
1770,487,1996,80
1771,487,1997,78
1772,487,1998,75
1773,487,1999,80
1774,487,2000,78
1775,487,2001,70
1776,487,2002,72
1777,487,2003,86
1778,487,2004,91
1779,487,2005,114
1780,487,2006,96
1781,489,1994,70
1782,489,1995,110
1783,489,1996,87
1784,489,1997,115
1785,489,1998,103
1786,489,1999,103
1787,489,2000,100
1788,489,2001,92
1789,489,2002,94
1790,489,2003,89
1791,489,2004,78
1792,489,2005,83
1793,489,2006,70
1794,491,1994,200
1795,491,1995,191
1796,491,1996,164
1797,491,1997,155
1798,491,1998,181
1799,491,1999,198
1800,491,2000,184
1801,491,2001,170
1802,491,2002,175
1803,491,2003,168
1804,491,2004,135
1805,491,2005,161
1806,491,2006,160
1807,492,1994,0
1808,492,1995,0
1809,492,1996,0
1810,492,1997,0
1811,492,1998,0
1812,492,1999,0
1813,492,2000,0
1814,492,2001,0
1815,492,2002,0
1816,492,2003,0
1817,492,2004,0
1818,492,2005,0
1819,492,2006,115
1152,492,2007,140
1153,492,2008,133
1154,492,2009,138
1155,492,2010,145
1156,492,2011,166
1157,492,2012,146
1158,492,2013,194
1159,492,2014,190
1160,492,2015,193
1161,492,2016,186
1162,492,2017,186
1163,492,2018,159
1164,492,2019,155
1165,492,2020,131
1166,492,2021,127
1167,492,2022,101
1820,493,1994,59
1821,493,1995,34
1822,493,1996,54
1823,493,1997,63
1824,493,1998,49
1825,493,1999,56
1826,493,2000,58
1827,493,2001,58
1828,493,2002,58
1829,493,2003,62
1830,493,2004,60
1831,493,2005,63
1832,493,2006,0
1833,495,1994,204
1834,495,1995,163
1835,495,1996,169
1836,495,1997,188
1837,495,1998,177
1838,495,1999,179
1839,495,2000,192
1840,495,2001,171
1841,495,2002,182
1842,495,2003,170
1843,495,2004,174
1844,495,2005,174
1845,495,2006,185
1846,497,1994,239
1847,497,1995,210
1848,497,1996,208
1849,497,1997,211
1850,497,1998,177
1851,497,1999,189
1852,497,2000,201
1853,497,2001,163
1854,497,2002,166
1855,497,2003,192
1856,497,2004,182
1857,497,2005,215
1858,497,2006,213
1859,499,1994,143
1860,499,1995,127
1861,499,1996,130
1862,499,1997,111
1863,499,1998,129
1864,499,1999,113
1865,499,2000,123
1866,499,2001,111
1867,499,2002,108
1868,499,2003,103
1869,499,2004,94
1870,499,2005,97
1871,499,2006,93
1872,500,1994,6388
1873,500,1995,5981
1874,500,1996,6004
1875,500,1997,6255
1876,500,1998,6501
1877,500,1999,6541
1878,500,2000,6692
1879,500,2001,6701
1880,500,2002,6811
1881,500,2003,6781
1882,500,2004,6624
1883,500,2005,6567
1884,500,2006,6544
1885,501,1994,59
1886,501,1995,81
1887,501,1996,64
1888,501,1997,72
1889,501,1998,80
1890,501,1999,90
1891,501,2000,80
1892,501,2001,66
1893,501,2002,96
1894,501,2003,100
1895,501,2004,111
1896,501,2005,101
1897,501,2006,89
1898,503,1994,201
1899,503,1995,233
1900,503,1996,229
1901,503,1997,203
1902,503,1998,235
1903,503,1999,206
1904,503,2000,214
1905,503,2001,218
1906,503,2002,250
1907,503,2003,187
1908,503,2004,158
1909,503,2005,140
1910,503,2006,137
1911,505,1994,67
1912,505,1995,61
1913,505,1996,73
1914,505,1997,117
1915,505,1998,110
1916,505,1999,98
1917,505,2000,92
1918,505,2001,89
1919,505,2002,81
1920,505,2003,86
1921,505,2004,81
1922,505,2005,82
1923,505,2006,95
1924,507,1994,142
1925,507,1995,155
1926,507,1996,170
1927,507,1997,166
1928,507,1998,172
1929,507,1999,157
1930,507,2000,155
1931,507,2001,178
1932,507,2002,163
1933,507,2003,153
1934,507,2004,128
1935,507,2005,151
1936,507,2006,141
1937,509,1994,322
1938,509,1995,230
1939,509,1996,234
1940,509,1997,244
1941,509,1998,228
1942,509,1999,190
1943,509,2000,195
1944,509,2001,220
1945,509,2002,256
1946,509,2003,240
1947,509,2004,227
1948,509,2005,206
1949,509,2006,167
1168,510,2007,1869
1169,510,2008,1710
1170,510,2009,1995
1171,510,2010,2062
1172,510,2011,2076
1173,510,2012,2212
1174,510,2013,2598
1175,510,2014,2725
1176,510,2015,2779
1177,510,2016,2695
1178,510,2017,2471
1179,510,2018,2288
1180,510,2019,2060
1181,510,2020,1878
1182,510,2021,1676
1183,510,2022,1710
1950,511,1994,56
1951,511,1995,119
1952,511,1996,106
1953,511,1997,101
1954,511,1998,107
1955,511,1999,134
1956,511,2000,165
1957,511,2001,156
1958,511,2002,155
1959,511,2003,133
1960,511,2004,136
1961,511,2005,130
1962,511,2006,135
1963,513,1994,111
1964,513,1995,95
1965,513,1996,124
1966,513,1997,124
1967,513,1998,148
1968,513,1999,173
1969,513,2000,141
1970,513,2001,133
1971,513,2002,130
1972,513,2003,148
1973,513,2004,154
1974,513,2005,176
1975,513,2006,169
1976,515,1994,1242
1977,515,1995,1176
1978,515,1996,1103
1979,515,1997,1092
1980,515,1998,1108
1981,515,1999,1182
1982,515,2000,1239
1983,515,2001,1177
1984,515,2002,1216
1985,515,2003,1116
1986,515,2004,1003
1987,515,2005,940
1988,515,2006,1011
1989,517,1994,58
1990,517,1995,76
1991,517,1996,82
1992,517,1997,90
1993,517,1998,104
1994,517,1999,81
1995,517,2000,72
1996,517,2001,84
1997,517,2002,86
1998,517,2003,71
1999,517,2004,82
2000,517,2005,77
2001,517,2006,84
2002,519,1994,141
2003,519,1995,115
2004,519,1996,131
2005,519,1997,106
2006,519,1998,141
2007,519,1999,146
2008,519,2000,114
2009,519,2001,114
2010,519,2002,112
2011,519,2003,144
2012,519,2004,164
2013,519,2005,201
2014,519,2006,206
2015,521,1994,51
2016,521,1995,73
2017,521,1996,73
2018,521,1997,96
2019,521,1998,141
2020,521,1999,109
2021,521,2000,120
2022,521,2001,106
2023,521,2002,94
2024,521,2003,118
2025,521,2004,113
2026,521,2005,103
2027,521,2006,128
2028,523,1994,366
2029,523,1995,308
2030,523,1996,300
2031,523,1997,318
2032,523,1998,318
2033,523,1999,376
2034,523,2000,395
2035,523,2001,388
2036,523,2002,371
2037,523,2003,393
2038,523,2004,447
2039,523,2005,389
2040,523,2006,340
2041,525,1994,199
2042,525,1995,172
2043,525,1996,190
2044,525,1997,198
2045,525,1998,207
2046,525,1999,227
2047,525,2000,220
2048,525,2001,204
2049,525,2002,272
2050,525,2003,269
2051,525,2004,284
2052,525,2005,307
2053,525,2006,290
2054,527,1994,221
2055,527,1995,197
2056,527,1996,218
2057,527,1997,190
2058,527,1998,182
2059,527,1999,165
2060,527,2000,148
2061,527,2001,143
2062,527,2002,132
2063,527,2003,137
2064,527,2004,113
2065,527,2005,113
2066,527,2006,100
2067,529,1994,339
2068,529,1995,262
2069,529,1996,300
2070,529,1997,312
2071,529,1998,334
2072,529,1999,223
2073,529,2000,220
2074,529,2001,181
2075,529,2002,220
2076,529,2003,220
2077,529,2004,244
2078,529,2005,218
2079,529,2006,241
1184,530,2007,602
1185,530,2008,608
1186,530,2009,673
1187,530,2010,688
1188,530,2011,657
1189,530,2012,706
1190,530,2013,759
1191,530,2014,766
1192,530,2015,854
1193,530,2016,821
1194,530,2017,752
1195,530,2018,671
1196,530,2019,607
1197,530,2020,559
1198,530,2021,507
1199,530,2022,490
2080,531,1994,2
2081,531,1995,147
2082,531,1996,112
2083,531,1997,123
2084,531,1998,153
2085,531,1999,146
2086,531,2000,103
2087,531,2001,134
2088,531,2002,139
2089,531,2003,144
2090,531,2004,133
2091,531,2005,141
2092,531,2006,147
2093,533,1994,61
2094,533,1995,72
2095,533,1996,79
2096,533,1997,89
2097,533,1998,77
2098,533,1999,80
2099,533,2000,88
2100,533,2001,82
2101,533,2002,103
2102,533,2003,89
2103,533,2004,88
2104,533,2005,91
2105,533,2006,105
2106,535,1994,87
2107,535,1995,120
2108,535,1996,107
2109,535,1997,105
2110,535,1998,84
2111,535,1999,70
2112,535,2000,85
2113,535,2001,73
2114,535,2002,82
2115,535,2003,93
2116,535,2004,91
2117,535,2005,92
2118,535,2006,68
2119,537,1994,1305
2120,537,1995,1049
2121,537,1996,961
2122,537,1997,1044
2123,537,1998,1110
2124,537,1999,1169
2125,537,2000,1299
2126,537,2001,1242
2127,537,2002,1182
2128,537,2003,1211
2129,537,2004,1160
2130,537,2005,1116
2131,537,2006,1101
2132,539,1994,252
2133,539,1995,233
2134,539,1996,241
2135,539,1997,215
2136,539,1998,199
2137,539,1999,199
2138,539,2000,212
2139,539,2001,212
2140,539,2002,234
2141,539,2003,266
2142,539,2004,266
2143,539,2005,272
2144,539,2006,283
1200,540,2007,2277
1201,540,2008,2145
1202,540,2009,2470
1203,540,2010,2571
1204,540,2011,2711
1205,540,2012,2853
1206,540,2013,3296
1207,540,2014,3359
1208,540,2015,3269
1209,540,2016,3240
1210,540,2017,2925
1211,540,2018,2549
1212,540,2019,2427
1213,540,2020,2313
1214,540,2021,2003
1215,540,2022,1979
2145,541,1994,321
2146,541,1995,276
2147,541,1996,322
2148,541,1997,304
2149,541,1998,394
2150,541,1999,398
2151,541,2000,413
2152,541,2001,443
2153,541,2002,405
2154,541,2003,355
2155,541,2004,374
2156,541,2005,414
2157,541,2006,394
2158,543,1994,323
2159,543,1995,306
2160,543,1996,288
2161,543,1997,381
2162,543,1998,324
2163,543,1999,427
2164,543,2000,370
2165,543,2001,448
2166,543,2002,415
2167,543,2003,475
2168,543,2004,485
2169,543,2005,496
2170,543,2006,505
2171,545,1994,503
2172,545,1995,518
2173,545,1996,503
2174,545,1997,572
2175,545,1998,561
2176,545,1999,603
2177,545,2000,593
2178,545,2001,600
2179,545,2002,618
2180,545,2003,634
2181,545,2004,583
2182,545,2005,610
2183,545,2006,610
2184,550,1994,6541
2185,550,1995,6072
2186,550,1996,6087
2187,550,1997,6501
2188,550,1998,6870
2189,550,1999,7096
2190,550,2000,6934
2191,550,2001,7171
2192,550,2002,7303
2193,550,2003,7149
2194,550,2004,6376
2195,550,2005,6206
2196,550,2006,6145
1216,550,2007,1306
1217,550,2008,1312
1218,550,2009,1358
1219,550,2010,1385
1220,550,2011,1339
1221,550,2012,1396
1222,550,2013,1627
1223,550,2014,1616
1224,550,2015,1685
1225,550,2016,1619
1226,550,2017,1424
1227,550,2018,1229
1228,550,2019,1153
1229,550,2020,1137
1230,550,2021,994
1231,550,2022,879
2197,551,1994,177
2198,551,1995,196
2199,551,1996,138
2200,551,1997,142
2201,551,1998,129
2202,551,1999,217
2203,551,2000,172
2204,551,2001,185
2205,551,2002,169
2206,551,2003,195
2207,551,2004,191
2208,551,2005,189
2209,551,2006,195
2210,553,1994,91
2211,553,1995,86
2212,553,1996,137
2213,553,1997,84
2214,553,1998,83
2215,553,1999,99
2216,553,2000,79
2217,553,2001,102
2218,553,2002,97
2219,553,2003,95
2220,553,2004,93
2221,553,2005,93
2222,553,2006,90
2223,555,1994,86
2224,555,1995,48
2225,555,1996,42
2226,555,1997,51
2227,555,1998,47
2228,555,1999,42
2229,555,2000,55
2230,555,2001,156
2231,555,2002,63
2232,555,2003,97
2233,555,2004,88
2234,555,2005,89
2235,555,2006,102
2236,557,1994,340
2237,557,1995,344
2238,557,1996,303
2239,557,1997,349
2240,557,1998,371
2241,557,1999,352
2242,557,2000,277
2243,557,2001,262
2244,557,2002,268
2245,557,2003,296
2246,557,2004,308
2247,557,2005,281
2248,557,2006,334
2249,559,1994,123
2250,559,1995,69
2251,559,1996,108
2252,559,1997,150
2253,559,1998,125
2254,559,1999,122
2255,559,2000,102
2256,559,2001,107
2257,559,2002,108
2258,559,2003,142
2259,559,2004,129
2260,559,2005,137
2261,559,2006,114
2262,561,1994,3504
2263,561,1995,3176
2264,561,1996,3165
2265,561,1997,3514
2266,561,1998,3690
2267,561,1999,3647
2268,561,2000,3938
2269,561,2001,4075
2270,561,2002,4213
2271,561,2003,3904
2272,561,2004,3340
2273,561,2005,3154
2274,561,2006,3082
1232,561,2007,4620
1233,561,2008,4488
1234,561,2009,4757
1235,561,2010,4896
1236,561,2011,4959
1237,561,2012,5081
1238,561,2013,5355
1239,561,2014,5573
1240,561,2015,5551
1241,561,2016,5298
1242,561,2017,4929
1243,561,2018,4536
1244,561,2019,4130
1245,561,2020,3983
1246,561,2021,3494
1247,561,2022,3408
2275,563,1994,78
2276,563,1995,59
2277,563,1996,68
2278,563,1997,81
2279,563,1998,84
2280,563,1999,62
2281,563,2000,52
2282,563,2001,73
2283,563,2002,73
2284,563,2003,81
2285,563,2004,67
2286,563,2005,65
2287,563,2006,50
1248,563,2007,61
1249,563,2008,60
1250,563,2009,63
1251,563,2010,59
1252,563,2011,74
1253,563,2012,76
1254,563,2013,80
1255,563,2014,102
1256,563,2015,111
1257,563,2016,107
1258,563,2017,93
1259,563,2018,76
1260,563,2019,77
1261,563,2020,61
1262,563,2021,42
1263,563,2022,38
2288,565,1994,470
2289,565,1995,408
2290,565,1996,397
2291,565,1997,365
2292,565,1998,318
2293,565,1999,402
2294,565,2000,320
2295,565,2001,308
2296,565,2002,293
2297,565,2003,336
2298,565,2004,341
2299,565,2005,398
2300,565,2006,387
2301,567,1994,105
2302,567,1995,75
2303,567,1996,116
2304,567,1997,89
2305,567,1998,111
2306,567,1999,141
2307,567,2000,106
2308,567,2001,99
2309,567,2002,113
2310,567,2003,112
2311,567,2004,116
2312,567,2005,109
2313,567,2006,135
2314,569,1994,143
2315,569,1995,121
2316,569,1996,127
2317,569,1997,156
2318,569,1998,199
2319,569,1999,207
2320,569,2000,231
2321,569,2001,193
2322,569,2002,203
2323,569,2003,217
2324,569,2004,227
2325,569,2005,234
2326,569,2006,197
2327,571,1994,450
2328,571,1995,400
2329,571,1996,378
2330,571,1997,404
2331,571,1998,397
2332,571,1999,454
2333,571,2000,396
2334,571,2001,361
2335,571,2002,367
2336,571,2003,356
2337,571,2004,380
2338,571,2005,390
2339,571,2006,428
2340,573,1994,534
2341,573,1995,571
2342,573,1996,510
2343,573,1997,509
2344,573,1998,628
2345,573,1999,670
2346,573,2000,616
2347,573,2001,626
2348,573,2002,597
2349,573,2003,592
2350,573,2004,450
2351,573,2005,481
2352,573,2006,498
1264,573,2007,1103
1265,573,2008,1137
1266,573,2009,1339
1267,573,2010,1455
1268,573,2011,1533
1269,573,2012,1579
1270,573,2013,1691
1271,573,2014,1823
1272,573,2015,1947
1273,573,2016,1865
1274,573,2017,1621
1275,573,2018,1446
1276,573,2019,1306
1277,573,2020,1189
1278,573,2021,1012
1279,573,2022,1043
2353,575,1994,433
2354,575,1995,371
2355,575,1996,401
2356,575,1997,430
2357,575,1998,453
2358,575,1999,456
2359,575,2000,414
2360,575,2001,445
2361,575,2002,505
2362,575,2003,546
2363,575,2004,480
2364,575,2005,399
2365,575,2006,321
1280,575,2007,889
1281,575,2008,861
1282,575,2009,1107
1283,575,2010,1204
1284,575,2011,1205
1285,575,2012,1315
1286,575,2013,1552
1287,575,2014,1621
1288,575,2015,1686
1289,575,2016,1625
1290,575,2017,1454
1291,575,2018,1283
1292,575,2019,1197
1293,575,2020,1162
1294,575,2021,966
1295,575,2022,982
2366,577,1994,140
2367,577,1995,206
2368,577,1996,181
2369,577,1997,223
2370,577,1998,168
2371,577,1999,233
2372,577,2000,206
2373,577,2001,206
2374,577,2002,236
2375,577,2003,181
2376,577,2004,167
2377,577,2005,187
2378,577,2006,213
1296,580,2007,1590
1297,580,2008,1676
1298,580,2009,1938
1299,580,2010,2127
1300,580,2011,2000
1301,580,2012,2025
1302,580,2013,2354
1303,580,2014,2479
1304,580,2015,2496
1305,580,2016,2265
1306,580,2017,1958
1307,580,2018,1668
1308,580,2019,1506
1309,580,2020,1332
1310,580,2021,1103
1311,580,2022,1038
2379,600,1994,11916
2380,600,1995,11867
2381,600,1996,11914
2382,600,1997,11976
2383,600,1998,12359
2384,600,1999,12228
2385,600,2000,12256
2386,600,2001,11865
2387,600,2002,11917
2388,600,2003,11988
2389,600,2004,11192
2390,600,2005,10124
2391,600,2006,10695
2392,601,1994,167
2393,601,1995,193
2394,601,1996,217
2395,601,1997,209
2396,601,1998,244
2397,601,1999,247
2398,601,2000,229
2399,601,2001,202
2400,601,2002,190
2401,601,2003,185
2402,601,2004,135
2403,601,2005,131
2404,601,2006,156
2405,603,1994,301
2406,603,1995,246
2407,603,1996,262
2408,603,1997,242
2409,603,1998,241
2410,603,1999,257
2411,603,2000,241
2412,603,2001,245
2413,603,2002,217
2414,603,2003,202
2415,603,2004,177
2416,603,2005,201
2417,603,2006,201
2418,605,1994,315
2419,605,1995,272
2420,605,1996,297
2421,605,1997,325
2422,605,1998,288
2423,605,1999,297
2424,605,2000,294
2425,605,2001,269
2426,605,2002,276
2427,605,2003,269
2428,605,2004,266
2429,605,2005,240
2430,605,2006,242
2431,607,1994,2162
2432,607,1995,2169
2433,607,1996,2039
2434,607,1997,2153
2435,607,1998,2058
2436,607,1999,2077
2437,607,2000,2210
2438,607,2001,2253
2439,607,2002,2190
2440,607,2003,2182
2441,607,2004,1981
2442,607,2005,1972
2443,607,2006,1945
1312,607,2007,2302
1313,607,2008,2266
1314,607,2009,2391
1315,607,2010,2488
1316,607,2011,2578
1317,607,2012,2664
1318,607,2013,2839
1319,607,2014,2892
1320,607,2015,2945
1321,607,2016,2822
1322,607,2017,2583
1323,607,2018,2248
1324,607,2019,2000
1325,607,2020,2020
1326,607,2021,1820
1327,607,2022,1723
2444,609,1994,222
2445,609,1995,208
2446,609,1996,288
2447,609,1997,240
2448,609,1998,200
2449,609,1999,197
2450,609,2000,167
2451,609,2001,162
2452,609,2002,186
2453,609,2003,172
2454,609,2004,177
2455,609,2005,166
2456,609,2006,175
2457,611,1994,214
2458,611,1995,201
2459,611,1996,255
2460,611,1997,242
2461,611,1998,309
2462,611,1999,213
2463,611,2000,213
2464,611,2001,196
2465,611,2002,221
2466,611,2003,276
2467,611,2004,259
2468,611,2005,241
2469,611,2006,246
2470,613,1994,259
2471,613,1995,238
2472,613,1996,248
2473,613,1997,226
2474,613,1998,262
2475,613,1999,268
2476,613,2000,254
2477,613,2001,230
2478,613,2002,239
2479,613,2003,247
2480,613,2004,220
2481,613,2005,205
2482,613,2006,250
2483,615,1994,2967
2484,615,1995,2695
2485,615,1996,2548
2486,615,1997,2640
2487,615,1998,2745
2488,615,1999,2827
2489,615,2000,2900
2490,615,2001,2835
2491,615,2002,2825
2492,615,2003,2831
2493,615,2004,2654
2494,615,2005,2527
2495,615,2006,2386
1328,615,2007,2900
1329,615,2008,2873
1330,615,2009,3284
1331,615,2010,3446
1332,615,2011,3461
1333,615,2012,3616
1334,615,2013,3961
1335,615,2014,3959
1336,615,2015,3993
1337,615,2016,3826
1338,615,2017,3405
1339,615,2018,3015
1340,615,2019,2889
1341,615,2020,2756
1342,615,2021,2311
1343,615,2022,2184
2496,617,1994,131
2497,617,1995,125
2498,617,1996,255
2499,617,1997,134
2500,617,1998,125
2501,617,1999,117
2502,617,2000,97
2503,617,2001,103
2504,617,2002,120
2505,617,2003,102
2506,617,2004,102
2507,617,2005,123
2508,617,2006,122
2509,619,1994,219
2510,619,1995,186
2511,619,1996,266
2512,619,1997,218
2513,619,1998,223
2514,619,1999,247
2515,619,2000,207
2516,619,2001,233
2517,619,2002,225
2518,619,2003,225
2519,619,2004,238
2520,619,2005,250
2521,619,2006,263
2522,621,1994,2270
2523,621,1995,2570
2524,621,1996,2482
2525,621,1997,2562
2526,621,1998,2655
2527,621,1999,2790
2528,621,2000,2678
2529,621,2001,2584
2530,621,2002,2426
2531,621,2003,2443
2532,621,2004,2378
2533,621,2005,2170
2534,621,2006,2075
1344,621,2007,2606
1345,621,2008,2596
1346,621,2009,2958
1347,621,2010,3048
1348,621,2011,3028
1349,621,2012,3156
1350,621,2013,3580
1351,621,2014,3635
1352,621,2015,3804
1353,621,2016,3667
1354,621,2017,3277
1355,621,2018,2884
1356,621,2019,2694
1357,621,2020,2486
1358,621,2021,2216
1359,621,2022,2197
2535,623,1994,87
2536,623,1995,75
2537,623,1996,122
2538,623,1997,127
2539,623,1998,120
2540,623,1999,116
2541,623,2000,122
2542,623,2001,129
2543,623,2002,130
2544,623,2003,92
2545,623,2004,106
2546,623,2005,89
2547,623,2006,93
2548,625,1994,155
2549,625,1995,217
2550,625,1996,235
2551,625,1997,190
2552,625,1998,161
2553,625,1999,151
2554,625,2000,151
2555,625,2001,163
2556,625,2002,160
2557,625,2003,174
2558,625,2004,187
2559,625,2005,177
2560,625,2006,165
2561,627,1994,182
2562,627,1995,210
2563,627,1996,286
2564,627,1997,200
2565,627,1998,210
2566,627,1999,224
2567,627,2000,233
2568,627,2001,265
2569,627,2002,311
2570,627,2003,266
2571,627,2004,292
2572,627,2005,283
2573,627,2006,298
2574,629,1994,177
2575,629,1995,173
2576,629,1996,206
2577,629,1997,201
2578,629,1998,234
2579,629,1999,188
2580,629,2000,198
2581,629,2001,217
2582,629,2002,202
2583,629,2003,181
2584,629,2004,193
2585,629,2005,173
2586,629,2006,182
1360,630,2007,2781
1361,630,2008,2888
1362,630,2009,3377
1363,630,2010,3530
1364,630,2011,3706
1365,630,2012,3713
1366,630,2013,4175
1367,630,2014,4395
1368,630,2015,4531
1369,630,2016,4230
1370,630,2017,3698
1371,630,2018,3147
1372,630,2019,2913
1373,630,2020,2837
1374,630,2021,2752
1375,630,2022,2729
2587,631,1994,2219
2588,631,1995,2257
2589,631,1996,2004
2590,631,1997,2147
2591,631,1998,2239
2592,631,1999,1942
2593,631,2000,2015
2594,631,2001,1803
2595,631,2002,2000
2596,631,2003,2142
2597,631,2004,1827
2598,631,2005,1175
2599,631,2006,1896
2600,650,1994,6061
2601,650,1995,5623
2602,650,1996,6242
2603,650,1997,6302
2604,650,1998,6176
2605,650,1999,6320
2606,650,2000,6184
2607,650,2001,6175
2608,650,2002,5987
2609,650,2003,5793
2610,650,2004,4766
2611,650,2005,5518
2612,650,2006,5284
2613,651,1994,58
2614,651,1995,91
2615,651,1996,79
2616,651,1997,103
2617,651,1998,102
2618,651,1999,129
2619,651,2000,111
2620,651,2001,97
2621,651,2002,98
2622,651,2003,113
2623,651,2004,91
2624,651,2005,99
2625,651,2006,74
2626,653,1994,186
2627,653,1995,176
2628,653,1996,290
2629,653,1997,275
2630,653,1998,238
2631,653,1999,243
2632,653,2000,231
2633,653,2001,238
2634,653,2002,229
2635,653,2003,199
2636,653,2004,153
2637,653,2005,123
2638,653,2006,133
2639,655,1994,180
2640,655,1995,190
2641,655,1996,183
2642,655,1997,161
2643,655,1998,171
2644,655,1999,193
2645,655,2000,182
2646,655,2001,183
2647,655,2002,198
2648,655,2003,198
2649,655,2004,184
2650,655,2005,193
2651,655,2006,201
2652,657,1994,1663
2653,657,1995,1586
2654,657,1996,1790
2655,657,1997,1664
2656,657,1998,1614
2657,657,1999,1525
2658,657,2000,1374
2659,657,2001,1346
2660,657,2002,1401
2661,657,2003,1255
2662,657,2004,555
2663,657,2005,1320
2664,657,2006,1211
1376,657,2007,1828
1377,657,2008,1822
1378,657,2009,2279
1379,657,2010,2339
1380,657,2011,2366
1381,657,2012,2551
1382,657,2013,2989
1383,657,2014,3101
1384,657,2015,3185
1385,657,2016,3167
1386,657,2017,2898
1387,657,2018,2592
1388,657,2019,2492
1389,657,2020,2429
1390,657,2021,2250
1391,657,2022,2141
2665,659,1994,91
2666,659,1995,58
2667,659,1996,91
2668,659,1997,68
2669,659,1998,76
2670,659,1999,95
2671,659,2000,91
2672,659,2001,106
2673,659,2002,108
2674,659,2003,94
2675,659,2004,116
2676,659,2005,100
2677,659,2006,81
2678,661,1994,1255
2679,661,1995,963
2680,661,1996,927
2681,661,1997,935
2682,661,1998,928
2683,661,1999,1114
2684,661,2000,1225
2685,661,2001,1205
2686,661,2002,1189
2687,661,2003,1078
2688,661,2004,1023
2689,661,2005,1064
2690,661,2006,1043
1392,661,2007,1507
1393,661,2008,1497
1394,661,2009,1601
1395,661,2010,1631
1396,661,2011,1601
1397,661,2012,1767
1398,661,2013,1872
1399,661,2014,1918
1400,661,2015,2000
1401,661,2016,1982
1402,661,2017,1739
1403,661,2018,1516
1404,661,2019,1386
1405,661,2020,1431
1406,661,2021,1263
1407,661,2022,1316
2691,663,1994,529
2692,663,1995,548
2693,663,1996,636
2694,663,1997,810
2695,663,1998,650
2696,663,1999,689
2697,663,2000,766
2698,663,2001,739
2699,663,2002,668
2700,663,2003,599
2701,663,2004,487
2702,663,2005,491
2703,663,2006,492
2704,665,1994,332
2705,665,1995,293
2706,665,1996,301
2707,665,1997,332
2708,665,1998,335
2709,665,1999,389
2710,665,2000,356
2711,665,2001,378
2712,665,2002,385
2713,665,2003,454
2714,665,2004,424
2715,665,2005,384
2716,665,2006,318
1408,665,2007,345
1409,665,2008,371
1410,665,2009,400
1411,665,2010,380
1412,665,2011,398
1413,665,2012,432
1414,665,2013,492
1415,665,2014,527
1416,665,2015,608
1417,665,2016,588
1418,665,2017,511
1419,665,2018,420
1420,665,2019,336
1421,665,2020,304
1422,665,2021,273
1423,665,2022,291
2717,667,1994,385
2718,667,1995,324
2719,667,1996,452
2720,667,1997,459
2721,667,1998,452
2722,667,1999,425
2723,667,2000,401
2724,667,2001,370
2725,667,2002,364
2726,667,2003,374
2727,667,2004,302
2728,667,2005,338
2729,667,2006,377
2730,669,1994,193
2731,669,1995,180
2732,669,1996,188
2733,669,1997,195
2734,669,1998,191
2735,669,1999,176
2736,669,2000,167
2737,669,2001,181
2738,669,2002,158
2739,669,2003,147
2740,669,2004,132
2741,669,2005,153
2742,669,2006,163
2743,671,1994,480
2744,671,1995,388
2745,671,1996,396
2746,671,1997,356
2747,671,1998,392
2748,671,1999,455
2749,671,2000,421
2750,671,2001,442
2751,671,2002,419
2752,671,2003,497
2753,671,2004,500
2754,671,2005,465
2755,671,2006,454
1424,671,2007,623
1425,671,2008,629
1426,671,2009,773
1427,671,2010,746
1428,671,2011,777
1429,671,2012,852
1430,671,2013,896
1431,671,2014,880
1432,671,2015,895
1433,671,2016,891
1434,671,2017,785
1435,671,2018,666
1436,671,2019,610
1437,671,2020,559
1438,671,2021,538
1439,671,2022,549
2756,673,1994,93
2757,673,1995,109
2758,673,1996,107
2759,673,1997,104
2760,673,1998,105
2761,673,1999,57
2762,673,2000,74
2763,673,2001,62
2764,673,2002,66
2765,673,2003,79
2766,673,2004,84
2767,673,2005,56
2768,673,2006,64
2769,675,1994,37
2770,675,1995,51
2771,675,1996,51
2772,675,1997,44
2773,675,1998,56
2774,675,1999,60
2775,675,2000,33
2776,675,2001,34
2777,675,2002,52
2778,675,2003,66
2779,675,2004,60
2780,675,2005,59
2781,675,2006,30
2782,677,1994,112
2783,677,1995,152
2784,677,1996,144
2785,677,1997,111
2786,677,1998,163
2787,677,1999,164
2788,677,2000,155
2789,677,2001,145
2790,677,2002,140
2791,677,2003,137
2792,677,2004,158
2793,677,2005,144
2794,677,2006,131
2795,679,1994,31
2796,679,1995,104
2797,679,1996,135
2798,679,1997,123
2799,679,1998,128
2800,679,1999,144
2801,679,2000,126
2802,679,2001,136
2803,679,2002,110
2804,679,2003,100
2805,679,2004,117
2806,679,2005,109
2807,679,2006,112
2808,681,1994,265
2809,681,1995,200
2810,681,1996,224
2811,681,1997,259
2812,681,1998,269
2813,681,1999,233
2814,681,2000,225
2815,681,2001,225
2816,681,2002,187
2817,681,2003,173
2818,681,2004,190
2819,681,2005,193
2820,681,2006,190
2821,683,1994,58
2822,683,1995,77
2823,683,1996,88
2824,683,1997,118
2825,683,1998,121
2826,683,1999,127
2827,683,2000,139
2828,683,2001,124
2829,683,2002,138
2830,683,2003,151
2831,683,2004,114
2832,683,2005,139
2833,683,2006,125
2834,685,1994,104
2835,685,1995,77
2836,685,1996,238
2837,685,1997,137
2838,685,1998,151
2839,685,1999,114
2840,685,2000,104
2841,685,2001,94
2842,685,2002,78
2843,685,2003,78
2844,685,2004,77
2845,685,2005,91
2846,685,2006,84
2847,700,1994,27909
2848,700,1995,26757
2849,700,1996,25653
2850,700,1997,25823
2851,700,1998,25651
2852,700,1999,25925
2853,700,2000,26241
2854,700,2001,26467
2855,700,2002,27132
2856,700,2003,26885
2857,700,2004,24822
2858,700,2005,24595
2859,700,2006,23278
2860,701,1994,306
2861,701,1995,340
2862,701,1996,378
2863,701,1997,379
2864,701,1998,434
2865,701,1999,401
2866,701,2000,415
2867,701,2001,400
2868,701,2002,427
2869,701,2003,382
2870,701,2004,319
2871,701,2005,416
2872,701,2006,370
2873,703,1994,124
2874,703,1995,253
2875,703,1996,373
2876,703,1997,313
2877,703,1998,290
2878,703,1999,241
2879,703,2000,249
2880,703,2001,262
2881,703,2002,263
2882,703,2003,255
2883,703,2004,271
2884,703,2005,256
2885,703,2006,224
2886,705,1994,249
2887,705,1995,202
2888,705,1996,195
2889,705,1997,194
2890,705,1998,164
2891,705,1999,188
2892,705,2000,157
2893,705,2001,161
2894,705,2002,174
2895,705,2003,151
2896,705,2004,188
2897,705,2005,182
2898,705,2006,191
1440,706,2007,1052
1441,706,2008,1109
1442,706,2009,1251
1443,706,2010,1230
1444,706,2011,1229
1445,706,2012,1334
1446,706,2013,1515
1447,706,2014,1591
1448,706,2015,1544
1449,706,2016,1390
1450,706,2017,1210
1451,706,2018,1052
1452,706,2019,947
1453,706,2020,892
1454,706,2021,781
1455,706,2022,737
2899,707,1994,585
2900,707,1995,636
2901,707,1996,753
2902,707,1997,786
2903,707,1998,766
2904,707,1999,747
2905,707,2000,796
2906,707,2001,798
2907,707,2002,833
2908,707,2003,966
2909,707,2004,819
2910,707,2005,743
2911,707,2006,609
1456,707,2007,1347
1457,707,2008,1241
1458,707,2009,1298
1459,707,2010,1329
1460,707,2011,1305
1461,707,2012,1360
1462,707,2013,1614
1463,707,2014,1778
1464,707,2015,1847
1465,707,2016,1637
1466,707,2017,1478
1467,707,2018,1213
1468,707,2019,1134
1469,707,2020,1095
1470,707,2021,951
1471,707,2022,1007
2912,709,1994,346
2913,709,1995,322
2914,709,1996,300
2915,709,1997,303
2916,709,1998,321
2917,709,1999,266
2918,709,2000,253
2919,709,2001,252
2920,709,2002,253
2921,709,2003,239
2922,709,2004,238
2923,709,2005,192
2924,709,2006,192
1472,710,2007,782
1473,710,2008,765
1474,710,2009,915
1475,710,2010,960
1476,710,2011,958
1477,710,2012,1010
1478,710,2013,1217
1479,710,2014,1268
1480,710,2015,1335
1481,710,2016,1271
1482,710,2017,1130
1483,710,2018,964
1484,710,2019,899
1485,710,2020,821
1486,710,2021,713
1487,710,2022,750
2925,711,1994,276
2926,711,1995,266
2927,711,1996,275
2928,711,1997,290
2929,711,1998,245
2930,711,1999,249
2931,711,2000,272
2932,711,2001,237
2933,711,2002,246
2934,711,2003,250
2935,711,2004,252
2936,711,2005,227
2937,711,2006,248
2938,713,1994,279
2939,713,1995,274
2940,713,1996,247
2941,713,1997,231
2942,713,1998,215
2943,713,1999,200
2944,713,2000,216
2945,713,2001,227
2946,713,2002,237
2947,713,2003,249
2948,713,2004,254
2949,713,2005,267
2950,713,2006,245
2951,715,1994,212
2952,715,1995,185
2953,715,1996,177
2954,715,1997,184
2955,715,1998,194
2956,715,1999,187
2957,715,2000,211
2958,715,2001,207
2959,715,2002,210
2960,715,2003,196
2961,715,2004,187
2962,715,2005,208
2963,715,2006,226
2964,717,1994,235
2965,717,1995,228
2966,717,1996,220
2967,717,1997,248
2968,717,1998,274
2969,717,1999,226
2970,717,2000,217
2971,717,2001,214
2972,717,2002,194
2973,717,2003,207
2974,717,2004,160
2975,717,2005,158
2976,717,2006,180
2977,719,1994,190
2978,719,1995,171
2979,719,1996,149
2980,719,1997,172
2981,719,1998,208
2982,719,1999,210
2983,719,2000,166
2984,719,2001,169
2985,719,2002,170
2986,719,2003,166
2987,719,2004,177
2988,719,2005,205
2989,719,2006,202
2990,721,1994,81
2991,721,1995,194
2992,721,1996,193
2993,721,1997,196
2994,721,1998,199
2995,721,1999,214
2996,721,2000,238
2997,721,2001,215
2998,721,2002,232
2999,721,2003,262
3000,721,2004,243
3001,721,2005,250
3002,721,2006,250
3003,723,1994,199
3004,723,1995,223
3005,723,1996,203
3006,723,1997,200
3007,723,1998,210
3008,723,1999,221
3009,723,2000,219
3010,723,2001,216
3011,723,2002,253
3012,723,2003,256
3013,723,2004,255
3014,723,2005,263
3015,723,2006,283
3016,725,1994,211
3017,725,1995,207
3018,725,1996,207
3019,725,1997,194
3020,725,1998,236
3021,725,1999,215
3022,725,2000,232
3023,725,2001,258
3024,725,2002,244
3025,725,2003,286
3026,725,2004,270
3027,725,2005,251
3028,725,2006,254
3029,727,1994,506
3030,727,1995,452
3031,727,1996,420
3032,727,1997,440
3033,727,1998,456
3034,727,1999,464
3035,727,2000,456
3036,727,2001,477
3037,727,2002,556
3038,727,2003,553
3039,727,2004,555
3040,727,2005,531
3041,727,2006,473
1488,727,2007,471
1489,727,2008,455
1490,727,2009,533
1491,727,2010,591
1492,727,2011,555
1493,727,2012,636
1494,727,2013,690
1495,727,2014,743
1496,727,2015,771
1497,727,2016,727
1498,727,2017,669
1499,727,2018,543
1500,727,2019,495
1501,727,2020,454
1502,727,2021,416
1503,727,2022,432
3042,729,1994,109
3043,729,1995,141
3044,729,1996,149
3045,729,1997,205
3046,729,1998,189
3047,729,1999,194
3048,729,2000,170
3049,729,2001,199
3050,729,2002,232
3051,729,2003,213
3052,729,2004,188
3053,729,2005,213
3054,729,2006,182
1504,730,2007,3373
1505,730,2008,3022
1506,730,2009,3460
1507,730,2010,3603
1508,730,2011,3780
1509,730,2012,3934
1510,730,2013,4576
1511,730,2014,4681
1512,730,2015,4722
1513,730,2016,4576
1514,730,2017,4148
1515,730,2018,3773
1516,730,2019,3667
1517,730,2020,3580
1518,730,2021,3256
1519,730,2022,3289
3055,731,1994,2720
3056,731,1995,2444
3057,731,1996,2640
3058,731,1997,2875
3059,731,1998,2608
3060,731,1999,2796
3061,731,2000,2891
3062,731,2001,3001
3063,731,2002,2887
3064,731,2003,2811
3065,731,2004,2660
3066,731,2005,2531
3067,731,2006,2508
3068,733,1994,253
3069,733,1995,293
3070,733,1996,300
3071,733,1997,246
3072,733,1998,233
3073,733,1999,266
3074,733,2000,235
3075,733,2001,242
3076,733,2002,223
3077,733,2003,221
3078,733,2004,255
3079,733,2005,247
3080,733,2006,207
3081,735,1994,178
3082,735,1995,134
3083,735,1996,280
3084,735,1997,290
3085,735,1998,245
3086,735,1999,282
3087,735,2000,259
3088,735,2001,261
3089,735,2002,266
3090,735,2003,235
3091,735,2004,194
3092,735,2005,212
3093,735,2006,201
3094,737,1994,203
3095,737,1995,206
3096,737,1996,224
3097,737,1997,197
3098,737,1998,157
3099,737,1999,175
3100,737,2000,160
3101,737,2001,156
3102,737,2002,178
3103,737,2003,171
3104,737,2004,136
3105,737,2005,150
3106,737,2006,164
3107,739,1994,28
3108,739,1995,161
3109,739,1996,142
3110,739,1997,132
3111,739,1998,147
3112,739,1999,180
3113,739,2000,187
3114,739,2001,164
3115,739,2002,157
3116,739,2003,161
3117,739,2004,156
3118,739,2005,125
3119,739,2006,131
1520,740,2007,2440
1521,740,2008,2461
1522,740,2009,2898
1523,740,2010,2894
1524,740,2011,2957
1525,740,2012,3081
1526,740,2013,3492
1527,740,2014,3640
1528,740,2015,3823
1529,740,2016,3579
1530,740,2017,3148
1531,740,2018,2640
1532,740,2019,2482
1533,740,2020,2362
1534,740,2021,2026
1535,740,2022,2050
3120,741,1994,117
3121,741,1995,101
3122,741,1996,122
3123,741,1997,101
3124,741,1998,102
3125,741,1999,101
3126,741,2000,73
3127,741,2001,81
3128,741,2002,98
3129,741,2003,101
3130,741,2004,78
3131,741,2005,80
3132,741,2006,98
1536,741,2007,111
1537,741,2008,100
1538,741,2009,92
1539,741,2010,101
1540,741,2011,102
1541,741,2012,110
1542,741,2013,117
1543,741,2014,133
1544,741,2015,137
1545,741,2016,125
1546,741,2017,112
1547,741,2018,107
1548,741,2019,89
1549,741,2020,79
1550,741,2021,56
1551,741,2022,65
3133,743,1994,1846
3134,743,1995,1615
3135,743,1996,1740
3136,743,1997,1736
3137,743,1998,1750
3138,743,1999,2100
3139,743,2000,1661
3140,743,2001,1706
3141,743,2002,1864
3142,743,2003,1718
3143,743,2004,1730
3144,743,2005,1874
3145,743,2006,1784
3146,745,1994,757
3147,745,1995,714
3148,745,1996,574
3149,745,1997,585
3150,745,1998,692
3151,745,1999,802
3152,745,2000,743
3153,745,2001,728
3154,745,2002,752
3155,745,2003,680
3156,745,2004,596
3157,745,2005,573
3158,745,2006,550
1552,746,2007,987
1553,746,2008,944
1554,746,2009,1032
1555,746,2010,1124
1556,746,2011,1141
1557,746,2012,1144
1558,746,2013,1292
1559,746,2014,1347
1560,746,2015,1505
1561,746,2016,1512
1562,746,2017,1287
1563,746,2018,1021
1564,746,2019,890
1565,746,2020,815
1566,746,2021,701
1567,746,2022,795
3159,747,1994,211
3160,747,1995,190
3161,747,1996,174
3162,747,1997,159
3163,747,1998,199
3164,747,1999,188
3165,747,2000,201
3166,747,2001,177
3167,747,2002,184
3168,747,2003,179
3169,747,2004,159
3170,747,2005,189
3171,747,2006,207
3172,749,1994,122
3173,749,1995,116
3174,749,1996,127
3175,749,1997,154
3176,749,1998,186
3177,749,1999,152
3178,749,2000,152
3179,749,2001,147
3180,749,2002,154
3181,749,2003,125
3182,749,2004,119
3183,749,2005,107
3184,749,2006,106
3185,751,1994,17651
3186,751,1995,16837
3187,751,1996,15271
3188,751,1997,15186
3189,751,1998,15203
3190,751,1999,14980
3191,751,2000,15527
3192,751,2001,15613
3193,751,2002,15846
3194,751,2003,15851
3195,751,2004,14364
3196,751,2005,14146
3197,751,2006,13193
1568,751,2007,11356
1569,751,2008,10716
1570,751,2009,11727
1571,751,2010,11687
1572,751,2011,11755
1573,751,2012,11960
1574,751,2013,13822
1575,751,2014,14203
1576,751,2015,14417
1577,751,2016,14022
1578,751,2017,12695
1579,751,2018,11435
1580,751,2019,10969
1581,751,2020,11180
1582,751,2021,9865
1583,751,2022,9780
1584,756,2007,948
1585,756,2008,1039
1586,756,2009,1142
1587,756,2010,1275
1588,756,2011,1311
1589,756,2012,1355
1590,756,2013,1546
1591,756,2014,1543
1592,756,2015,1547
1593,756,2016,1421
1594,756,2017,1271
1595,756,2018,1113
1596,756,2019,1052
1597,756,2020,948
1598,756,2021,864
1599,756,2022,921
3198,760,1994,5330
3199,760,1995,5082
3200,760,1996,5388
3201,760,1997,5641
3202,760,1998,5849
3203,760,1999,5505
3204,760,2000,5617
3205,760,2001,5593
3206,760,2002,5561
3207,760,2003,5506
3208,760,2004,5237
3209,760,2005,5623
3210,760,2006,5638
1600,760,2007,947
1601,760,2008,1016
1602,760,2009,1221
1603,760,2010,1302
1604,760,2011,1363
1605,760,2012,1413
1606,760,2013,1733
1607,760,2014,1813
1608,760,2015,1898
1609,760,2016,1854
1610,760,2017,1632
1611,760,2018,1474
1612,760,2019,1324
1613,760,2020,1221
1614,760,2021,1001
1615,760,2022,1059
3211,761,1994,334
3212,761,1995,259
3213,761,1996,225
3214,761,1997,320
3215,761,1998,300
3216,761,1999,282
3217,761,2000,293
3218,761,2001,283
3219,761,2002,375
3220,761,2003,321
3221,761,2004,295
3222,761,2005,323
3223,761,2006,361
3224,763,1994,121
3225,763,1995,115
3226,763,1996,103
3227,763,1997,113
3228,763,1998,139
3229,763,1999,143
3230,763,2000,127
3231,763,2001,133
3232,763,2002,131
3233,763,2003,136
3234,763,2004,115
3235,763,2005,145
3236,763,2006,152
3237,765,1994,80
3238,765,1995,114
3239,765,1996,229
3240,765,1997,111
3241,765,1998,184
3242,765,1999,94
3243,765,2000,114
3244,765,2001,174
3245,765,2002,180
3246,765,2003,144
3247,765,2004,172
3248,765,2005,207
3249,765,2006,198
1616,766,2007,752
1617,766,2008,812
1618,766,2009,1057
1619,766,2010,1111
1620,766,2011,1059
1621,766,2012,1174
1622,766,2013,1316
1623,766,2014,1385
1624,766,2015,1399
1625,766,2016,1301
1626,766,2017,1106
1627,766,2018,999
1628,766,2019,930
1629,766,2020,938
1630,766,2021,827
1631,766,2022,825
3250,767,1994,122
3251,767,1995,89
3252,767,1996,105
3253,767,1997,146
3254,767,1998,121
3255,767,1999,85
3256,767,2000,93
3257,767,2001,112
3258,767,2002,122
3259,767,2003,99
3260,767,2004,88
3261,767,2005,112
3262,767,2006,113
3263,769,1994,143
3264,769,1995,143
3265,769,1996,142
3266,769,1997,132
3267,769,1998,139
3268,769,1999,149
3269,769,2000,168
3270,769,2001,169
3271,769,2002,175
3272,769,2003,176
3273,769,2004,200
3274,769,2005,215
3275,769,2006,182
3276,771,1994,267
3277,771,1995,227
3278,771,1996,302
3279,771,1997,335
3280,771,1998,337
3281,771,1999,267
3282,771,2000,265
3283,771,2001,252
3284,771,2002,230
3285,771,2003,222
3286,771,2004,270
3287,771,2005,310
3288,771,2006,315
3289,773,1994,469
3290,773,1995,460
3291,773,1996,526
3292,773,1997,511
3293,773,1998,580
3294,773,1999,626
3295,773,2000,569
3296,773,2001,536
3297,773,2002,528
3298,773,2003,495
3299,773,2004,479
3300,773,2005,554
3301,773,2006,540
1632,773,2007,746
1633,773,2008,714
1634,773,2009,726
1635,773,2010,687
1636,773,2011,690
1637,773,2012,645
1638,773,2013,741
1639,773,2014,772
1640,773,2015,772
1641,773,2016,717
1642,773,2017,608
1643,773,2018,555
1644,773,2019,519
1645,773,2020,504
1646,773,2021,473
1647,773,2022,467
3302,775,1994,119
3303,775,1995,134
3304,775,1996,135
3305,775,1997,113
3306,775,1998,142
3307,775,1999,142
3308,775,2000,153
3309,775,2001,135
3310,775,2002,148
3311,775,2003,165
3312,775,2004,174
3313,775,2005,188
3314,775,2006,162
3315,777,1994,115
3316,777,1995,85
3317,777,1996,157
3318,777,1997,124
3319,777,1998,119
3320,777,1999,109
3321,777,2000,108
3322,777,2001,101
3323,777,2002,108
3324,777,2003,102
3325,777,2004,120
3326,777,2005,112
3327,777,2006,108
3328,779,1994,677
3329,779,1995,646
3330,779,1996,773
3331,779,1997,926
3332,779,1998,908
3333,779,1999,664
3334,779,2000,934
3335,779,2001,908
3336,779,2002,915
3337,779,2003,922
3338,779,2004,734
3339,779,2005,722
3340,779,2006,820
1648,779,2007,1334
1649,779,2008,1438
1650,779,2009,1574
1651,779,2010,1655
1652,779,2011,1577
1653,779,2012,1600
1654,779,2013,1759
1655,779,2014,1611
1656,779,2015,1578
1657,779,2016,1442
1658,779,2017,1442
1659,779,2018,1368
1660,779,2019,1253
1661,779,2020,1153
1662,779,2021,1054
1663,779,2022,1054
3341,781,1994,76
3342,781,1995,74
3343,781,1996,72
3344,781,1997,72
3345,781,1998,73
3346,781,1999,60
3347,781,2000,89
3348,781,2001,85
3349,781,2002,91
3350,781,2003,105
3351,781,2004,129
3352,781,2005,132
3353,781,2006,117
3354,783,1994,97
3355,783,1995,123
3356,783,1996,110
3357,783,1997,111
3358,783,1998,112
3359,783,1999,85
3360,783,2000,79
3361,783,2001,83
3362,783,2002,74
3363,783,2003,71
3364,783,2004,86
3365,783,2005,129
3366,783,2006,104
3367,785,1994,286
3368,785,1995,216
3369,785,1996,196
3370,785,1997,185
3371,785,1998,214
3372,785,1999,258
3373,785,2000,249
3374,785,2001,273
3375,785,2002,220
3376,785,2003,239
3377,785,2004,243
3378,785,2005,227
3379,785,2006,246
3380,787,1994,730
3381,787,1995,666
3382,787,1996,673
3383,787,1997,716
3384,787,1998,792
3385,787,1999,708
3386,787,2000,686
3387,787,2001,695
3388,787,2002,609
3389,787,2003,610
3390,787,2004,610
3391,787,2005,666
3392,787,2006,717
1664,787,2007,1084
1665,787,2008,1158
1666,787,2009,1320
1667,787,2010,1418
1668,787,2011,1386
1669,787,2012,1325
1670,787,2013,1381
1671,787,2014,1533
1672,787,2015,1649
1673,787,2016,1649
1674,787,2017,1490
1675,787,2018,1316
1676,787,2019,1213
1677,787,2020,1166
1678,787,2021,990
1679,787,2022,1004
3393,789,1994,156
3394,789,1995,139
3395,789,1996,153
3396,789,1997,172
3397,789,1998,170
3398,789,1999,130
3399,789,2000,171
3400,789,2001,153
3401,789,2002,136
3402,789,2003,154
3403,789,2004,193
3404,789,2005,225
3405,789,2006,231
3406,791,1994,1418
3407,791,1995,1520
3408,791,1996,1423
3409,791,1997,1380
3410,791,1998,1393
3411,791,1999,1591
3412,791,2000,1339
3413,791,2001,1324
3414,791,2002,1317
3415,791,2003,1356
3416,791,2004,1150
3417,791,2005,1183
3418,791,2006,1125
1680,791,2007,2340
1681,791,2008,2320
1682,791,2009,2734
1683,791,2010,2868
1684,791,2011,2975
1685,791,2012,3290
1686,791,2013,3726
1687,791,2014,3858
1688,791,2015,3723
1689,791,2016,3520
1690,791,2017,3119
1691,791,2018,2737
1692,791,2019,2602
1693,791,2020,2584
1694,791,2021,2267
1695,791,2022,2491
3419,793,1994,161
3420,793,1995,122
3421,793,1996,130
3422,793,1997,139
3423,793,1998,176
3424,793,1999,184
3425,793,2000,194
3426,793,2001,195
3427,793,2002,203
3428,793,2003,190
3429,793,2004,177
3430,793,2005,173
3431,793,2006,147
3432,800,1994,14731
3433,800,1995,14279
3434,800,1996,14186
3435,800,1997,14135
3436,800,1998,15054
3437,800,1999,14777
3438,800,2000,14905
3439,800,2001,14946
3440,800,2002,15505
3441,800,2003,15253
3442,800,2004,14707
3443,800,2005,14494
3444,800,2006,14139
3445,801,1994,188
3446,801,1995,191
3447,801,1996,252
3448,801,1997,209
3449,801,1998,212
3450,801,1999,193
3451,801,2000,199
3452,801,2001,225
3453,801,2002,207
3454,801,2003,208
3455,801,2004,189
3456,801,2005,160
3457,801,2006,195
3458,803,1994,144
3459,803,1995,133
3460,803,1996,110
3461,803,1997,178
3462,803,1998,187
3463,803,1999,166
3464,803,2000,199
3465,803,2001,185
3466,803,2002,220
3467,803,2003,203
3468,803,2004,201
3469,803,2005,208
3470,803,2006,185
3471,805,1994,552
3472,805,1995,579
3473,805,1996,540
3474,805,1997,602
3475,805,1998,535
3476,805,1999,585
3477,805,2000,629
3478,805,2001,639
3479,805,2002,580
3480,805,2003,580
3481,805,2004,571
3482,805,2005,632
3483,805,2006,607
3484,807,1994,293
3485,807,1995,266
3486,807,1996,292
3487,807,1997,303
3488,807,1998,345
3489,807,1999,299
3490,807,2000,306
3491,807,2001,341
3492,807,2002,326
3493,807,2003,331
3494,807,2004,370
3495,807,2005,412
3496,807,2006,353
3497,809,1994,128
3498,809,1995,133
3499,809,1996,137
3500,809,1997,188
3501,809,1998,187
3502,809,1999,182
3503,809,2000,173
3504,809,2001,175
3505,809,2002,156
3506,809,2003,175
3507,809,2004,178
3508,809,2005,157
3509,809,2006,163
1696,810,2007,1024
1697,810,2008,1005
1698,810,2009,1112
1699,810,2010,1151
1700,810,2011,1239
1701,810,2012,1307
1702,810,2013,1506
1703,810,2014,1624
1704,810,2015,1665
1705,810,2016,1532
1706,810,2017,1306
1707,810,2018,1075
1708,810,2019,970
1709,810,2020,877
1710,810,2021,815
1711,810,2022,832
3510,811,1994,114
3511,811,1995,120
3512,811,1996,142
3513,811,1997,146
3514,811,1998,113
3515,811,1999,142
3516,811,2000,147
3517,811,2001,148
3518,811,2002,146
3519,811,2003,116
3520,811,2004,118
3521,811,2005,145
3522,811,2006,136
3523,813,1994,1113
3524,813,1995,1117
3525,813,1996,1151
3526,813,1997,1073
3527,813,1998,1219
3528,813,1999,1261
3529,813,2000,1266
3530,813,2001,1317
3531,813,2002,1232
3532,813,2003,1298
3533,813,2004,1178
3534,813,2005,1146
3535,813,2006,1107
1712,813,2007,1948
1713,813,2008,1816
1714,813,2009,1932
1715,813,2010,1931
1716,813,2011,1950
1717,813,2012,1927
1718,813,2013,2320
1719,813,2014,2538
1720,813,2015,2638
1721,813,2016,2572
1722,813,2017,2252
1723,813,2018,1917
1724,813,2019,1689
1725,813,2020,1574
1726,813,2021,1430
1727,813,2022,1417
3536,815,1994,252
3537,815,1995,272
3538,815,1996,240
3539,815,1997,282
3540,815,1998,273
3541,815,1999,286
3542,815,2000,299
3543,815,2001,310
3544,815,2002,286
3545,815,2003,235
3546,815,2004,248
3547,815,2005,268
3548,815,2006,284
3549,817,1994,241
3550,817,1995,181
3551,817,1996,197
3552,817,1997,229
3553,817,1998,212
3554,817,1999,217
3555,817,2000,204
3556,817,2001,186
3557,817,2002,197
3558,817,2003,210
3559,817,2004,184
3560,817,2005,221
3561,817,2006,215
3562,819,1994,491
3563,819,1995,480
3564,819,1996,487
3565,819,1997,469
3566,819,1998,484
3567,819,1999,453
3568,819,2000,492
3569,819,2001,456
3570,819,2002,429
3571,819,2003,441
3572,819,2004,398
3573,819,2005,439
3574,819,2006,393
1728,820,2007,906
1729,820,2008,937
1730,820,2009,1051
1731,820,2010,1204
1732,820,2011,1293
1733,820,2012,1336
1734,820,2013,1523
1735,820,2014,1471
1736,820,2015,1558
1737,820,2016,1486
1738,820,2017,1349
1739,820,2018,1186
1740,820,2019,1079
1741,820,2020,1021
1742,820,2021,875
1743,820,2022,842
3575,821,1994,979
3576,821,1995,993
3577,821,1996,1117
3578,821,1997,1083
3579,821,1998,1170
3580,821,1999,1179
3581,821,2000,1152
3582,821,2001,1150
3583,821,2002,1442
3584,821,2003,1341
3585,821,2004,1103
3586,821,2005,1195
3587,821,2006,1112
3588,823,1994,429
3589,823,1995,394
3590,823,1996,362
3591,823,1997,377
3592,823,1998,473
3593,823,1999,494
3594,823,2000,586
3595,823,2001,519
3596,823,2002,420
3597,823,2003,398
3598,823,2004,391
3599,823,2005,349
3600,823,2006,363
3601,825,1994,32
3602,825,1995,48
3603,825,1996,35
3604,825,1997,27
3605,825,1998,37
3606,825,1999,19
3607,825,2000,28
3608,825,2001,38
3609,825,2002,35
3610,825,2003,36
3611,825,2004,20
3612,825,2005,12
3613,825,2006,11
1744,825,2007,19
1745,825,2008,14
1746,825,2009,20
1747,825,2010,28
1748,825,2011,24
1749,825,2012,25
1750,825,2013,31
1751,825,2014,32
1752,825,2015,34
1753,825,2016,30
1754,825,2017,35
1755,825,2018,25
1756,825,2019,21
1757,825,2020,15
1758,825,2021,20
1759,825,2022,23
3614,827,1994,236
3615,827,1995,206
3616,827,1996,238
3617,827,1997,279
3618,827,1998,360
3619,827,1999,332
3620,827,2000,366
3621,827,2001,329
3622,827,2002,370
3623,827,2003,358
3624,827,2004,333
3625,827,2005,349
3626,827,2006,296
3627,829,1994,148
3628,829,1995,178
3629,829,1996,168
3630,829,1997,171
3631,829,1998,173
3632,829,1999,174
3633,829,2000,202
3634,829,2001,202
3635,829,2002,210
3636,829,2003,190
3637,829,2004,167
3638,829,2005,183
3639,829,2006,201
3640,831,1994,68
3641,831,1995,90
3642,831,1996,104
3643,831,1997,138
3644,831,1998,193
3645,831,1999,144
3646,831,2000,164
3647,831,2001,177
3648,831,2002,184
3649,831,2003,167
3650,831,2004,170
3651,831,2005,174
3652,831,2006,156
3653,833,1994,73
3654,833,1995,90
3655,833,1996,85
3656,833,1997,89
3657,833,1998,98
3658,833,1999,95
3659,833,2000,111
3660,833,2001,105
3661,833,2002,113
3662,833,2003,99
3663,833,2004,114
3664,833,2005,124
3665,833,2006,147
3666,835,1994,311
3667,835,1995,251
3668,835,1996,255
3669,835,1997,249
3670,835,1998,269
3671,835,1999,250
3672,835,2000,261
3673,835,2001,255
3674,835,2002,307
3675,835,2003,333
3676,835,2004,269
3677,835,2005,269
3678,835,2006,279
3679,837,1994,243
3680,837,1995,211
3681,837,1996,230
3682,837,1997,239
3683,837,1998,229
3684,837,1999,193
3685,837,2000,195
3686,837,2001,199
3687,837,2002,223
3688,837,2003,193
3689,837,2004,207
3690,837,2005,204
3691,837,2006,216
3692,839,1994,196
3693,839,1995,202
3694,839,1996,224
3695,839,1997,214
3696,839,1998,248
3697,839,1999,246
3698,839,2000,264
3699,839,2001,261
3700,839,2002,252
3701,839,2003,299
3702,839,2004,281
3703,839,2005,268
3704,839,2006,315
1760,840,2007,488
1761,840,2008,525
1762,840,2009,608
1763,840,2010,612
1764,840,2011,612
1765,840,2012,646
1766,840,2013,758
1767,840,2014,840
1768,840,2015,879
1769,840,2016,855
1770,840,2017,762
1771,840,2018,672
1772,840,2019,622
1773,840,2020,589
1774,840,2021,501
1775,840,2022,538
3705,841,1994,356
3706,841,1995,335
3707,841,1996,295
3708,841,1997,326
3709,841,1998,297
3710,841,1999,335
3711,841,2000,309
3712,841,2001,297
3713,841,2002,273
3714,841,2003,269
3715,841,2004,270
3716,841,2005,235
3717,841,2006,203
3718,843,1994,183
3719,843,1995,181
3720,843,1996,162
3721,843,1997,156
3722,843,1998,188
3723,843,1999,212
3724,843,2000,208
3725,843,2001,211
3726,843,2002,224
3727,843,2003,209
3728,843,2004,209
3729,843,2005,231
3730,843,2006,211
3731,845,1994,246
3732,845,1995,196
3733,845,1996,165
3734,845,1997,175
3735,845,1998,203
3736,845,1999,217
3737,845,2000,181
3738,845,2001,167
3739,845,2002,170
3740,845,2003,184
3741,845,2004,185
3742,845,2005,177
3743,845,2006,183
1776,846,2007,1061
1777,846,2008,1064
1778,846,2009,1198
1779,846,2010,1296
1780,846,2011,1345
1781,846,2012,1413
1782,846,2013,1610
1783,846,2014,1912
1784,846,2015,1963
1785,846,2016,1798
1786,846,2017,1645
1787,846,2018,1506
1788,846,2019,1430
1789,846,2020,1349
1790,846,2021,1270
1791,846,2022,1239
3744,847,1994,449
3745,847,1995,443
3746,847,1996,481
3747,847,1997,443
3748,847,1998,490
3749,847,1999,442
3750,847,2000,525
3751,847,2001,574
3752,847,2002,528
3753,847,2003,568
3754,847,2004,533
3755,847,2005,528
3756,847,2006,441
3757,849,1994,290
3758,849,1995,210
3759,849,1996,234
3760,849,1997,242
3761,849,1998,241
3762,849,1999,164
3763,849,2000,169
3764,849,2001,181
3765,849,2002,197
3766,849,2003,186
3767,849,2004,182
3768,849,2005,193
3769,849,2006,233
1792,849,2007,782
1793,849,2008,810
1794,849,2009,970
1795,849,2010,967
1796,849,2011,1130
1797,849,2012,1255
1798,849,2013,1406
1799,849,2014,1505
1800,849,2015,1615
1801,849,2016,1538
1802,849,2017,1353
1803,849,2018,1155
1804,849,2019,1001
1805,849,2020,965
1806,849,2021,865
1807,849,2022,837
3770,851,1994,6969
3771,851,1995,6744
3772,851,1996,6375
3773,851,1997,6153
3774,851,1998,6400
3775,851,1999,6432
3776,851,2000,6172
3777,851,2001,6235
3778,851,2002,6499
3779,851,2003,6324
3780,851,2004,6309
3781,851,2005,5946
3782,851,2006,5819
1808,851,2007,6927
1809,851,2008,7010
1810,851,2009,7835
1811,851,2010,8315
1812,851,2011,8408
1813,851,2012,8656
1814,851,2013,9694
1815,851,2014,9781
1816,851,2015,10203
1817,851,2016,9877
1818,851,2017,9273
1819,851,2018,8417
1820,851,2019,8034
1821,851,2020,7874
1822,851,2021,7182
1823,851,2022,7200
1824,860,2007,1985
1825,860,2008,1957
1826,860,2009,2161
1827,860,2010,2108
1828,860,2011,2208
1829,860,2012,2396
1830,860,2013,2755
1831,860,2014,2807
1832,860,2015,2840
1833,860,2016,2576
1834,860,2017,2166
1835,860,2018,1892
1836,860,2019,1737
1837,860,2020,1580
1838,860,2021,1358
1839,860,2022,1362
3783,861,1994,204
3784,861,1995,168
3785,861,1996,179
3786,861,1997,180
3787,861,1998,262
3788,861,1999,247
3789,861,2000,267
3790,861,2001,203
3791,861,2002,276
3792,861,2003,303
3793,861,2004,330
3794,861,2005,269
3795,861,2006,316
1840,997,2007,2028
1841,997,2008,1956
1842,997,2009,2306
1843,997,2010,2582
1844,997,2011,2489
1845,997,2012,2322
1846,997,2013,2483
1847,997,2014,2552
1848,997,2015,2481
1849,997,2016,2601
1850,997,2017,2406
1851,997,2018,2194
1852,997,2019,1830
1853,997,2020,1518
1854,997,2021,1479
1855,997,2022,3594
1856,998,2007,0
1857,998,2008,0
1858,998,2009,0
1859,998,2010,0
1860,998,2011,0
1861,998,2012,0
1862,998,2013,0
1863,998,2014,0
1864,998,2015,0
1865,998,2016,0
1866,998,2017,0
1867,998,2018,0
1868,998,2019,0
1869,998,2020,0
1870,998,2021,0
1871,998,2022,0
