,Train,Test,sample size,muni_code
0,1.8623846951269847e-05,2.378183764688627,3,860
1,0.001773168616134746,2.6703970078792603,6,860
2,0.0021112130227822073,0.45329383947872975,9,860
3,0.002247436609371254,0.906964468448374,12,860
4,0.007954258537370789,4.44684483092075,16,860
5,0.014909981911507598,0.31285463683393494,19,860
6,0.014771349125379998,0.4821646379289134,22,860
7,0.02322134979877622,7.266427921365121,25,860
8,0.03169390456344205,0.20673420473764353,28,860
9,0.03626831582811012,1.4522353784142006,32,860
10,0.03378331497290152,0.39350406694874607,35,860
11,0.034887244917046076,0.35532416774639203,38,860
12,0.0333883654573894,1.2535665400101643,41,860
13,0.032702633449725446,1.20542809038749,44,860
14,0.032886288792984365,0.32592717874775456,48,860
15,0.03318447342857181,0.4252846831067603,51,860
16,0.033847428777543966,0.5762643991789094,54,860
17,0.03789517626641905,0.9177508651289357,57,860
18,0.045684443771819225,0.1841712643777344,60,860
19,0.04991218210201141,0.3690311264714988,64,860
20,0.0013514947420310158,2.391671730589439,3,851
21,0.0018131408509799237,2.253269136742061,6,851
22,0.0023625541815280064,1.6297292487632693,9,851
23,0.0036048920285041163,0.48653042040609557,12,851
24,0.005528006623876389,0.13971045371806262,16,851
25,0.00757443419824399,0.08401397291690435,19,851
26,0.008314577000498155,0.09053689070960949,22,851
27,0.00921887132436668,0.09213608235755608,25,851
28,0.010122296326083371,0.08983540431446799,28,851
29,0.011840336225168753,0.08092795357403257,32,851
30,0.015434235038138813,0.09128072426959463,35,851
31,0.017901770539383095,0.06333301506946377,38,851
32,0.020194766651241234,0.0889370085704192,41,851
33,0.021658871970562564,0.21038185955353722,44,851
34,0.021723965628453974,0.1803776003321914,48,851
35,0.021570743469136615,0.1531710626278008,51,851
36,0.020946955206073238,0.10125005238722787,54,851
37,0.02143586472952289,0.03445930973198042,57,851
38,0.02125757403743792,0.03351607679896622,60,851
39,0.022685530610140336,0.03318830788380152,64,851
40,0.0008475682417158995,2.107097485434663,3,849
41,0.05884265022119284,5.025179671200866,6,849
42,0.042725688045036236,1.3607575572210289,9,849
43,0.05620817627281395,3.119139430574317,12,849
44,0.047013618102726196,1.600063725807093,16,849
45,0.04544641280841712,1.3005732923707338,19,849
46,0.06919675986279569,1.9115662127148982,22,849
47,0.07279318964070747,0.3847374851202553,25,849
48,0.06828184333021799,5.943806182532123,28,849
49,0.07725774004963236,5.720704269373729,32,849
50,0.07285456971162708,2.0303157004130723,35,849
51,0.06961430539079849,1.7424866769658844,38,849
52,0.06730966576133537,1.1067117783512932,41,849
53,0.06621772781720711,0.6636035299436935,44,849
54,0.07539419653603274,0.397248395732098,48,849
55,0.0768575718315589,0.38150525544069036,51,849
56,0.0917603367356605,0.43214857928709005,54,849
57,0.11093342223779012,0.23687898529870868,57,849
58,0.12771648902225657,0.29414762645136355,60,849
59,0.1357890225035427,0.602032338519946,64,849
60,0.004341915868597176,2.9286046144878477,3,846
61,0.021590848154118342,2.7135592898521534,6,846
62,0.03421192087381529,3.6356272929388593,9,846
63,0.03080780219034355,4.32868696591712,12,846
64,0.03616650472554547,3.126890495069105,16,846
65,0.03493860582435181,2.026971080794581,19,846
66,0.04316176723887223,0.6893289092725757,22,846
67,0.06991476844775027,1.7776042240398429,25,846
68,0.07007292447370171,1.7341725523837792,28,846
69,0.0754882203897774,2.4298953907847265,32,846
70,0.07772011148652741,0.5209761427001036,35,846
71,0.07899156127334382,0.2831712432108566,38,846
72,0.08756150887274956,0.33258115922561843,41,846
73,0.09296226001458524,0.29960788018564405,44,846
74,0.09744879931946958,0.33998203727784987,48,846
75,0.09819068665318911,0.325113676503442,51,846
76,0.10995686079921443,0.3235208712336014,54,846
77,0.13783258559037986,0.38130728539088576,57,846
78,0.13551541364422964,0.311143777175237,60,846
79,0.1502822116798632,0.22909721796002464,64,846
80,0.0007940480055241915,3.0266953701290062,3,840
81,0.003184073542720417,2.68003646912815,6,840
82,0.004995882399319436,1.509442554353942,9,840
83,0.009843071233777808,0.17798169276483766,12,840
84,0.01138793957803449,0.12568903270287818,16,840
85,0.011516630995162107,0.15105331878015735,19,840
86,0.012210026383470936,0.11644327104152188,22,840
87,0.012693553974736194,0.10413604706910458,25,840
88,0.01594394824638081,0.10731469854528478,28,840
89,0.020743879652750142,0.10390153838156739,32,840
90,0.025182522805930953,0.108235917053297,35,840
91,0.03100182411012236,0.14609326006298756,38,840
92,0.0342327443325398,0.12971854905221897,41,840
93,0.03589451787510356,0.14556736875311355,44,840
94,0.03775808631717632,0.1263915722515596,48,840
95,0.040262387907216965,0.126279458181512,51,840
96,0.043844538323059,0.16118523679701982,54,840
97,0.04664041256324222,0.14064295661022733,57,840
98,0.04886411183610763,0.11709710843695578,60,840
99,0.05588044162727903,0.11471554679072522,64,840
100,-0.0,2.516277814675358,1,825
101,0.00541763200677254,3.812023333496144,3,825
102,0.5591588571465255,31.314715178787253,5,825
103,0.4920562866123303,26.99616378176812,6,825
104,0.42276115675917997,22.38120155710804,8,825
105,0.38803018061650196,2.4532350371424188,10,825
106,0.38082849320846984,0.6558685092331227,11,825
107,0.34823362359701443,0.9738049638913795,13,825
108,0.3167180952078952,0.8722177574979864,15,825
109,0.2928916904975077,0.9393918600282104,17,825
110,0.2797222672741403,0.9505012899075682,18,825
111,0.2562328127513329,0.9404854911586746,20,825
112,0.24344600848555667,0.9063272467936692,22,825
113,0.24593337249812813,0.9139988717091617,23,825
114,0.2488256277227602,0.9008030063038577,25,825
115,0.2504371483161122,0.7815428417460922,27,825
116,0.2535475457938379,0.5574294799403579,28,825
117,0.2930758477314342,0.5470131175068905,30,825
118,0.28752986071870346,0.5371677412309975,32,825
119,0.3255621826850014,0.5194426973630114,34,825
120,0.030885952954895872,2.7866474241226276,3,820
121,0.04623964329368403,0.8164488970381647,6,820
122,0.06295153999810275,6.423164206422436,9,820
123,0.0819014109604224,2.4676747832020847,12,820
124,0.10361263544668649,0.4995376359114602,16,820
125,0.13018263487712134,0.46499648301252466,19,820
126,0.12737337293421766,0.474395912418506,22,820
127,0.17933507734281728,0.37433433517604164,25,820
128,0.1863577450809511,0.32080201804198355,28,820
129,0.19185881623468928,0.32648851020376324,32,820
130,0.17861700005029565,0.33694106784991823,35,820
131,0.17550115437267486,0.30980263773241645,38,820
132,0.17924361701388314,0.30750734524168394,41,820
133,0.17699337091154016,0.30550884970416936,44,820
134,0.20012190357393797,0.33318574445667376,48,820
135,0.23219423903698466,0.34385413375926704,51,820
136,0.25166631537589695,0.32341136552640415,54,820
137,0.2528675514517635,0.3207778750043536,57,820
138,0.25414443881964194,0.3126647931232883,60,820
139,0.25795832531372204,0.3141567022439121,64,820
140,0.0021875449280233166,3.2940524902833728,3,813
141,0.005070840837764089,0.9170248753663444,6,813
142,0.010547694129166642,3.622883939065173,9,813
143,0.009578414541728248,0.43463404560833896,12,813
144,0.010188969568763319,0.5483254747987506,16,813
145,0.011443300063511472,0.40794413237854527,19,813
146,0.014850087563497117,0.38191006907087205,22,813
147,0.021313555158991086,0.3620533636946622,25,813
148,0.024821959000515058,0.2534576686713329,28,813
149,0.038829884927777815,0.5058798658218018,32,813
150,0.044058452458232644,0.6180727214148807,35,813
151,0.05107568732569967,0.5464574406060495,38,813
152,0.055585820687836685,0.34183734743061,41,813
153,0.06430084280994891,0.31866140524849557,44,813
154,0.07409698606723357,0.2725714356156616,48,813
155,0.07968018251266687,0.24487670638488304,51,813
156,0.08536516376042613,0.22383192013642778,54,813
157,0.09047334277369792,0.20273928247039122,57,813
158,0.09439467210375257,0.151926792589457,60,813
159,0.09385664379458573,0.12957252579177964,64,813
160,5.665169182276769e-08,2.982312435420668,3,810
161,0.119630770133806,42.72141417354213,6,810
162,0.13490846998942488,6.952889852497153,9,810
163,0.12126462325118408,2.3614611805681585,12,810
164,0.10104359261323966,4.67149798644715,16,810
165,0.10741812291189881,2.8707082728871045,19,810
166,0.11007820930561144,3.438750440950656,22,810
167,0.11221349531251054,10.578516044755052,25,810
168,0.11417936737837509,3.380128952355271,28,810
169,0.13141625091344283,1.0024515249404395,32,810
170,0.12720063467401538,2.0832140976326623,35,810
171,0.12505395599167676,1.9113838172550914,38,810
172,0.13180804466161683,1.2635793283395558,41,810
173,0.12783418301522867,1.5039174176406227,44,810
174,0.17817081224728148,1.080810429894858,48,810
175,0.1817448044177572,0.9678676468772143,51,810
176,0.18145211993388582,0.8694424535707379,54,810
177,0.20989712423567827,0.4470321078656486,57,810
178,0.2270887290800488,0.4644580550520846,60,810
179,0.22219748026760106,0.7222268083835424,64,810
180,0.000998819477018389,2.85270366330266,3,791
181,0.0021711234722404647,2.534210110155853,6,791
182,0.002506349923996616,3.2214453733573487,9,791
183,0.003168416470626316,0.25463030124050867,12,791
184,0.004181583021662346,0.19515279305331362,16,791
185,0.006084440544305334,0.2208772149308925,19,791
186,0.00668194398242975,0.19552922660141342,22,791
187,0.009763261884287994,0.1980527249779196,25,791
188,0.012580258418830467,0.20081970850282263,28,791
189,0.02041070115522218,0.13388801968631953,32,791
190,0.024653383721394233,0.11694625209163748,35,791
191,0.03287074079300752,0.12923821338225433,38,791
192,0.03846436897448271,0.16728200557382916,41,791
193,0.043302356200532986,0.17484494329013284,44,791
194,0.04343216877963994,0.1091916349148292,48,791
195,0.046195573902680476,0.08965711448305853,51,791
196,0.04684801703709328,0.09489846908419697,54,791
197,0.047114780615435364,0.09838178058671807,57,791
198,0.04732918811656284,0.0781887271760672,60,791
199,0.04612690740931867,0.07174445167984596,64,791
200,0.000899869666525617,3.1664351921247946,3,787
201,0.002690743260634323,0.34946593732389797,6,787
202,0.02980513424184688,1.2281574925192544,9,787
203,0.023434620809770393,2.1546905621774,12,787
204,0.02509524242724301,3.02330079448739,16,787
205,0.030051315103439225,0.48191737530762513,19,787
206,0.029199297184646106,2.062229261957511,22,787
207,0.029175389424200365,0.89051370703034,25,787
208,0.03808146218577083,1.3161615695551678,28,787
209,0.037048466050903575,3.4138436706618682,32,787
210,0.04426722215697208,3.591307356186256,35,787
211,0.04734061425714831,2.792840655023009,38,787
212,0.04930325470996748,3.212676425258361,41,787
213,0.057350927408964136,2.387385960242482,44,787
214,0.06562060731053315,1.165518373316639,48,787
215,0.08092481118114306,1.3600133086368136,51,787
216,0.08189213055199376,1.6896993586386877,54,787
217,0.08582168974414742,0.8886635219071245,57,787
218,0.08659665899510145,0.7519869874131044,60,787
219,0.1283995703342215,0.461482126101214,64,787
220,0.001254052326944809,2.950447337276022,3,779
221,0.006564109298235668,1.0331454806650446,6,779
222,0.024438452631551873,0.26161739124465144,9,779
223,0.0288071350320728,0.6868894587152974,12,779
224,0.029619060162471268,0.28950272060922577,16,779
225,0.029138242446906697,0.5335205607775843,19,779
226,0.03233659010101464,0.2679813548459494,22,779
227,0.03506640756631033,0.2984381618765285,25,779
228,0.036792979245462015,0.34325574763297284,28,779
229,0.04250031165329783,2.473486640289991,32,779
230,0.04224966598580926,0.26607319012147157,35,779
231,0.041581292415002295,0.488955041813111,38,779
232,0.0475560397718788,0.2693429470088767,41,779
233,0.05179518409198723,0.37919384118265026,44,779
234,0.07832573142237076,0.2328228497082921,48,779
235,0.08232239303836489,0.24392489580250237,51,779
236,0.08848377988815528,0.26646845798776264,54,779
237,0.09203416489960509,0.20426340947306265,57,779
238,0.08947094962313576,0.19455409172055535,60,779
239,0.12549152343567052,0.18155777530808342,64,779
240,0.0007986371109891856,3100.299013810837,3,773
241,0.010437640616625658,2.3318600017710382,6,773
242,0.0661458366989771,7.347999909987931,9,773
243,0.11744225673162474,10.688863193131114,12,773
244,0.12139221214777651,0.8517261571651374,15,773
245,0.17783602239859922,1.0190167012742326,18,773
246,0.20937799995056433,0.5722711566324403,21,773
247,0.28531520381587877,0.6747615543950288,24,773
248,0.2783307419757798,0.9008988112081573,27,773
249,0.3077993369816829,0.5293501120722202,31,773
250,0.30280992014795155,0.5518284876846387,34,773
251,0.28296686388578857,0.4836764773607598,37,773
252,0.29297845045248183,0.47304146949319004,40,773
253,0.29009873367211536,0.4546380161080016,43,773
254,0.2886016950941997,0.48727001250493523,46,773
255,0.28404661195408615,0.47851597026590775,49,773
256,0.2820391180786475,0.5621254908587887,52,773
257,0.27707383064499624,0.44192533482852153,55,773
258,0.3131193837261092,0.43335378273524955,58,773
259,0.3617936811712811,0.434018895011377,62,773
260,0.00786139170997179,4.004288708461419,3,766
261,0.0157945406768298,1.8712702051299313,6,766
262,0.01425836721367002,1.5378446407578512,9,766
263,0.015290017637247317,0.8568079975980739,12,766
264,0.0225363381433786,0.554713516956042,16,766
265,0.024070292681833878,0.4452285119169061,19,766
266,0.02799423289342748,0.33291879694513954,22,766
267,0.03398712403789882,0.23765158196371788,25,766
268,0.032596305436701764,0.23201029540659715,28,766
269,0.03835333684593631,0.26505461376629114,32,766
270,0.055133627359068516,0.2848342469927194,35,766
271,0.0646643822147445,0.27086024185032953,38,766
272,0.08955510368826883,0.8302838858179534,41,766
273,0.09227145437801021,0.618122513759338,44,766
274,0.11840354640822659,0.39875910826964256,48,766
275,0.11741190712508118,0.3443567053784916,51,766
276,0.12500773269128024,0.5034679683526848,54,766
277,0.12370728114638471,0.2775362456734853,57,766
278,0.12212654377106842,0.24964193748083668,60,766
279,0.12937280638636797,0.23915143522896068,64,766
280,0.2004678670790702,11.051842923583667,3,760
281,0.20288801627056366,136.09964142994727,6,760
282,0.1960054779279071,54.43549536200368,9,760
283,0.2094557269797101,124.0878106332223,12,760
284,0.24517707499919653,27.51859443724755,16,760
285,0.28715522669398,9.133541013080297,19,760
286,0.29382885479260473,106.556845217416,22,760
287,0.3630295748492369,317.4940103902371,25,760
288,0.4130595659151769,172.66385460830855,28,760
289,0.46060672103686784,9.90095798004469,32,760
290,0.487784429912959,1.3267926971333026,35,760
291,0.5613001799291925,0.9273555362406652,38,760
292,0.597067987735827,1.0729936831587956,41,760
293,0.6007994137676205,0.8392528488560413,44,760
294,0.6138467756537608,0.7200538448033946,48,760
295,0.6103928006116683,0.7031805668944318,51,760
296,0.6107478287334123,0.7112944430870369,54,760
297,0.6181558028893669,0.7379359195112496,57,760
298,0.627080523026226,0.7608456516965012,60,760
299,0.6367657969224426,0.7816756093001859,64,760
300,0.0021827059382698816,3.0834503644011266,3,756
301,0.0064989431677375305,1.3575146140113181,6,756
302,0.011754624448652917,1.7990830079081466,9,756
303,0.013427174836638283,1.135993070521708,12,756
304,0.02767422346567658,0.621064444541744,16,756
305,0.04030533971123852,0.2687861125861367,19,756
306,0.04413154930031674,0.21192777817097314,22,756
307,0.05492634478017745,0.2526999069973909,25,756
308,0.05808832383196918,0.23364724998874742,28,756
309,0.06646482736775083,0.20936804149180607,32,756
310,0.06689208691313014,0.19621697969305535,35,756
311,0.0681960291541795,0.20128946540024173,38,756
312,0.0810159614055436,0.18623607050975283,41,756
313,0.08380111765616813,0.18765741114550588,44,756
314,0.09468031680733505,0.1762572426684106,48,756
315,0.1012668657718557,0.16409323221124428,51,756
316,0.10533721306275698,0.1559872503935003,54,756
317,0.10409210013862272,0.1480816288934387,57,756
318,0.10585219829818497,0.1498880688182372,60,756
319,0.11413289430394828,0.15386832129318645,64,756
320,1.6515227231746874e-05,2.2042378688555564,3,751
321,4.3293043147435644e-05,2.2698018324695317,6,751
322,0.0003030968045361274,0.49755607787429773,9,751
323,0.0009879033308726848,0.4084728472959065,12,751
324,0.00168357059935119,0.21456084883795207,16,751
325,0.0021442129510198023,0.19174823414328232,19,751
326,0.0026851953902273817,0.1824787361741171,22,751
327,0.003797643136038552,0.17199133940475225,25,751
328,0.004729026334625014,0.17327887254238397,28,751
329,0.008678761680844383,0.19683910057021156,32,751
330,0.010175219749240913,0.20160416760273395,35,751
331,0.015694679045065236,0.14990301059272623,38,751
332,0.019155054728021304,0.18468356158193727,41,751
333,0.02146074295057408,0.19708765499073783,44,751
334,0.024173987721085477,0.17771087187853746,48,751
335,0.02615336438855953,0.16144161064064155,51,751
336,0.026648536768790837,0.17084972745964017,54,751
337,0.027992692581386102,0.07515578711063617,57,751
338,0.02814669619832371,0.06428557995143394,60,751
339,0.03146611000513717,0.05768971375493107,64,751
340,0.0004739925746889852,2.665069403266745,3,746
341,0.001034789790108151,1.9457816466609887,6,746
342,0.0023084935218362366,0.9481995624011704,9,746
343,0.00341290037979926,0.6250383736581241,12,746
344,0.004817128884200689,0.7046744457881207,16,746
345,0.005502602824372196,0.5384097535570082,19,746
346,0.006223962050682612,0.5075059404081348,22,746
347,0.00673249747305619,0.5430737313629783,25,746
348,0.008748558479246233,0.46880285357296847,28,746
349,0.009258032317102899,0.3602426040916744,32,746
350,0.013915823982132225,0.0667526835687012,35,746
351,0.016752851024605907,0.06391219457495526,38,746
352,0.018906737818809385,0.07282633390593614,41,746
353,0.022759089066270523,0.07144553651211856,44,746
354,0.023405844799957318,0.06072531944282966,48,746
355,0.025876609972959513,0.05586101905240316,51,746
356,0.025822651298396827,0.055005447554845446,54,746
357,0.02675346851578702,0.052060227089957146,57,746
358,0.026732898888443168,0.04991235271488269,60,746
359,0.029281270657237003,0.04714707111554508,64,746
360,0.019946137490746176,2.6516546684262656,3,741
361,0.05536795882927313,4.344253735974388,6,741
362,0.06183251177221481,2.219374595931485,9,741
363,0.1792368849513189,11.000648169210717,12,741
364,0.24693680225755443,2.003374738978983,15,741
365,0.2776639274848057,1.464461263372799,18,741
366,0.3236496885388207,1.2640981496845416,21,741
367,0.35185617411522135,0.832030320634674,24,741
368,0.36577169149499555,0.9142348046965602,27,741
369,0.359741868300396,0.7807097022943426,31,741
370,0.3700784633593635,0.8263667906558247,34,741
371,0.3550927784289741,0.7921812726195667,37,741
372,0.4905413740917874,1.139268186069299,40,741
373,0.5047045906979335,1.5847813998673703,43,741
374,0.5976107438272266,1.2432904724106881,46,741
375,0.6763789682739306,1.039154299927846,49,741
376,0.6690079781861706,1.8727675294121717,52,741
377,0.70204266561164,0.9281962814597421,55,741
378,0.6843195382361318,0.7989332058459243,58,741
379,0.6755856950851762,0.7951233602828836,62,741
380,0.0025458944076265618,2.3830762504112597,3,740
381,0.00431338988324118,2.991900514674518,6,740
382,0.00452074640034131,1.5613075592816474,9,740
383,0.0049223108096578625,0.687346538338618,12,740
384,0.0074481261367120065,0.2925347247787432,16,740
385,0.010853769585378498,0.19377389434707037,19,740
386,0.012310124665226786,0.1551309648255209,22,740
387,0.014553384087570596,0.22050489865685505,25,740
388,0.021386911270272903,0.1914676972685296,28,740
389,0.02524039684359682,0.20061771981972196,32,740
390,0.03310234635742394,0.18052730690253352,35,740
391,0.03675107604741875,0.16459717336637975,38,740
392,0.03996140439716385,0.1072399150463768,41,740
393,0.04288164379355132,0.10455693805523184,44,740
394,0.0472803809720795,0.09613907972488878,48,740
395,0.050738526599654984,0.08367705546713211,51,740
396,0.05025730164787353,0.08195610305627936,54,740
397,0.050945350363912914,0.08087834044577889,57,740
398,0.05059106126644416,0.07353794757143559,60,740
399,0.050362166654873974,0.0694644072168649,64,740
400,9.015589275194918e-05,3.010757456307767,3,730
401,0.000250340008245162,0.8528267799619549,6,730
402,0.00034574749265988027,2.3338825563183607,9,730
403,0.0010321883466803488,1.7201164170465943,12,730
404,0.002675877205153486,0.6088380682680301,16,730
405,0.003111340151927072,0.15454921525356863,19,730
406,0.003670086362736813,0.18811008917147656,22,730
407,0.004408181500640086,0.33068852910275454,25,730
408,0.007439885515798069,0.5355552553438981,28,730
409,0.008834361988477868,0.42426528309580014,32,730
410,0.014687489474297039,0.10381250490530429,35,730
411,0.01625447246011106,0.09444811376681764,38,730
412,0.020478278571839342,0.07127357408798138,41,730
413,0.02248008400640868,0.07123931319730896,44,730
414,0.02670539541313574,0.07018783205936027,48,730
415,0.031955062825331323,0.07077725260823252,51,730
416,0.03457454108698963,0.06715975998257913,54,730
417,0.03622368233148741,0.0628855785175638,57,730
418,0.03873249191998061,0.06545449475447543,60,730
419,0.0394797608279545,0.0737170281842671,64,730
420,0.000802560491808872,3.764240920590937,3,727
421,0.0024532440028692147,3.0699118701708867,6,727
422,0.0024150940460558523,1.6481454381862453,9,727
423,0.0042119658148526504,0.26253082335342626,12,727
424,0.006632305083206977,0.5114306016470638,16,727
425,0.012101554211840324,0.2226844430954115,19,727
426,0.011962690015469393,0.3201995178132932,22,727
427,0.014298034620354167,0.20679949368981596,25,727
428,0.015453331544622483,0.1776975024581082,28,727
429,0.018970020117466305,0.19810626691471542,32,727
430,0.02538706466999998,0.2005321243647073,35,727
431,0.025435743525275063,0.17597286138266577,38,727
432,0.037172920828672885,0.11753466582449437,41,727
433,0.04335131298058072,0.12782181065881248,44,727
434,0.05527596331906137,0.1118511825373975,48,727
435,0.056973743453606826,0.10311133336455744,51,727
436,0.061021735905451326,0.10299204568980717,54,727
437,0.058681527256299895,0.09957541908463652,57,727
438,0.05739533298929911,0.10066882281319042,60,727
439,0.055534955121233465,0.09293409858568667,64,727
440,1.6600301087488258e-06,2.5734807699954882,3,710
441,0.0009325320693618435,3.5684717142873303,6,710
442,0.0021809572333665937,1.7074314119980152,9,710
443,0.0038854891028013232,0.5481726458556244,12,710
444,0.004312150629517306,0.43457302951806404,16,710
445,0.007659811137162203,0.4111499534687728,19,710
446,0.009731941727317447,0.6773130390305612,22,710
447,0.01135430684605054,1.087839198914771,25,710
448,0.01325807042560612,0.8546291162679587,28,710
449,0.016880820005658246,0.5114773503909958,32,710
450,0.018213831619147004,0.16538606200875844,35,710
451,0.022671104220301486,0.19243343840849103,38,710
452,0.024675748339881447,0.1794764518030824,41,710
453,0.028060762414435603,0.18771759432339583,44,710
454,0.0327154717427488,0.15371905780993872,48,710
455,0.03714716597162719,0.09348451453206752,51,710
456,0.036737040020074906,0.07412743769169508,54,710
457,0.03724577995235974,0.06507543737736698,57,710
458,0.04115592064939724,0.0670957138488453,60,710
459,0.0415207915806488,0.062357939673633,64,710
460,0.0011796251615415869,4.101349388813128,3,707
461,0.003551224176102457,0.26570683738707496,6,707
462,0.004116839025696055,0.9134108091059421,9,707
463,0.008930734401340032,0.7201611294449183,12,707
464,0.009181639964884478,17.21073175494884,16,707
465,0.013557805781622186,13.602922895799463,19,707
466,0.013623369439310501,15.04121673305961,22,707
467,0.015874691826223433,5.675477415581238,25,707
468,0.019336948764660817,2.0413756429274814,28,707
469,0.027900788009474892,0.5963953245271763,32,707
470,0.029025557315930095,2.488334093560294,35,707
471,0.038325005521895925,0.6498216861303054,38,707
472,0.039189563786545416,1.3348628434391832,41,707
473,0.04066012698031679,0.8581522789867349,44,707
474,0.042244466154571926,0.4346011421393823,48,707
475,0.043721367867827224,0.14571709488302106,51,707
476,0.04969568542025536,0.2642184949342221,54,707
477,0.0539427261365219,0.169824554777678,57,707
478,0.05399795611441703,0.1678986381320906,60,707
479,0.06406282586558194,0.16572445147688777,64,707
480,8.604979014089972e-05,4.093665408683799,3,706
481,0.00863009177334213,0.8035303966508349,6,706
482,0.0094912033247238,1.5763089182202945,9,706
483,0.008853194520764333,0.48327637776008353,12,706
484,0.007762198507767224,0.6229615592843668,16,706
485,0.01233375239151195,0.21851277390443932,19,706
486,0.011752196346811803,0.21094032454208755,22,706
487,0.014166084136593407,0.13319158390597646,25,706
488,0.015269791695284123,0.19073923945840868,28,706
489,0.01753882225361052,0.16842695209464772,32,706
490,0.024367261413535055,0.2301986852753981,35,706
491,0.03032637455366442,0.20843353952238708,38,706
492,0.04142129813183172,1.3491604694186692,41,706
493,0.04851214594503195,0.7247008744043457,44,706
494,0.05349785324409527,0.27794498653930894,48,706
495,0.058960910101007666,0.23401296306972602,51,706
496,0.061957873738326716,0.265652986324875,54,706
497,0.06612276267244681,0.13577299689220299,57,706
498,0.06890748960740815,0.10052246358015234,60,706
499,0.06833855927556572,0.1008056734904561,64,706
500,4.744199488358266e-05,3.4248722587961837,3,671
501,0.04992050981649702,0.3672743193080991,6,671
502,0.04766441486279816,0.37599993095278916,9,671
503,0.04121341765447203,0.7587663446090541,12,671
504,0.03480491785553494,1.1815750252480268,16,671
505,0.033882307414175215,0.84570492582066,19,671
506,0.03305147725935379,0.6775554625948519,22,671
507,0.04359440946519606,1.722829008979368,25,671
508,0.04311104924994557,0.8450644390561891,28,671
509,0.05070654574618673,0.8270555361677676,32,671
510,0.05457792480189013,2.0588848073166255,35,671
511,0.05473223631871717,1.6353540066826504,38,671
512,0.06374016530679759,1.4758575157998721,41,671
513,0.0789084161530952,1.53385309646514,44,671
514,0.09683872941357588,1.155846384571058,48,671
515,0.10046287634893528,0.9272388610871285,51,671
516,0.10773385961185818,0.5727047153711057,54,671
517,0.12665065734822295,0.29415846838765464,57,671
518,0.13720761175103013,0.29363228240807404,60,671
519,0.22380233642106528,0.29095679988769757,64,671
520,0.03247533358290769,3.1479982078635613,3,665
521,0.04666092090332948,1.4136794899020428,6,665
522,0.05718403338081964,1.350862903035123,9,665
523,0.061173487887193165,1.5627894915199823,12,665
524,0.06619798201815144,0.9978716111599729,15,665
525,0.0794438073477758,0.6593083260154016,18,665
526,0.11089886339876669,9.10575388562347,22,665
527,0.19019850944410324,0.5492259010874075,25,665
528,0.2031009233086341,0.7697560719131863,28,665
529,0.2675441195073426,5.196284680626264,31,665
530,0.28443864906307825,1.7005173348895728,34,665
531,0.2808706282332916,0.8795212769988193,37,665
532,0.28879608033066645,0.6998609868101171,40,665
533,0.2975119842357396,0.725197662883534,44,665
534,0.2942709350889291,0.7534510385640519,47,665
535,0.28980130793495384,0.5729192018952357,50,665
536,0.31659205333946394,0.570331499010409,53,665
537,0.3073801676260646,0.5336397532282093,56,665
538,0.32495086307250115,0.49054005316301075,59,665
539,0.3494700101941727,0.5973793968608678,63,665
540,0.007245629759955191,2.6427966869145956,3,661
541,0.01158685974988575,1.9385273943624852,6,661
542,0.011457179795132092,0.8079789654775634,9,661
543,0.013956920103254028,0.41152644532374427,12,661
544,0.015464452006228434,0.4897449765273227,16,661
545,0.016329788874772863,0.3886297017750155,19,661
546,0.019524777501408696,0.38182190395213256,22,661
547,0.02145174483870203,0.3508857534611895,25,661
548,0.03149795994927226,0.29559495458749024,28,661
549,0.034210361700597415,0.25096744751070066,32,661
550,0.04220498572049089,0.23833395347970732,35,661
551,0.04860507530879403,0.18487058118986688,38,661
552,0.053109500195664905,0.18144367769808134,41,661
553,0.06316644762545595,0.1574975349659306,44,661
554,0.07185956796897433,0.1368335132398849,48,661
555,0.07678318847941303,0.13305598088232048,51,661
556,0.0792340392862948,0.1455770691502417,54,661
557,0.0873275787584375,0.17523534708684144,57,661
558,0.09003143911797372,0.17539458735026947,60,661
559,0.08924223436670345,0.16214636910853739,64,661
560,0.0035006182559184896,2.541203248594247,3,657
561,0.005245160990403666,0.9324400134430206,6,657
562,0.006040509308073374,0.24905068889880372,9,657
563,0.006749017891701984,0.2489238022021009,12,657
564,0.008191167490521503,0.33014421179912656,16,657
565,0.009132762836438001,0.35340525540956086,19,657
566,0.011018504360190747,0.3101284779208196,22,657
567,0.014347360286067205,0.22103119333871574,25,657
568,0.017491842077454876,0.21290907781158874,28,657
569,0.026359898830823986,0.26046376998737875,32,657
570,0.036214382751025356,0.1618416393855648,35,657
571,0.047361933413843385,0.16472544059560126,38,657
572,0.054512881892469243,0.15518021199872667,41,657
573,0.06224990438949361,0.156166174961424,44,657
574,0.06289152425788316,0.13759089578323885,48,657
575,0.0695257801652947,0.14141982589038612,51,657
576,0.06928022533311262,0.14441605383186953,54,657
577,0.06902793399072665,0.11856643018167508,57,657
578,0.06893985922695621,0.10362922442335128,60,657
579,0.06830426290840624,0.10313668420454658,64,657
580,0.0013514057076433406,2.7533960067131527,3,630
581,0.0021586568223368715,3.1657720717014772,6,630
582,0.002744953526475146,0.7864093555625316,9,630
583,0.004338696043741987,1.1267662019363869,12,630
584,0.005103535330774628,1.951123660070002,16,630
585,0.006529877465342841,2.1334387332660225,19,630
586,0.008695590919917926,0.672463198449802,22,630
587,0.010070718188508368,0.9945235811966491,25,630
588,0.013551251504798644,1.7224397399927511,28,630
589,0.018810734069644834,2.469801575411464,32,630
590,0.02495337809929208,0.21047053061890636,35,630
591,0.03632521603942985,0.26500072732274776,38,630
592,0.040791932693380446,0.1346140713389266,41,630
593,0.04718520237718948,0.14816033426463265,44,630
594,0.04908770813396181,0.12159610897309828,48,630
595,0.0519717060599844,0.10995311405297462,51,630
596,0.05097120165277391,0.14700025362275346,54,630
597,0.053729931780838604,0.11495614317578524,57,630
598,0.05792284650575169,0.11625129302197826,60,630
599,0.05860586976508109,0.1120003060237083,64,630
600,5.4153654193982265e-05,3.791347696691587,3,621
601,0.00195027998055105,3.8399131143533416,6,621
602,0.0015209353550182168,1.8495015874139284,9,621
603,0.0038202128639676066,1.504261924599733,12,621
604,0.006899477485554398,0.3723415901483854,16,621
605,0.007327409556030663,0.7394617511160283,19,621
606,0.009107734264154685,0.7149859001275696,22,621
607,0.010847822085620355,0.8120534901540324,25,621
608,0.015368979879720227,1.0344957758439697,28,621
609,0.021211113175992023,0.7511317273743783,32,621
610,0.02404364136840558,0.2053459918432728,35,621
611,0.033362512321166035,0.1023242928907214,38,621
612,0.034649274462135754,0.08599189200807483,41,621
613,0.03824891228221271,0.08141708756497866,44,621
614,0.03915650336727606,0.0808236994136292,48,621
615,0.042616162025151484,0.08964830532312694,51,621
616,0.0439853785483659,0.09743486646729498,54,621
617,0.043111805741223766,0.08327529838140546,57,621
618,0.04419061120086083,0.07851831043349525,60,621
619,0.04498612649027423,0.08000174755902942,64,621
620,4.105177636548586e-08,3.199820083986105,3,615
621,0.00016583059911177102,0.9894348483242634,6,615
622,0.0005913228628890904,0.3781865144907307,9,615
623,0.0016358652753898193,0.38087939231980006,12,615
624,0.0018599833784230407,0.700997142173749,16,615
625,0.002203612027498047,0.6651308359876633,19,615
626,0.004312453528706683,0.8096775185232765,22,615
627,0.006226958353850692,0.7279928107747292,25,615
628,0.0073882779020701325,0.5641723468825327,28,615
629,0.014367263636431236,0.9726713775397269,32,615
630,0.015722553549326262,0.47558921980366753,35,615
631,0.02929476908281569,0.6370039834248438,38,615
632,0.03187740746904301,0.4615903073196185,41,615
633,0.03745034341298793,0.3649240312507688,44,615
634,0.03891854212427638,0.35202929903281166,48,615
635,0.039128903943958654,0.18516582490330655,51,615
636,0.037376902136720416,0.17295668451723703,54,615
637,0.036266885464208795,0.17213837107277166,57,615
638,0.03486966009418875,0.11082777643762061,60,615
639,0.03315622776183115,0.10404447696324323,64,615
640,0.00041033481602915564,3.6761189485849997,3,607
641,0.0007092147832839105,4.401064879394836,6,607
642,0.0011050687350422695,3.697440872657842,9,607
643,0.002063974483143345,0.7097560755442637,12,607
644,0.004927832442120536,0.5783419706147253,16,607
645,0.006599793362308394,0.3696451515167093,19,607
646,0.006244612249747168,0.24654930535018424,22,607
647,0.007254352337092864,0.39676881730730507,25,607
648,0.008114354019574024,0.4687344535228505,28,607
649,0.010949528462320713,0.5492187139636,32,607
650,0.012237903444361483,0.2555484885007219,35,607
651,0.017872636726512958,0.27594111477330563,38,607
652,0.01842436957025419,0.3022340391184807,41,607
653,0.021927688171299253,0.28395337056986386,44,607
654,0.025106926383645,0.3381184567619257,48,607
655,0.025968114892164308,0.35459046083154355,51,607
656,0.027203643744143257,0.21839545570989255,54,607
657,0.029851086245218546,0.09135850485617879,57,607
658,0.030618461746698012,0.06874870393021952,60,607
659,0.031099280187983202,0.05871150358934798,64,607
660,0.0008094933205750672,4.050506199765076,3,580
661,0.03053021626394937,1.0808446328896886,6,580
662,0.02461065667206082,0.3929000172835984,9,580
663,0.033464557797494375,0.5194968086543106,12,580
664,0.029633989372168913,0.49518732021585254,16,580
665,0.025928978163893335,1.0573685099826977,19,580
666,0.03417756315345201,2.0993686207899103,22,580
667,0.03945043299756238,1.9830034727121615,25,580
668,0.037013138352120334,2.209142533640489,28,580
669,0.04704536849424605,2.602120781525991,32,580
670,0.04615816918986386,3.109096399467365,35,580
671,0.04467372721915856,2.6904756000752776,38,580
672,0.04320497702676068,0.2178931802534913,41,580
673,0.043388212979067795,0.22402357815206048,44,580
674,0.04244950991140524,0.17346557126787235,48,580
675,0.04732289589393284,0.1603465850944299,51,580
676,0.04832625207833681,0.14625861482505087,54,580
677,0.0486210440042887,0.140163036234397,57,580
678,0.04850906802556363,0.42630803845016424,60,580
679,0.08406959016946837,0.12626493380113643,64,580
680,0.0255048010730451,3.6325230205733035,3,575
681,0.03130136820145856,0.6430456643574783,6,575
682,0.029415065850331285,0.9378243606152067,9,575
683,0.04099750144970938,1.282475442838673,12,575
684,0.05371909045087299,0.98985178345411,16,575
685,0.05497037317440049,1.893994206596463,19,575
686,0.05932818261278028,44.38237881339761,22,575
687,0.0940714847733389,3.3441820581854858,25,575
688,0.09586038614651402,2.827594875521201,28,575
689,0.10138060756326506,3.067495092807118,32,575
690,0.11391194801576052,1.7526355296532572,35,575
691,0.11861512858848673,1.1181695069646254,38,575
692,0.12548911040400837,0.8071884287331809,41,575
693,0.13335256791710076,0.7516993622500318,44,575
694,0.1994714562664628,1.753048574186715,48,575
695,0.23724583949253947,1.2863055305005093,51,575
696,0.254973008903414,3.5116280471835437,54,575
697,0.30020063215990467,1.0716048210143403,57,575
698,0.29660575390119304,0.9534139919644827,60,575
699,0.34464049395783014,0.8512133859641651,64,575
700,0.0029383022166965585,3.4263807177540477,3,573
701,0.006146057326923195,1.4166261339744743,6,573
702,0.02789970479015455,1.2480165412841182,9,573
703,0.026928399291094536,2.1510093958083396,12,573
704,0.025331728770892632,0.7023943403564346,16,573
705,0.03026808628767273,0.25951177288127675,19,573
706,0.03831431953341311,0.2534065860818954,22,573
707,0.03995179895300536,0.3256629693625805,25,573
708,0.039601815247475206,0.3243404135825777,28,573
709,0.05248350682609289,0.35966554866728756,32,573
710,0.052791989155784855,0.37807197266951154,35,573
711,0.06221464654847719,0.29618965559156074,38,573
712,0.0721618488112322,0.24535019415734832,41,573
713,0.07270171029046299,0.2665579963398332,44,573
714,0.10282167236879695,0.24751968155943516,48,573
715,0.10561358200094588,0.3074974561337288,51,573
716,0.10491137166973377,0.19351606038031377,54,573
717,0.12273296666097722,0.21826480736011167,57,573
718,0.12711462705424495,0.22344237090692545,60,573
719,0.14036232240037985,0.20144278974467875,64,573
720,0.02766821211465178,1.8686013876815104,3,563
721,0.1413001869981446,6.355259194372222,6,563
722,0.12676215772308355,2.071735732189018,9,563
723,0.13835206818261564,2.0555167059247212,12,563
724,0.266766415041745,1.4592660321529496,15,563
725,0.23569376420394153,0.7306515418806686,18,563
726,0.24625604715503074,1.3626018554661419,22,563
727,0.2585287599626649,1.3153834032997065,25,563
728,0.24595524546099928,1.185827705446722,28,563
729,0.24180996489693402,1.172176474939365,31,563
730,0.2692696549855541,0.6678329383779127,34,563
731,0.26899324791286844,0.5459678477765758,37,563
732,0.2635803407397499,0.5075841443480449,40,563
733,0.2532719722155778,0.499065302238688,44,563
734,0.28043921736805566,0.45752589602114924,47,563
735,0.2834857959422181,0.4452010666420829,50,563
736,0.29084947238532055,0.44788697649055437,53,563
737,0.2863959326610281,0.429319126400501,56,563
738,0.2973971442457394,0.4361096065093224,59,563
739,0.3809330293850132,0.4306256934175634,63,563
740,4.819581620891054e-05,2.2029628105605563,3,561
741,0.0001993458076139624,2.4001839061095387,6,561
742,0.0006163670882593876,1.6416546594467227,9,561
743,0.0008783389020396559,1.6082172511117712,12,561
744,0.0012054169126201472,2.011744377274915,16,561
745,0.0014892671593473915,1.6541751343621947,19,561
746,0.0021458160941994647,0.5280641275107338,22,561
747,0.003399543699219681,2.621843745073645,25,561
748,0.004177231823324393,2.4475786287229537,28,561
749,0.0069901833599366175,1.7275879438394355,32,561
750,0.011011925034745825,0.11899277740305489,35,561
751,0.016031225876955407,0.16582404345662843,38,561
752,0.019419433313292184,0.13884131696998242,41,561
753,0.025278524776184263,0.14693836675634467,44,561
754,0.027777645644729364,0.0730866025935524,48,561
755,0.030290019439731884,0.07797998312324789,51,561
756,0.02992482568084819,0.062439810285170885,54,561
757,0.030611540988083365,0.06100035268579268,57,561
758,0.03129551388339965,0.06135015390855286,60,561
759,0.03201187972639767,0.05642127229171194,64,561
760,0.03863530112615331,1.733179259369555,3,550
761,0.05542493442885713,2.339979778019572,6,550
762,0.06254934899027279,1.733605368807679,9,550
763,0.12023464484085875,2.0483632062639714,12,550
764,0.12916489602985373,1.5083479283728214,16,550
765,0.13622597146496943,2.47124105650885,19,550
766,0.20633104176631184,6.677047206821987,22,550
767,0.19979803534294785,10.607132779920262,25,550
768,0.18618024120187143,8.39563038464052,28,550
769,0.26433817434128526,0.4603784175569926,32,550
770,0.25641939897387767,0.34078199485794863,35,550
771,0.2444210193779734,0.3277283420772417,38,550
772,0.239863314527674,0.31447394962905123,41,550
773,0.23889928382921796,0.3096916773624964,44,550
774,0.23303310968915358,0.318583878747409,48,550
775,0.23156640175699605,0.3206432195947425,51,550
776,0.2429631857988393,0.31708573753888847,54,550
777,0.2727503815517853,0.32452366014925643,57,550
778,0.28398365085058075,0.32573308346631125,60,550
779,0.2901989795534151,0.36616680267738033,64,550
780,0.016470359464156963,3.4340610637484703,3,540
781,0.018645159396829116,2.696855066435762,6,540
782,0.020685550226973888,2.6222562004715497,9,540
783,0.02313476433425384,1.2175460331753463,12,540
784,0.02706747730051919,0.3011662106067471,16,540
785,0.028345750406046793,0.2767006591191466,19,540
786,0.03205763909305868,0.289886455069463,22,540
787,0.03469236610809566,0.24108363564259316,25,540
788,0.04022214538557271,0.23899516438220686,28,540
789,0.05236850370118199,0.2526462494801433,32,540
790,0.058954377342725274,0.26853449650157446,35,540
791,0.07604699383586752,0.19966498324819296,38,540
792,0.07918582120466104,0.19218169885354766,41,540
793,0.0816892829138193,0.1712414100496849,44,540
794,0.08494004952274625,0.15332289743951902,48,540
795,0.0907230987116469,0.14871526224216175,51,540
796,0.09158716233701904,0.14046896606274806,54,540
797,0.10270393189703422,0.16656023364127187,57,540
798,0.1075779248639879,0.18236332729212887,60,540
799,0.10691675333252307,0.15013474422452988,64,540
800,0.001219345400109092,2.601639897476426,3,530
801,0.00891669975249004,0.8217298192235688,6,530
802,0.036618479912328764,1.8305535837479305,9,530
803,0.02883058531183292,3.10169402781895,12,530
804,0.027390958590855868,116.98102460463159,16,530
805,0.024078446475094183,115.10713733975899,19,530
806,0.022690248491754668,72.42758125684149,22,530
807,0.023154539063182614,3.494529213975641,25,530
808,0.026431584287167482,26.729880790277413,28,530
809,0.03521530138539498,8.955407601664206,32,530
810,0.03658813091983566,1.42812120567149,35,530
811,0.04370708820735823,0.1980886814613319,38,530
812,0.04850439073361195,0.194720212968442,41,530
813,0.0509152311170334,0.21499258713794195,44,530
814,0.05480992269939298,0.3797284122837003,48,530
815,0.07369482393758778,0.36150417020115877,51,530
816,0.08143127138478537,0.27271871500496203,54,530
817,0.09190206555430772,0.2964375688350168,57,530
818,0.09976816867547346,0.278319203692312,60,530
819,0.09935423799965579,0.26264612411907395,64,530
820,0.0002837262575345185,3.7111571701331814,3,510
821,0.002511304710322902,0.2884783281934492,6,510
822,0.004457410244878607,0.2645096496290401,9,510
823,0.0089883542675637,1.0841213515505683,12,510
824,0.01405644986977506,2.740219605292745,16,510
825,0.018846686431321865,15.103394439835878,19,510
826,0.023146652035192818,2.4403603248636445,22,510
827,0.03054462863660933,2.2478958596630156,25,510
828,0.02988947710797967,0.93232121401705,28,510
829,0.03374812032397061,0.5847281794551258,32,510
830,0.03255823121506046,0.36823201285934876,35,510
831,0.03879530998232973,1.2566811605012238,38,510
832,0.0426335582109733,0.7092651583650433,41,510
833,0.04240527646587626,0.648049034168537,44,510
834,0.04684857271611119,0.7463111224340502,48,510
835,0.047879816665250895,1.1107668511509214,51,510
836,0.05028257114768715,1.1234910617572633,54,510
837,0.05217797072413625,0.24816092591384056,57,510
838,0.059189977433210986,0.24852075688445668,60,510
839,0.06680300656902446,0.15075302933580598,64,510
840,0.5640506314773608,1.6364332252149463,2,492
841,1.1323064372112839,515.8391866183031,5,492
842,0.8843112716485664,48.26054603514323,8,492
843,1.0033245308753034,23.769842399686677,11,492
844,0.9111893523925854,4.918070225493734,14,492
845,1.1396040302851937,5.608216459657923,17,492
846,1.0788462585109162,4.494223369491548,19,492
847,0.9818805770559239,3.2488694910616807,22,492
848,1.052021989133046,1.5115382594500528,25,492
849,0.9965775525661142,1.3630834455607586,28,492
850,1.0088182278383127,1.2527982334654382,31,492
851,0.9394565593925966,1.1436011127660053,34,492
852,0.9249464780514953,1.049028978443537,37,492
853,0.8970817373766102,1.0658506682823492,39,492
854,0.8806565452188788,1.0175171310891489,42,492
855,0.8498649049154151,0.9981732120893806,45,492
856,0.822987097376035,0.9620689613152097,48,492
857,0.7953071759649157,0.9637329389947903,51,492
858,0.7706040561877943,0.9626881371051924,54,492
859,0.7457467971923318,0.9351920444656162,57,492
860,0.017866192365515697,2.5765777029599977,3,482
861,0.042423837112627795,9.122391599920702,6,482
862,0.05958404205566457,2.314286907706408,9,482
863,0.1124392639152553,0.8446474753435889,12,482
864,0.134094257786817,1.3161761876780562,16,482
865,0.1914233076538357,0.8659857403095772,19,482
866,0.2544663019445158,0.8797073640131815,22,482
867,0.25240030428824956,0.851683518886771,25,482
868,0.347988222365449,0.8692814046600784,28,482
869,0.3372736542254855,0.7930412163518152,32,482
870,0.3566430360001894,0.8316548320828934,35,482
871,0.35819503732409,0.8331708287835996,38,482
872,0.3653924817379171,0.8285026931591071,41,482
873,0.3615008629710408,0.82336970045147,44,482
874,0.38032514949787993,0.7804263581950694,48,482
875,0.4288967511133124,0.7764802492642072,51,482
876,0.4667675656262714,0.7577643934171251,54,482
877,0.593673473750782,0.8400124555760154,57,482
878,0.6276537240978016,0.8465949041169527,60,482
879,0.6921974390130596,0.8072690522441098,64,482
880,0.0009452838194688319,3.0943352863220666,3,480
881,0.002939653339587583,1.3276449761101572,6,480
882,0.02014770699693577,0.3704037364117981,9,480
883,0.018719718964613392,0.36124349026534186,12,480
884,0.029198901923675975,1.4939105402996524,16,480
885,0.030272042775657138,0.8164667532948566,19,480
886,0.04955833082385356,0.479916189993987,22,480
887,0.05062311959272975,0.4400614106297002,25,480
888,0.054044782277380174,0.33621190075074125,28,480
889,0.06264396631353236,0.29865049381817405,32,480
890,0.07585925717760329,0.3085118516477637,35,480
891,0.08445071832114281,0.3172274266679346,38,480
892,0.09517763767864067,0.31541471225338713,41,480
893,0.10388020594143917,0.34349390695621135,44,480
894,0.12494967463670517,0.2951874881383555,48,480
895,0.12559877496401728,0.21598345772630853,51,480
896,0.12884642855230258,0.21906547287479872,54,480
897,0.12688836069645726,0.18042513697683019,57,480
898,0.1225417812933928,0.1531564239533067,60,480
899,0.11704825890382123,0.15298131310951826,64,480
900,0.0012237248682688002,3.61464772896898,3,479
901,0.0013823908422713118,3.129356622016408,6,479
902,0.0019777935144653152,1.5442499095440554,9,479
903,0.0023654407097094534,0.6306036423665689,12,479
904,0.00488804125654765,1.0527978903182973,16,479
905,0.008755606244963752,2.084234314070165,19,479
906,0.011250584297582963,1.0115149974876037,22,479
907,0.020682668536606157,0.1919237962504255,25,479
908,0.022642550280295964,0.265089893070741,28,479
909,0.029628178696182218,0.18799903396081216,32,479
910,0.030667120672993875,0.17336914071163093,35,479
911,0.03464647173349923,0.17820590772595662,38,479
912,0.03999509484285829,0.1606103157525779,41,479
913,0.044165982684752116,0.1565700047195587,44,479
914,0.05296912378642138,0.14149586838367317,48,479
915,0.05599069055413271,0.13950421954937872,51,479
916,0.057951876457751315,0.16384026018005565,54,479
917,0.05727849521241627,0.15064396324801127,57,479
918,0.06313910907850621,0.11916441030989078,60,479
919,0.06606206381872864,0.10671668389780709,64,479
920,0.0018939951917653556,2.4719875703035896,3,461
921,0.0020675441709453552,0.8422385379502197,6,461
922,0.0024182673799619065,0.49652371344601287,9,461
923,0.002687595320445849,0.37178030655763944,12,461
924,0.0031209522048966177,0.5802568776332787,16,461
925,0.0036019871366554644,2.8027398303243554,19,461
926,0.004384125507798664,0.23587995440259002,22,461
927,0.0050655880135214775,0.3764027482768494,25,461
928,0.005650921651043217,0.28569161652325487,28,461
929,0.0077447879646609374,0.9026559888519673,32,461
930,0.00836963895927846,0.3806985601286993,35,461
931,0.01158299815379241,0.4003031825283216,38,461
932,0.012693953273596393,0.5426987705900663,41,461
933,0.014289351380982251,0.8575839324684653,44,461
934,0.015842947056466918,0.3702890702511281,48,461
935,0.01569179489414851,0.7494079564972225,51,461
936,0.01596528890624172,0.30978907749480966,54,461
937,0.01656261796108991,0.08217988512718975,57,461
938,0.016861014399679485,0.09175418625950478,60,461
939,0.01820387910284922,0.050912199070128686,64,461
940,0.0009150250157989573,4.16676997973129,3,450
941,0.004349310458017266,1.242932906250364,6,450
942,0.011021166584458286,1.5136724262417527,9,450
943,0.01699662387467338,0.7843610678202164,12,450
944,0.0178474667019696,0.5922186774256156,16,450
945,0.019210598775480186,0.5963662536669974,19,450
946,0.020136797710740357,0.5198097043125105,22,450
947,0.0494418755007973,0.5441251563891487,25,450
948,0.053236343876877014,0.42447660123965203,28,450
949,0.09186358722327266,0.5075975362214946,32,450
950,0.09510739397991164,0.6499235448880463,35,450
951,0.1066928944137802,0.4319146192619832,38,450
952,0.1073521474594393,0.4269861850460533,41,450
953,0.1135728778942771,0.4272352264281766,44,450
954,0.11613620452366724,0.3101310618057753,48,450
955,0.11607448692285727,0.2555775010776882,51,450
956,0.11427141165793553,0.2497569618295145,54,450
957,0.12021470164072987,0.24284637989251526,57,450
958,0.12350427902178156,0.24135060832190752,60,450
959,0.11987079955481265,0.23500434976596146,64,450
960,0.008899735016149081,2.6774591619104817,3,440
961,0.031801578955200874,1.4725154500824371,6,440
962,0.06704743971872017,19.351004580730944,9,440
963,0.12613138159031495,3.6579974767637737,12,440
964,0.11838281088906784,56.40799458877841,16,440
965,0.14215820577797622,18.988609785102103,19,440
966,0.13143230873362102,20.85228657647467,22,440
967,0.13593420163086875,1.8693471334332699,25,440
968,0.12366700158765884,9.396818194714196,28,440
969,0.1261359740736792,12.000518099717187,32,440
970,0.12243091790541157,2.077374188034593,35,440
971,0.11777139379573458,1.9527408205057366,38,440
972,0.11826286334259614,0.7915747644736393,41,440
973,0.15407717474684718,0.7759246533177822,44,440
974,0.1563971212509538,1.8665398108785507,48,440
975,0.1713979421014495,1.4674929284513538,51,440
976,0.18076507761489574,1.0327408162000784,54,440
977,0.17980106301268478,0.5360865953920233,57,440
978,0.18128444814639805,0.4425783855626203,60,440
979,0.17953174763426732,0.4658095404286112,64,440
980,0.00010147621357193488,4.295388287318597,3,430
981,0.017215429407315103,1.3259620968551082,6,430
982,0.014182044629761336,1.6367495332390631,9,430
983,0.050927379480089005,0.7809288305702847,12,430
984,0.05108169298287293,4.241598522470244,16,430
985,0.04927695207787768,4.643949343821775,19,430
986,0.04836167025627587,5.061088324669159,22,430
987,0.055315734414959086,2.3003527641323496,25,430
988,0.06795089902073344,1.6210848805849998,28,430
989,0.06772921591968638,0.36443985317853034,32,430
990,0.07196437693367672,0.2302637028385058,35,430
991,0.06869185372610767,0.21321493965820176,38,430
992,0.07218493861343869,0.22549395404137895,41,430
993,0.07783508694633323,0.21680753329609148,44,430
994,0.08492557751142152,0.19658825202831728,48,430
995,0.10799339707609117,0.21846965645603184,51,430
996,0.1167250061133002,0.23393921157741498,54,430
997,0.1317592248719293,0.21744784166784337,57,430
998,0.14435110145234054,0.19489333835934558,60,430
999,0.14482371116720624,0.28242331929745546,64,430
1000,0.04502438633729283,4.294721683237904,3,420
1001,0.06404827102738563,10.208764807228599,6,420
1002,0.08366460738184726,462.2167370096219,9,420
1003,0.11558669853587414,332.0917331811537,12,420
1004,0.1205961493166812,99.5743647676496,16,420
1005,0.1247196540720378,11.397956296186399,19,420
1006,0.17028766798277667,95.92982385370189,22,420
1007,0.1910220250525744,434.8910495016304,25,420
1008,0.22955713784653123,287.8500768698451,28,420
1009,0.3167784621864629,1356.5241329899031,32,420
1010,0.3564058473230012,1.790706213219865,35,420
1011,0.38395785338440946,1.6741876435405239,38,420
1012,0.4045823727803214,1.3010112364385211,41,420
1013,0.4462275040992208,1.1400912062355304,44,420
1014,0.48196232808560924,0.8968789304248647,48,420
1015,0.5047671868476249,0.7297299870949948,51,420
1016,0.589049910871392,0.7577745148260882,54,420
1017,0.5990088698565119,0.8432516294387286,57,420
1018,0.5818729700807553,0.8658669565393812,60,420
1019,0.5878395220517321,0.850376621655928,64,420
1020,0.0018823627632093588,4.179904732081114,3,410
1021,0.006749152302597698,3.1270365142643888,6,410
1022,0.022589361158029633,0.667346861260807,9,410
1023,0.03436864651040254,0.5259962044317159,12,410
1024,0.04200987163688092,1.7339150210141718,16,410
1025,0.05101961482165226,1.975792944560291,19,410
1026,0.06879295054558668,1.3177824423695434,22,410
1027,0.08326621836377741,0.42390766973416605,25,410
1028,0.07786788793366231,0.3241113094562805,28,410
1029,0.08021839575685356,0.3800647075877094,32,410
1030,0.07960132310848553,0.41925605188639026,35,410
1031,0.0881618842197829,0.38109713675542983,38,410
1032,0.09155196407313937,0.3373269830849611,41,410
1033,0.09252016495822282,0.30380039825223754,44,410
1034,0.09135927222642447,0.2564086162621937,48,410
1035,0.08988779663584803,0.19984914811410776,51,410
1036,0.08794048364653813,0.1481946413142369,54,410
1037,0.08702207097089179,0.13774972050885045,57,410
1038,0.08557812479098731,0.12243173160603933,60,410
1039,0.08512986298753242,0.12108354387835266,64,410
1040,0.0010407328792338918,1.4071439823657523,3,400
1041,0.10496578513743568,5.458706047382313,6,400
1042,0.10557026812831978,0.7856135467978024,9,400
1043,0.09869799203799942,7.618075464276913,12,400
1044,0.10923984861725922,0.7725547743456513,15,400
1045,0.09725783266508352,0.6594238840302319,18,400
1046,0.08790464094618819,0.6886890453527552,21,400
1047,0.0954389049624029,0.9376807775608965,24,400
1048,0.08732525096289592,1.0384472718670463,27,400
1049,0.0887733342216078,0.9882405260674592,30,400
1050,0.08177365296893553,1.0114922140234845,33,400
1051,0.08331981498422476,1.0512824362672366,36,400
1052,0.08699433102544324,0.6816797836635062,39,400
1053,0.0841769414025795,1.1198559627532085,42,400
1054,0.10373848261105527,0.6874200410556164,45,400
1055,0.119947551199553,1.4911109992830032,48,400
1056,0.15133251830938313,0.3375332479637851,51,400
1057,0.16488963861377198,0.612281462429468,54,400
1058,0.16953712996593848,0.39333779233005517,57,400
1059,0.1671857597141757,0.21532732541843683,61,400
1060,0.0013514764276892908,3.2517196093565466,3,390
1061,0.006559543041968508,6.971628041833389,6,390
1062,0.005391941981562534,2.0385488431599983,9,390
1063,0.006145457285152799,0.6006790649251947,12,390
1064,0.009130220800626868,0.5735885712683592,16,390
1065,0.014477369540904617,0.5091854916061536,19,390
1066,0.015375830023094231,0.4548513519139273,22,390
1067,0.02196950224705093,0.3385771998340467,25,390
1068,0.02649074692777857,0.29039853182859227,28,390
1069,0.03927610234307493,0.30870337327841196,32,390
1070,0.05062481006877605,0.32685653635850204,35,390
1071,0.058013186435120455,0.31474179115495315,38,390
1072,0.06842936482346927,0.18730542841110037,41,390
1073,0.06886968569837706,0.18768577617858423,44,390
1074,0.06858192718575022,0.15533171579474753,48,390
1075,0.07149912414584125,0.11382053068418196,51,390
1076,0.07072968165335233,0.10834239927200828,54,390
1077,0.07252870589947122,0.11826869359925714,57,390
1078,0.07257613109891503,0.10792976595692123,60,390
1079,0.0756491212730251,0.10037034496021349,64,390
1080,6.045146067788282e-10,3.738943478616906,3,376
1081,0.0025895422243424763,1.2435005677782573,6,376
1082,0.00517574429557831,0.5692642859620405,9,376
1083,0.004449764554133365,0.8955686569482293,12,376
1084,0.0041553725069028175,1.1841508140182724,16,376
1085,0.0060053644692792145,0.4510506099924577,19,376
1086,0.00878207022570102,0.8862865645034445,22,376
1087,0.012375825144480148,1.1475061870196885,25,376
1088,0.019907851617306793,0.8324923193412139,28,376
1089,0.03259154131264606,0.42040541926912117,32,376
1090,0.037095019310435975,1.6807726637033287,35,376
1091,0.049798270807406515,0.9340690734072515,38,376
1092,0.05658866293420356,0.4290072758398022,41,376
1093,0.06163247958573599,0.3083155112421737,44,376
1094,0.06426101655595855,0.68459532319755,48,376
1095,0.0634529860551715,0.8891209414104108,51,376
1096,0.06326210095507898,0.13699457706409093,54,376
1097,0.06544614832380571,0.1298164464452581,57,376
1098,0.06326093434363203,0.1344193931140371,60,376
1099,0.0631866387251124,0.09837546402263127,64,376
1100,4.7447094522497144e-05,3.1765585315268123,3,370
1101,8.19964743956031e-05,1.5879419535152417,6,370
1102,0.0009078158868924792,3.450238831694849,9,370
1103,0.0017263367600723982,0.38753642905120467,12,370
1104,0.0033507875435849987,0.6066767636489475,16,370
1105,0.004513128319568763,0.4505853028363568,19,370
1106,0.007423825603327433,3.972498286528137,22,370
1107,0.010930958119903559,1.2088044052297922,25,370
1108,0.012588947477463633,1.0575429500625528,28,370
1109,0.018275798161902862,0.9847296024500849,32,370
1110,0.02069648433606266,0.841306845326654,35,370
1111,0.02705326710406954,0.7092617609251487,38,370
1112,0.032921913017243384,0.8031936695158033,41,370
1113,0.036215520938651054,0.7662443100000003,44,370
1114,0.03714652792509414,0.17344889241218342,48,370
1115,0.03979404464304881,0.14993014973012858,51,370
1116,0.04305642412919064,0.10962413121341323,54,370
1117,0.045509836430657,0.11261522898453764,57,370
1118,0.04622384020924481,0.14077372088484008,60,370
1119,0.05016659461721777,0.18066682306905507,64,370
1120,6.049354018732597e-08,2.0910911298611556,3,360
1121,0.009424097100866599,5.926403355379742,6,360
1122,0.00803078908777157,2.3427189574991103,9,360
1123,0.017959942400750484,1.0384507555133893,12,360
1124,0.015062549417328782,2.1265917381339374,16,360
1125,0.014111621142443392,1.7114899494749305,19,360
1126,0.023546777512200637,4.728443922854048,22,360
1127,0.026367721909506314,1.1593244571373271,25,360
1128,0.02773179152618116,1.138021002501839,28,360
1129,0.03112762734284703,1.0153713816849348,32,360
1130,0.034926319132448244,5.908415118792402,35,360
1131,0.03716819992679879,3.2384330806037562,38,360
1132,0.03676740363880323,3.492876368305654,41,360
1133,0.0436776727769147,3.3825923894296834,44,360
1134,0.04973964891889314,3.4013342640112993,48,360
1135,0.0600374679447808,3.7909653698311336,51,360
1136,0.07780030955881975,1.0690316129091006,54,360
1137,0.07847132675422992,0.3096100115237887,57,360
1138,0.07951036707879927,0.21312768959717426,60,360
1139,0.08347487768187752,0.12967810589393258,64,360
1140,0.5225080980032548,2.2610707995638504,3,350
1141,0.27400898139810737,17.566580024931458,6,350
1142,0.21113804416073761,378.7447142786215,9,350
1143,0.18398091469073305,854.2546805266317,12,350
1144,0.158286843482217,1198.1978568858754,16,350
1145,0.14568954812786533,1679.2039969917842,19,350
1146,0.14417407030052026,5309.144978147499,22,350
1147,0.16071908717393713,401.2009154087151,25,350
1148,0.17769733993851128,614.8549157545276,28,350
1149,0.19382906194342783,668.5081705146724,32,350
1150,0.2177640948194043,0.7089773580292572,35,350
1151,0.2341975812824036,0.49355196050386374,38,350
1152,0.2583431601398257,0.7511763798991751,41,350
1153,0.26353282096507347,0.6730932375686726,44,350
1154,0.26713720937654883,0.6632340753829793,48,350
1155,0.27713660955375163,0.46842651993808404,51,350
1156,0.2916275799786436,0.43378838486758814,54,350
1157,0.30265574718344024,0.40448710162263435,57,350
1158,0.3045139376866201,0.38374114198827974,60,350
1159,0.30833313638418514,0.38166423365156826,64,350
1160,0.006265872613506839,3.1315848051144677,3,340
1161,0.008924913508091102,8.474787221050775,6,340
1162,0.008227239171945105,0.9704726927839527,9,340
1163,0.008733989659471619,0.876628570119468,12,340
1164,0.013013351801505566,3.1932005762899474,16,340
1165,0.012757152327522402,19.656560436972462,19,340
1166,0.01750345778561764,1.894261376220669,22,340
1167,0.023567683322530047,0.6933246409593531,25,340
1168,0.02356008529635952,7.473811357806286,28,340
1169,0.03374449344777683,1.0843027721997474,32,340
1170,0.03600470515196582,1.971841853771774,35,340
1171,0.04965944996903683,1.7210300415814301,38,340
1172,0.05296029542966689,1.6556381111886207,41,340
1173,0.06268804589508523,1.2442167139217817,44,340
1174,0.06765281887004,1.62605776771782,48,340
1175,0.06771825603869212,1.4251198107197938,51,340
1176,0.06778244404679672,0.6971455814651015,54,340
1177,0.06959477477639082,0.4770456246882496,57,340
1178,0.06814092532599045,0.3317703941468714,60,340
1179,0.06758676681824866,0.23304607089598664,64,340
1180,0.002478847087961696,4.764781053102068,3,336
1181,0.016646680281790793,132.6484863355884,6,336
1182,0.01832067297998148,20.15428494341011,9,336
1183,0.01831112245254566,0.6805643056310557,12,336
1184,0.023100051664081606,0.34046114489649276,16,336
1185,0.02926359158099114,0.5231543211167816,19,336
1186,0.03331466102792132,0.4453546113898906,22,336
1187,0.050707936196750014,0.26889356930838665,25,336
1188,0.05601079206087358,0.2595249930982826,28,336
1189,0.057688036609748104,0.2813431501818388,32,336
1190,0.0701087039752716,0.3464900478348592,35,336
1191,0.07897026632441712,0.26078528014375096,38,336
1192,0.07898799948473244,0.23543638935251412,41,336
1193,0.09451019822396435,0.2517015965829162,44,336
1194,0.09351777853991006,0.23951234632669385,48,336
1195,0.1262151242206463,0.21145441128645798,51,336
1196,0.12775771899854133,0.2342996958030469,54,336
1197,0.16154199461869895,0.21592886097241593,57,336
1198,0.16683870873851417,0.21918637115521683,60,336
1199,0.17300773959636434,0.20054512958294574,64,336
1200,0.000555231993734268,3.2764162480453605,3,330
1201,0.002343409478553735,1.6028363752750348,6,330
1202,0.002310421628234527,0.30833468793031704,9,330
1203,0.003304406643828338,0.3385842401026435,12,330
1204,0.00568681472981665,0.40857665712496516,16,330
1205,0.005962243341585042,0.2760747961270105,19,330
1206,0.006976895969445974,1.636198136595133,22,330
1207,0.008294071471730497,0.5483334145798064,25,330
1208,0.00928356510367254,0.43380496741916474,28,330
1209,0.01538132483841274,0.8986396534765104,32,330
1210,0.015553690945520424,0.7556939989432363,35,330
1211,0.02054157605869362,0.6997229471255411,38,330
1212,0.025331203967073574,0.5822703482006355,41,330
1213,0.02588662606883945,0.6184268161178833,44,330
1214,0.029105649927364575,0.7174240680641525,48,330
1215,0.028375956585275974,0.4251027285887511,51,330
1216,0.027296404542307705,0.2475067756331676,54,330
1217,0.028339775663260715,0.08436157872764795,57,330
1218,0.02840291644968353,0.0974510963808114,60,330
1219,0.03183354538621952,0.07070500027125012,64,330
1220,2.2885745060546693e-06,2.6632309611076836,3,329
1221,0.0010601026751204798,0.42504273097617407,6,329
1222,0.001497052064072426,1.2638863008983063,9,329
1223,0.0020578204530122576,0.4080987977105452,12,329
1224,0.0019902730775692872,2.981660288873843,16,329
1225,0.0031686593987831765,0.5933367228290263,19,329
1226,0.005123960326798182,0.7491072285600209,22,329
1227,0.00570787637001858,0.6952263294326023,25,329
1228,0.006229808341353284,4.083138905537778,28,329
1229,0.00997348856110806,3.1278527334808306,32,329
1230,0.01119458493703906,6.1467675025439705,35,329
1231,0.020325748442438153,6.34748129353973,38,329
1232,0.01960860759872572,2.033352735077826,41,329
1233,0.027295422994330094,1.794412664844907,44,329
1234,0.03329064594253247,0.575487462387464,48,329
1235,0.03458601289107273,0.22930649388127552,51,329
1236,0.03517642831857308,0.26745772609820107,54,329
1237,0.03564851763202989,0.2921955095374624,57,329
1238,0.03676941073816441,0.7378743003805094,60,329
1239,0.038631156491048466,0.3764686188403058,64,329
1240,1.66776558663982e-06,4.166848662478067,3,326
1241,0.009250757190526138,0.40494839667614296,6,326
1242,0.007373812288210445,0.4113271619274007,9,326
1243,0.01352939960179721,1.0189437444658396,12,326
1244,0.011624014418332865,0.290367304391591,16,326
1245,0.012260742020519553,0.34665875230258747,19,326
1246,0.014634547181360757,0.30707090690367583,22,326
1247,0.016519891375659075,1.5795390006415608,25,326
1248,0.020883273817332654,1.0585698119515272,28,326
1249,0.0310177141988262,0.6046700212778233,32,326
1250,0.0319038052881693,0.819763683995802,35,326
1251,0.041700723333096344,0.43652700309892,38,326
1252,0.04502753949100523,0.4822189501628446,41,326
1253,0.049214420165779905,0.3698628709343661,44,326
1254,0.0620549784440023,0.3535210498490474,48,326
1255,0.06115396591678772,0.3293894241458388,51,326
1256,0.062090475882030635,0.2648846163017452,54,326
1257,0.066530091902141,0.2114816829394714,57,326
1258,0.06471844113873507,0.20160247808511392,60,326
1259,0.06454784912699221,0.1690337365007947,64,326
1260,0.001386164649621166,3.0516670173593186,3,320
1261,0.00816412056155313,1.2002275705076357,6,320
1262,0.012203407530300064,0.5092933911230648,9,320
1263,0.06520573714144326,0.4991513854858381,12,320
1264,0.06046772026175927,0.674451084345498,16,320
1265,0.055968028550121285,1.3649326203625094,19,320
1266,0.05045611729074527,2.2059866401386774,22,320
1267,0.05277247030257394,1.0063215895947055,25,320
1268,0.05522354773695789,1.2347598758547749,28,320
1269,0.05190521521230919,0.8268355146958444,32,320
1270,0.05491896751211432,0.4563852296550083,35,320
1271,0.052594885399231406,0.9253812948041406,38,320
1272,0.06232442322903394,0.4914443877307565,41,320
1273,0.06103227102661672,0.430331238251215,44,320
1274,0.0688294378495026,0.5128868844063372,48,320
1275,0.07133094750757618,0.5631387711329986,51,320
1276,0.07680447318666397,0.493776594946618,54,320
1277,0.08222085215970129,0.24149729190861305,57,320
1278,0.08818248248317231,0.22598476535317485,60,320
1279,0.11591141219677625,0.2414934988524518,64,320
1280,0.001351405573393522,2.477286908413842,3,316
1281,0.002004961749274045,2.4131324599670387,6,316
1282,0.0026836202296561173,0.8820539962461588,9,316
1283,0.0030627913923731128,0.3962202577367886,12,316
1284,0.0040001754500850846,0.2601709838203243,16,316
1285,0.005683453707550483,0.21622919730546988,19,316
1286,0.007527213730278867,0.20725840992656872,22,316
1287,0.011765037160361582,0.22135277237906817,25,316
1288,0.01599363700625472,0.21906147989427543,28,316
1289,0.02260312831196247,0.44818914529525583,32,316
1290,0.026002880390577687,0.6767560322771876,35,316
1291,0.03130233981350551,0.4062403363652571,38,316
1292,0.03276559680505403,0.38850737118250567,41,316
1293,0.03502556990247559,0.3763797329571611,44,316
1294,0.036963237597696194,0.3744396936339666,48,316
1295,0.03928872709075869,0.23255251120153586,51,316
1296,0.042566934852529874,0.07820819514563429,54,316
1297,0.04441058466735417,0.07022118660220114,57,316
1298,0.04436443600597904,0.06875237085253992,60,316
1299,0.045787218503649356,0.06667766632656742,64,316
1300,0.009256170371262588,3.329225574159468,3,306
1301,0.011990597825758797,2.8637638923226176,6,306
1302,0.018480813482237454,2.1824492902227886,9,306
1303,0.02127503966901744,1.2212723005751953,12,306
1304,0.04980708592682946,1.7119642605138445,16,306
1305,0.062691381965752,0.5171985486860395,19,306
1306,0.059985228295053636,0.4100609511595229,22,306
1307,0.07557636654061,0.32001896696588805,25,306
1308,0.0721397897165205,0.3298992940251548,28,306
1309,0.08236555261229275,0.31722825265581794,32,306
1310,0.08025126166522405,0.210495880622844,35,306
1311,0.08190796227360383,0.206856568073573,38,306
1312,0.08492196626471608,0.20773284538261963,41,306
1313,0.0873548985650308,0.1876635661563838,44,306
1314,0.10907926753914002,0.17705875676293137,48,306
1315,0.10803755806044772,0.20676376940884963,51,306
1316,0.10689859469169691,0.3065281792502531,54,306
1317,0.11217821048198204,0.17435028829687566,57,306
1318,0.1090223586619005,0.16683263094783912,60,306
1319,0.110846698082959,0.15982983694893246,64,306
1320,0.0032052789606554005,3.940728242982061,3,270
1321,0.004809293351980536,6.616386922655396,6,270
1322,0.00610368962752574,0.45857044397931723,9,270
1323,0.006419878165207926,0.84257205642804,12,270
1324,0.009271308986257342,0.7017903352727186,16,270
1325,0.017291840617928184,0.6059800248434035,19,270
1326,0.019700955812848024,0.6508392389919224,22,270
1327,0.0362142468745349,0.4750697305716388,25,270
1328,0.04866572552965848,0.3612197297869034,28,270
1329,0.06097571971008997,0.33541075916227675,32,270
1330,0.08206703490129134,0.36505325624836366,35,270
1331,0.09181986459711633,0.38061227141037934,38,270
1332,0.11534722235195535,0.6155544872741432,41,270
1333,0.12022097661121209,0.6371570495512373,44,270
1334,0.1273917955766613,0.4722706816369321,48,270
1335,0.13068854059831378,0.4061559509647109,51,270
1336,0.14298939687736772,0.3581311375217473,54,270
1337,0.1461480902515674,0.34254762114913423,57,270
1338,0.14569358309886554,0.29205884913375524,60,270
1339,0.15099110566963153,0.24496753928415588,64,270
1340,0.004642625365717896,3.011550837172448,3,269
1341,0.003422196228776544,2.9267038184459953,6,269
1342,0.005089359694662277,1.4734064893186267,9,269
1343,0.005876154516823707,0.9015847002852982,12,269
1344,0.008627203896388439,0.46718497192152303,16,269
1345,0.012266036831676277,0.34520169182196564,19,269
1346,0.014273806715657377,0.345899700651712,22,269
1347,0.02253369401559934,0.27834668378730704,25,269
1348,0.029789270191563584,0.217021522246235,28,269
1349,0.03522203936002246,0.18901760536495263,32,269
1350,0.04876819638714014,0.15857648536088242,35,269
1351,0.052210592991159155,0.16167678929441834,38,269
1352,0.06326970842415788,0.2678210809075997,41,269
1353,0.06766533165952789,0.40002592297914336,44,269
1354,0.07564870618033354,0.33585932874020574,48,269
1355,0.08528396808201125,0.3088938533238731,51,269
1356,0.09859665837853326,0.2838095782974001,54,269
1357,0.1120820827755443,0.24963726239162173,57,269
1358,0.12022521386339743,0.22481012165953454,60,269
1359,0.13372433542975473,0.21283824709347562,64,269
1360,0.003050083173943869,2.9515313702882446,3,265
1361,0.0034001253753277753,2.5931402185921595,6,265
1362,0.0038739431772941294,2.0092517158943175,9,265
1363,0.004666111060271813,0.7341927467275327,12,265
1364,0.0053387834834037915,0.20292514492626768,16,265
1365,0.006488811251381619,0.2523550877448255,19,265
1366,0.007345163025779233,0.211932276149708,22,265
1367,0.008238600913959495,0.1941360727042134,25,265
1368,0.009126399278245035,0.19276873823529872,28,265
1369,0.013381051489714298,0.16259662779022332,32,265
1370,0.018282682988054112,0.150397078385378,35,265
1371,0.021119782543165974,0.1222290169875272,38,265
1372,0.026934663860192158,0.21719525025611247,41,265
1373,0.028350194374496533,0.2951111958927428,44,265
1374,0.0313348356701284,0.21097766348678557,48,265
1375,0.03173551558057196,0.16593671190352788,51,265
1376,0.03321244345042926,0.08823635707610064,54,265
1377,0.03639866467239137,0.06736764733675311,57,265
1378,0.035520395318145825,0.06363978837743801,60,265
1379,0.03675226960126739,0.05849476969598207,64,265
1380,2.0666533399736883e-09,3.555986475865467,3,260
1381,0.00026219649173893995,0.5481599958967802,6,260
1382,0.004607305802084401,2.298759949041089,9,260
1383,0.008827993658559867,1.5063032694549439,12,260
1384,0.011571727091518663,0.328080119380906,16,260
1385,0.020783799004945265,3.434750898502382,19,260
1386,0.02975830312965925,2.629368427972582,22,260
1387,0.03391894634466225,0.8500686240249964,25,260
1388,0.04125250414953555,0.44674553133004125,28,260
1389,0.04935289109895029,0.4677935375141651,32,260
1390,0.05471631751775513,0.9642540560776137,35,260
1391,0.06352735722350583,0.4026808035040572,38,260
1392,0.060658533529370326,0.26189728941998125,41,260
1393,0.06635467655513168,0.3933332620763227,44,260
1394,0.06637885775121861,0.323278741713047,48,260
1395,0.06557248229555035,0.29451540550320027,51,260
1396,0.0657316971718058,0.09606488381626868,54,260
1397,0.06522550681659983,0.09914260391353126,57,260
1398,0.06326057476535059,0.09015763975785286,60,260
1399,0.06107033078592505,0.09706123046442085,64,260
1400,5.532205531013552e-06,2.7403760851300296,3,259
1401,0.0010258733995067626,0.3715105332869116,6,259
1402,0.0011116472785651606,0.2178752639639947,9,259
1403,0.0017268431498616073,0.340404126493678,12,259
1404,0.0031394579999187446,0.4693295891175655,16,259
1405,0.004033397773517697,0.2493478098507032,19,259
1406,0.006305709311844858,1.3492464501477044,22,259
1407,0.009991739963735273,0.10404244016317657,25,259
1408,0.011296362166647245,0.12622551827151904,28,259
1409,0.014713358507747682,0.30033879998382995,32,259
1410,0.015466776249229156,0.09768210769246408,35,259
1411,0.01848092516321171,0.10121260358440107,38,259
1412,0.019157710820962754,0.20577921322319553,41,259
1413,0.020018792046085566,0.18160204634414195,44,259
1414,0.019942175366694403,0.31054922150094216,48,259
1415,0.02171816715313433,0.11946881995568363,51,259
1416,0.021631283816439934,0.0695917235310699,54,259
1417,0.022834039768471284,0.05875541789010774,57,259
1418,0.024154168520814,0.04305448205782253,60,259
1419,0.02505137593706952,0.04070440651174717,64,259
1420,0.00830588308805389,2.8873085503291205,3,253
1421,0.0070572831193563374,2.0867106261807504,6,253
1422,0.008046819894073732,1.295705899426751,9,253
1423,0.008533566560732345,0.9894424194536743,12,253
1424,0.01172026160401875,0.7106729889354727,16,253
1425,0.013302556531753931,0.6366574712423666,19,253
1426,0.021829011236809998,0.5440683606348926,22,253
1427,0.027256499338935085,0.47686858068312643,25,253
1428,0.04393521768838532,0.41330202096183344,28,253
1429,0.051427891699300066,0.34457149834757383,32,253
1430,0.07804068674026174,0.21812329160205998,35,253
1431,0.08892355375429042,0.22766115102368722,38,253
1432,0.12033851652666891,0.37295914094099253,41,253
1433,0.12446328415770928,0.39063765945596707,44,253
1434,0.1386361152452911,0.3290323796502489,48,253
1435,0.1363420950292535,0.3052363590569589,51,253
1436,0.1341419589280532,0.2952209733776307,54,253
1437,0.13073522859543862,0.2770931712491742,57,253
1438,0.1276824673688713,0.2462126577724273,60,253
1439,0.12593185745106342,0.22183182555250164,64,253
1440,0.0012250780134305576,3.724877435672737,3,250
1441,0.00219358407272919,6.00093957722652,6,250
1442,0.004335802802216916,11.443162816651745,9,250
1443,0.004931749505416791,13.970986064334983,12,250
1444,0.00902500170813518,162.63594225411703,16,250
1445,0.015300990044010726,15.38699654494516,19,250
1446,0.018316976413169494,12.85826414006429,22,250
1447,0.018878063180179528,525.6584944767635,25,250
1448,0.02611521833034628,1038.83119408274,28,250
1449,0.03312137680950815,89.36554553756159,32,250
1450,0.03661572246834477,0.32538290468693376,35,250
1451,0.04143019152059728,0.2848283290134423,38,250
1452,0.043852951662862696,0.2667041633559359,41,250
1453,0.047664087099530496,0.37697731061628914,44,250
1454,0.04720726840716459,0.30117582799906084,48,250
1455,0.0472850247461474,0.39765039380513206,51,250
1456,0.04624700283650218,0.3406664209431906,54,250
1457,0.04525628767833071,0.31655671922608386,57,250
1458,0.04472747023261263,0.29056806037819266,60,250
1459,0.04364255992623701,0.2232087468699647,64,250
1460,4.26585824896135e-10,3.211517612355061,3,240
1461,0.0005276038699671349,0.8501357786814058,6,240
1462,0.0008422502294428584,0.7051916190494947,9,240
1463,0.0013244658165788303,0.389745074195654,12,240
1464,0.001443705905054589,0.8319968335246337,16,240
1465,0.0025097944962110055,0.22714242275588853,19,240
1466,0.002847251851034764,1.1119277452985545,22,240
1467,0.004346600034315451,0.4683914042212064,25,240
1468,0.006403472432467983,0.4603296656185055,28,240
1469,0.008230380101074703,0.6002139300630007,32,240
1470,0.012069384509956815,2.555793491651219,35,240
1471,0.014847158786775288,1.9123407539620494,38,240
1472,0.018862171744326167,1.5755996586257317,41,240
1473,0.0229939679899934,1.5905789783965538,44,240
1474,0.034501107900939784,1.447266624910375,48,240
1475,0.03569841217897336,0.992712881544198,51,240
1476,0.04263397172878832,0.30212791484804546,54,240
1477,0.0450373859284374,0.1595343596691409,57,240
1478,0.04359754305005502,0.1011292058917705,60,240
1479,0.044743890310053554,0.08241651791224741,64,240
1480,0.0022090530698756117,3.02514610693467,3,230
1481,0.003688752081781961,2.3702729225175094,6,230
1482,0.003943722864510104,1.6405395537772685,9,230
1483,0.0045632676399269415,1.2942831857770665,12,230
1484,0.00707394158596493,0.7430429853190629,16,230
1485,0.008155567889432634,0.5976086657882883,19,230
1486,0.012241426802690551,0.5148148802692465,22,230
1487,0.015906481566304892,0.42316660842477516,25,230
1488,0.019230757806631825,0.3427056901923774,28,230
1489,0.024067521925658645,0.2549462899772382,32,230
1490,0.03595697913290904,0.18202689855236165,35,230
1491,0.039282123358168344,0.17553397347950586,38,230
1492,0.050759901112786776,0.22229120121883034,41,230
1493,0.0535308660755229,0.2540433294112592,44,230
1494,0.056528998499282966,0.2714325954624515,48,230
1495,0.06120989119325293,0.27397099263382263,51,230
1496,0.06993771280470176,0.25580159362807386,54,230
1497,0.08131719215623316,0.2501045640071967,57,230
1498,0.08847429513116437,0.21239459936649946,60,230
1499,0.0947658235591389,0.16255265503933594,64,230
1500,0.0038269078286920395,3.1060272823370205,3,223
1501,0.0031479153687998035,3.110072490005893,6,223
1502,0.0055044428509176836,2.2120611481627708,9,223
1503,0.006536726485779578,3.9902986983700948,12,223
1504,0.0072037874458107925,2.270436015645981,16,223
1505,0.010358374306436357,1.5124702784102837,19,223
1506,0.01581203123213136,0.30665293559889095,22,223
1507,0.016514866726110387,0.2246794535231449,25,223
1508,0.021115564407242805,0.23251838206018935,28,223
1509,0.029866324171470678,0.22801422564768342,32,223
1510,0.04358853332717213,0.24381234852717956,35,223
1511,0.047912149420464414,0.22887173121132393,38,223
1512,0.06045588667499259,0.2735877135914922,41,223
1513,0.06306809059467225,0.43939269373735745,44,223
1514,0.0808086175793367,0.45082677236684143,48,223
1515,0.09821363712685356,0.48454239761544704,51,223
1516,0.11697415001098022,0.40797192483465994,54,223
1517,0.1379349901100691,0.37708897710635825,57,223
1518,0.15095777612345193,0.34846235240270684,60,223
1519,0.166608957275531,0.32118816897161906,64,223
1520,0.000561059621599131,3.312606396163641,3,219
1521,0.0010810544803646846,0.7125568456221126,6,219
1522,0.0010369359035160874,0.7198189996333133,9,219
1523,0.0013726536142242092,0.48865930798543894,12,219
1524,0.0014255245301838285,0.4722053594303704,16,219
1525,0.003399723322960049,0.47294964360180713,19,219
1526,0.003914061132636507,0.7853413635469227,22,219
1527,0.005392576064085894,1.2860932876725457,25,219
1528,0.006864800270160209,1.3364475136587446,28,219
1529,0.009188842207886471,0.47855729084944965,32,219
1530,0.01393528638674783,0.22233440102349747,35,219
1531,0.01517671714617671,0.24045232457704016,38,219
1532,0.015601132134095166,0.12370016510679357,41,219
1533,0.019425180914730195,0.16239973177020697,44,219
1534,0.019628462719199984,0.11590744323716043,48,219
1535,0.021387094962098625,0.11647666390468223,51,219
1536,0.021863039664228347,0.13527280684424178,54,219
1537,0.02289560266214812,0.1718748807191339,57,219
1538,0.023944983700734855,0.12993366913929627,60,219
1539,0.026633270649094515,0.11584617009115523,64,219
1540,0.0025435939885652395,3.5137340320906048,3,217
1541,0.0038410461331760126,1.4707602535857596,6,217
1542,0.006779749721147135,0.6560834198146572,9,217
1543,0.010179122498556245,0.36406077042974316,12,217
1544,0.011408807858345457,0.3753210727507762,16,217
1545,0.013808424091049057,0.21800282705798738,19,217
1546,0.013695423391383257,0.6770875730123755,22,217
1547,0.01301659082645005,0.8514694103297114,25,217
1548,0.014786226323789776,0.33474725920757564,28,217
1549,0.01582541892037225,0.5762579438492635,32,217
1550,0.01959139756354706,0.8189515887594935,35,217
1551,0.021020633021964327,1.0297456284293272,38,217
1552,0.031077539053059856,5.458442741668167,41,217
1553,0.032270940926519456,6.109250264960633,44,217
1554,0.04368101950448526,2.5645017305092708,48,217
1555,0.047567646878212445,1.4902511414588606,51,217
1556,0.05107702507546539,0.6129253412133896,54,217
1557,0.05564078890506944,0.3288385188415864,57,217
1558,0.0576112942837199,0.32903810297605285,60,217
1559,0.05883856537017208,0.33058969325967613,64,217
1560,0.0018966083057213117,3.0646996381493166,3,210
1561,0.002683442690344669,2.0572365247167648,6,210
1562,0.0032778680920190636,1.5788250048217078,9,210
1563,0.005279629200892967,1.3134541125532264,12,210
1564,0.006668448378913387,0.6209615079180778,16,210
1565,0.008098988245204799,0.5118736594020934,19,210
1566,0.009365719072580428,0.432983059668237,22,210
1567,0.009256379985911466,0.39959850999245927,25,210
1568,0.010326579452593894,0.39389380169820915,28,210
1569,0.017492336272703482,0.4195771242356129,32,210
1570,0.03328652354832443,0.4347421054438397,35,210
1571,0.045874484356270014,0.39829378309891605,38,210
1572,0.06376429660322538,0.3746079875462877,41,210
1573,0.07219919469654833,0.3924579511612888,44,210
1574,0.0895196595669764,0.4145574004450528,48,210
1575,0.09354387192408342,0.3626514061885885,51,210
1576,0.10334075814759003,0.2840543547127311,54,210
1577,0.10701344232780034,0.25329564956470035,57,210
1578,0.11024139731463725,0.24918668186969,60,210
1579,0.12231328251331611,0.2826458761469478,64,210
1580,5.949731534485622e-07,3.0211756323280747,3,201
1581,0.0006210798702678403,2.4899476773452864,6,201
1582,0.0014507433018049487,1.4270287807088775,9,201
1583,0.0019503090142987706,0.9977607774793975,12,201
1584,0.003587822513069108,0.9561350107663348,16,201
1585,0.0037312348207162787,1.11942071069311,19,201
1586,0.0040344721367482,0.8038740504357442,22,201
1587,0.0052521231102977345,0.35171572131537243,25,201
1588,0.0054688957992117815,0.2622382583708128,28,201
1589,0.007537543498663572,0.24418912093538495,32,201
1590,0.008496434435963734,0.2685716387601024,35,201
1591,0.01101057234366027,0.23039681418110933,38,201
1592,0.01677888773304005,1.1926268325342675,41,201
1593,0.022037029697299888,1.4506376896886706,44,201
1594,0.03447225401328708,1.0879107018769743,48,201
1595,0.04349523746699939,0.9193086855873502,51,201
1596,0.04506788472232175,0.5037305575871477,54,201
1597,0.049838208655537355,0.09810974211504245,57,201
1598,0.0487201256150718,0.09449276777663446,60,201
1599,0.04683336081696649,0.09237901009184898,64,201
1600,0.0014826994459551407,2.8875689065397254,3,190
1601,0.00452498515922211,0.6082413921849582,6,190
1602,0.005392478150114688,0.9171443351931361,9,190
1603,0.0056961467557413974,0.5510965722977493,12,190
1604,0.006158284180469367,1.2354166894743153,16,190
1605,0.006038574881951375,0.39459728221927415,19,190
1606,0.006375438896441286,0.5121517911528676,22,190
1607,0.006882937271715699,0.4604041388583878,25,190
1608,0.008842015299110446,0.5104015223440105,28,190
1609,0.010109289321892354,0.4681563923967622,32,190
1610,0.019951348660730776,1.1399164223433464,35,190
1611,0.020000685408383945,1.2691621800733899,38,190
1612,0.025575447827236225,3.379318931522005,41,190
1613,0.029489097115029995,2.259583173738538,44,190
1614,0.04100398880290049,2.384595539175983,48,190
1615,0.04276346831013805,1.2573567091219147,51,190
1616,0.04487151931369532,0.8307398511235116,54,190
1617,0.051806540320781816,0.24892581501610694,57,190
1618,0.05638586136336303,0.18258533883629346,60,190
1619,0.06045078886987125,0.1448259711692287,64,190
1620,2.3715507849906924e-09,2.869958306576236,3,187
1621,6.62301298728957e-05,1.859028378427017,6,187
1622,0.002054359650220764,0.72658660299098,9,187
1623,0.0022293810941268087,1.0184292053936423,12,187
1624,0.0027890051298727525,428.7351860342207,16,187
1625,0.00457117505674054,2.9219855367500522,19,187
1626,0.005349566869074373,0.696468493253202,22,187
1627,0.0062727569395559304,1.110728416600003,25,187
1628,0.008673748004709316,1.2677003018987314,28,187
1629,0.010802092949908162,0.5711699955522413,32,187
1630,0.022471220331202156,0.4742819002319118,35,187
1631,0.027857085346727605,0.44242289479084534,38,187
1632,0.034516277055843765,2.0751989656084704,41,187
1633,0.04331790480491809,9.259161975145735,44,187
1634,0.04963869281670162,12.648131941485776,48,187
1635,0.05271166014161027,3.067920392380231,51,187
1636,0.05583452119574449,0.22987313226134906,54,187
1637,0.05676929587461491,0.13805121285043423,57,187
1638,0.0625819724890947,0.1256314439705581,60,187
1639,0.0623828386159689,0.1573329422367376,64,187
1640,3.837418726935515e-05,2.3481211841372445,3,185
1641,0.00011416292088995282,0.49104358943164766,6,185
1642,0.0005749622622876127,0.3676731691372924,9,185
1643,0.0013356691476598373,0.21659745367572483,12,185
1644,0.0017683459895571497,0.19253912791223518,16,185
1645,0.0025113282520423177,0.3440780428292614,19,185
1646,0.004147643075137617,0.14745907522225057,22,185
1647,0.005658195109192588,0.12453390375263802,25,185
1648,0.007762891232153462,0.1296666554003206,28,185
1649,0.010869941051435043,0.3373801398222641,32,185
1650,0.013611915276258001,0.8478085800325192,35,185
1651,0.015880894865570212,0.9070790081531424,38,185
1652,0.018053656726661628,0.6667680632661455,41,185
1653,0.01988817437348779,0.701178809698966,44,185
1654,0.020690613972589738,0.17313427527083744,48,185
1655,0.021613951771587595,0.17239737367771174,51,185
1656,0.024423993597195656,0.06351616907134454,54,185
1657,0.026167723848051522,0.06459370147988396,57,185
1658,0.029797887962858594,0.13551429763057404,60,185
1659,0.029722151099080114,0.07932153382039574,64,185
1660,0.0006652090223282538,3.2276211696429358,3,183
1661,0.0009445305414091989,16.39121471684501,6,183
1662,0.0032495389787904547,0.9762388887973854,9,183
1663,0.003498287915962836,0.4429943757178261,12,183
1664,0.004622483491164073,0.17003865102229565,16,183
1665,0.005424926233796839,0.2415261339155162,19,183
1666,0.006273361718360027,0.5946911081245067,22,183
1667,0.006759751515045012,0.36543045588409917,25,183
1668,0.009011680857659417,0.2888368319831539,28,183
1669,0.01186785999128703,0.17006063117395653,32,183
1670,0.018606170140569138,0.26713333931827116,35,183
1671,0.021373579090414006,0.3441102388673908,38,183
1672,0.025391931634339143,0.26811553760191265,41,183
1673,0.03289728362733629,0.1321956566647431,44,183
1674,0.03597984621926411,0.46134860307060455,48,183
1675,0.03939791291451003,1.1137788043287125,51,183
1676,0.04063758314391315,0.17368068936405953,54,183
1677,0.04268538365362292,0.13130321202854117,57,183
1678,0.04368649114173143,0.09251116800717703,60,183
1679,0.042909834647695176,0.07851690542894836,64,183
1680,0.001424736865618028,2.2957427915855653,3,175
1681,0.0016055152557211652,0.5653121731957136,6,175
1682,0.002097917114203687,0.3768159846199207,9,175
1683,0.0025376818997086673,0.36813136965082327,12,175
1684,0.0026006673144481508,0.4011292160803553,16,175
1685,0.0029412898754588917,0.5112078822379111,19,175
1686,0.003346484062999829,0.6105747389655781,22,175
1687,0.003711577125367697,0.6902627489995014,25,175
1688,0.004903271321638443,0.6856357795219015,28,175
1689,0.005240291790549408,0.4832841838881681,32,175
1690,0.005978240667670955,0.5666877985343398,35,175
1691,0.006192397201594443,0.43685838214762773,38,175
1692,0.0064949632267372786,1.7188848433712032,41,175
1693,0.008964813655352503,1.0337799649970507,44,175
1694,0.010747395365020404,0.4123551183072681,48,175
1695,0.013802533095556669,0.6040159636262026,51,175
1696,0.01672064013830427,0.5003284054184897,54,175
1697,0.018747491519982274,0.27155061325800617,57,175
1698,0.020232838158194606,0.2708157655411072,60,175
1699,0.02172904572049862,0.0654387517672486,64,175
1700,0.0005036897507624198,2.5529878995836564,3,173
1701,0.0015088023239947697,2.13985309457713,6,173
1702,0.0020207565427608574,1.0792207614817184,9,173
1703,0.002420791294535574,0.885893972070708,12,173
1704,0.0039685680386255875,0.42682340888963266,16,173
1705,0.004395146762779874,0.3942049490735974,19,173
1706,0.006019666906947725,0.3847298297759905,22,173
1707,0.008298498532039842,0.3514454419573426,25,173
1708,0.015146023073855439,0.3476404044107809,28,173
1709,0.01887402274782099,0.27065113268557967,32,173
1710,0.030899276132876685,0.2031140232118464,35,173
1711,0.032154834038226165,0.2206129770793499,38,173
1712,0.03656266069824696,0.38500203471757855,41,173
1713,0.03813668965828055,0.3552426743931676,44,173
1714,0.04415043413986354,0.32377827829001904,48,173
1715,0.053783766968314786,0.3542819294829038,51,173
1716,0.07362256069798942,0.3658926649196063,54,173
1717,0.08254923523790936,0.2884197325572381,57,173
1718,0.09927921743121408,0.23619015879170063,60,173
1719,0.1249080329611116,0.22335629956890668,64,173
1720,0.003652589918854644,2.931226679063077,3,169
1721,0.00412081737448323,0.8420049659865441,6,169
1722,0.005837385300470935,0.8700594698368546,9,169
1723,0.007734886133531441,0.6290501586046482,12,169
1724,0.010093929853565187,0.6475019108024891,16,169
1725,0.01196276421599506,0.4681767082755921,19,169
1726,0.015124740168996398,0.43489449214974146,22,169
1727,0.01922250198495479,0.39827028675554477,25,169
1728,0.02614363268889437,0.32990365698833074,28,169
1729,0.03855461463596282,0.2715586345451969,32,169
1730,0.04994757661916115,0.21522600774655518,35,169
1731,0.05163278692956662,0.19772917287147035,38,169
1732,0.06660631839620454,0.6812895007113291,41,169
1733,0.08165623669538861,0.7725473443729303,44,169
1734,0.09518355454006351,0.6193316366840687,48,169
1735,0.09955716118648007,0.2357834328892398,51,169
1736,0.10212178519152074,0.1612924400426603,54,169
1737,0.10559368511060845,0.16265627334914443,57,169
1738,0.1083212658137066,0.17633182771948624,60,169
1739,0.10701868599733108,0.1648305041801444,64,169
1740,3.183300673840218e-05,2.4834862783012115,3,167
1741,0.00012210704339155276,1.3419796500532173,6,167
1742,0.0003013418336600841,1.7290776076503387,9,167
1743,0.0012033830380471754,0.8507858120018555,12,167
1744,0.0018791768990450027,0.23496698592509774,16,167
1745,0.0023709355275106764,0.36218174107269696,19,167
1746,0.0030564845657369633,0.232655652179541,22,167
1747,0.0038742266093377575,0.22685005130683766,25,167
1748,0.006282473447342542,0.23499135648204902,28,167
1749,0.008036755325510802,0.2737697477291893,32,167
1750,0.011614354006229993,0.4198972370735093,35,167
1751,0.013105174521260074,0.44761987357285127,38,167
1752,0.018176430503549383,0.9450906259381859,41,167
1753,0.017566426199596308,0.8255552615697246,44,167
1754,0.020991629712802735,0.11240028321700157,48,167
1755,0.022329811906714295,0.13344901969354148,51,167
1756,0.02362441963338797,0.13016215268402037,54,167
1757,0.025964643912832687,0.06542820774195075,57,167
1758,0.025572788302069722,0.057486031862398104,60,167
1759,0.026896406621947182,0.044274853775068235,64,167
1760,0.0035167463874973756,3.2618665865981966,3,165
1761,0.002701603556465356,1.7336978558714893,6,165
1762,0.0029513961587714745,1.1525594916210147,9,165
1763,0.004988492905162442,0.9465778214927637,12,165
1764,0.005359486747095301,0.9739658192281228,16,165
1765,0.00950321028677172,0.9630040050791081,19,165
1766,0.01161577099893704,0.734863042920196,22,165
1767,0.020198078525491187,0.21454730976157005,25,165
1768,0.022728556531074716,0.11501779155565592,28,165
1769,0.03006388996397578,0.1160189279003937,32,165
1770,0.03363196095400752,0.11211451123772402,35,165
1771,0.04077199672083283,0.11786260834395572,38,165
1772,0.04535242907821659,0.12685580680474412,41,165
1773,0.053838390613762076,0.12994064513446524,44,165
1774,0.05643208645127692,0.11761581668284934,48,165
1775,0.060156161124700534,0.10655445987572139,51,165
1776,0.062228782731291066,0.08819675555919385,54,165
1777,0.06294657393909273,0.08669584767479534,57,165
1778,0.06310348501988948,0.08728059569702624,60,165
1779,0.06577112851180014,0.09528341536450899,64,165
1780,0.0013618899550365408,2.5933345015304403,3,163
1781,0.0020190866620175578,0.4756446857421294,6,163
1782,0.00360846647811655,1.076316854999427,9,163
1783,0.005581596766009196,0.793005009112992,12,163
1784,0.007977731108046235,0.8655127404657106,16,163
1785,0.008390502843432263,0.8262991621891862,19,163
1786,0.011336042631805323,0.8554720330515682,22,163
1787,0.014339262051701513,0.8308240541445878,25,163
1788,0.020614714439407777,0.6181613982252274,28,163
1789,0.025459267638385675,0.34026250270631747,32,163
1790,0.03596719196596064,0.20236586109612476,35,163
1791,0.04101076099030386,0.2149248416412013,38,163
1792,0.061851995683396374,0.511262727006293,41,163
1793,0.07365730797345117,0.6425228531731999,44,163
1794,0.08221669634760655,0.33278990993003765,48,163
1795,0.08930705847311826,0.21395274837055805,51,163
1796,0.08948872081017872,0.19372946003930447,54,163
1797,0.09404430630930032,0.1763331066286479,57,163
1798,0.09583928073267467,0.1725019667297231,60,163
1799,0.11338292165586743,0.20511981325180512,64,163
1800,0.0011584738131899073,2.9207066374576467,3,161
1801,0.001802497575914902,2.024641913340188,6,161
1802,0.002190642943236646,6.832440554740788,9,161
1803,0.0035019026506598757,2.506060282182962,12,161
1804,0.004898397285530007,1.9114430991632,16,161
1805,0.0050084361035503235,0.24010313981770084,19,161
1806,0.009913266396801483,0.21718337408032964,22,161
1807,0.010528943018779232,0.23459147322464058,25,161
1808,0.013409674349196554,0.24240808246704776,28,161
1809,0.01792208254773785,0.2470547913752182,32,161
1810,0.03154482063002849,0.5742988133400816,35,161
1811,0.031152780591321694,0.6238107672950229,38,161
1812,0.04386576971620183,0.6059895766186038,41,161
1813,0.046142627520633805,0.46456379112731094,44,161
1814,0.04538612224450161,0.5299839400094374,48,161
1815,0.05262491609813669,0.6596824311900533,51,161
1816,0.055686507252161774,0.23444143398527456,54,161
1817,0.06474287869769517,0.1813769092214406,57,161
1818,0.06960873555594498,0.18574910018526755,60,161
1819,0.0764400572208198,0.17173422359833282,64,161
1820,0.00246566349900127,2.4443642253776146,3,159
1821,0.003282777641371179,2.385324437735862,6,159
1822,0.0036463244454128935,8.163971355495116,9,159
1823,0.004175758269199012,0.6303675834049024,12,159
1824,0.005637216275247252,0.2899977611612051,16,159
1825,0.006183485397615007,0.2870566757812302,19,159
1826,0.006733236473594288,0.2512448768135645,22,159
1827,0.00768505463585005,0.25123965485728555,25,159
1828,0.009039510400822987,0.18581640484296383,28,159
1829,0.012325946549379607,0.1968473660322349,32,159
1830,0.018776401393884267,0.1967501069990849,35,159
1831,0.020163287183744265,0.17563367188451134,38,159
1832,0.03210518877542508,0.1841793497255842,41,159
1833,0.03548420258175623,0.13755419888205014,44,159
1834,0.04013248768431964,0.1426653534780423,48,159
1835,0.044578432570470554,0.1979028688455834,51,159
1836,0.050168164354243094,0.11321146155038697,54,159
1837,0.054755104816663555,0.10874040225168531,57,159
1838,0.056587848739305294,0.11059866918468894,60,159
1839,0.05800397081013632,0.09444402385746506,64,159
1840,4.744656783781739e-05,2.414045933191605,3,157
1841,0.00027372409857538303,2.1340436589821623,6,157
1842,0.0002496922210512714,2.618087654062548,9,157
1843,0.00035843517488018053,1.4069961851561756,12,157
1844,0.0007186489973931566,0.4232088436748979,16,157
1845,0.0007571850933724035,0.3869994168312784,19,157
1846,0.0011740666670721708,0.13536991788429587,22,157
1847,0.001250540741610348,0.14605096917740296,25,157
1848,0.0026192505418405356,0.1812902453354932,28,157
1849,0.00277998700312014,0.1862917337198992,32,157
1850,0.005581155102586388,0.42724271279685944,35,157
1851,0.0060185102537470055,0.4257524336127583,38,157
1852,0.006711534981109329,0.4447134356858979,41,157
1853,0.007216295181078311,0.4675152101022907,44,157
1854,0.009584479698915323,0.42610341264532653,48,157
1855,0.011128859890845675,0.3405854198788165,51,157
1856,0.012475547531907995,0.03154074552533307,54,157
1857,0.014552428500678557,0.036981388852725776,57,157
1858,0.016763690985514605,0.03742440437472085,60,157
1859,0.01810520017385427,0.033074959240636054,64,157
1860,0.0012591965565686585,2.7280385931394795,3,155
1861,0.0016897300695551845,2.4872337610883584,6,155
1862,0.0028389577969036564,1.2712190491392217,9,155
1863,0.0034797967311336678,0.5885915965776074,12,155
1864,0.003723441213274408,0.30567005849338463,16,155
1865,0.0036977652623774253,0.3052097892174292,19,155
1866,0.006227319652879153,0.46880416207245484,22,155
1867,0.007248144654372055,0.3520166487113461,25,155
1868,0.008759850805052352,0.269052042373647,28,155
1869,0.014477914149862117,0.5828006796618531,32,155
1870,0.015168026489768371,1.2238300820763954,35,155
1871,0.020289042673963982,1.640671656377266,38,155
1872,0.02261646059730696,3.4452142408444204,41,155
1873,0.025438314337633855,2.2163602919252825,44,155
1874,0.0280057089342386,1.9196191230597166,48,155
1875,0.030664278478341446,1.824569569848892,51,155
1876,0.03520061550129129,1.288250845699589,54,155
1877,0.035089529577831215,1.2323356882718777,57,155
1878,0.03750066644365306,0.2274409486416456,60,155
1879,0.038214839909388024,0.22713786047570572,64,155
1880,5.395035578841289e-07,2.8248642684320457,3,153
1881,0.0013767426777479383,1.1172306252463051,6,153
1882,0.0016390509411283109,2.7105105428545944,9,153
1883,0.0017269985684005835,0.6205622440999979,12,153
1884,0.005435151291110966,0.25034527931988004,16,153
1885,0.006426202898617605,0.35047750530425803,19,153
1886,0.007829931285036828,0.3272692213461657,22,153
1887,0.008616957275497886,2.359507977279272,25,153
1888,0.014659795648996488,0.6665160595905418,28,153
1889,0.01434295328295942,0.8412350015061344,32,153
1890,0.021494500433560954,1.167476546985672,35,153
1891,0.024061909967050717,0.6113901852172943,38,153
1892,0.027005856459795564,0.6309676406935602,41,153
1893,0.03256088750095838,0.8300903477858576,44,153
1894,0.034186469321904514,0.8316399315049555,48,153
1895,0.0379000779728128,0.18511022181192177,51,153
1896,0.03626002985698501,0.140949413439765,54,153
1897,0.03672967133897762,0.11993304137800012,57,153
1898,0.03640472453798934,0.10544826795449938,60,153
1899,0.03547808877032432,0.07823119674290693,64,153
1900,0.00272724673135963,2.798672467256119,3,151
1901,0.002928903770731849,0.6098640178495599,6,151
1902,0.0027654022866336115,2.3528613437566768,9,151
1903,0.005615898556011383,2.9202419198288005,12,151
1904,0.005699077107857138,0.8076640144333348,16,151
1905,0.006632984529780228,0.9451652256485735,19,151
1906,0.0074928568071649364,1.2488277277184996,22,151
1907,0.007621569458982307,1.457572463959603,25,151
1908,0.009904252859938605,0.3881173144052515,28,151
1909,0.010795341214367584,1.760576856448592,32,151
1910,0.011742708176269316,4.5673564213435,35,151
1911,0.01386781445690612,3.181155341260537,38,151
1912,0.016112824613485906,0.7431427749288666,41,151
1913,0.01936493253940953,0.9218221589927982,44,151
1914,0.021497101354022143,0.43229301972206624,48,151
1915,0.0229212933477901,0.08427887409782917,51,151
1916,0.02295854581846764,0.11761855464326598,54,151
1917,0.02405221639268838,0.06643857919767723,57,151
1918,0.024536134794684614,0.0573837518119224,60,151
1919,0.026656732904646617,0.07480090576868123,64,151
1920,0.002307681964706451,2.0394067157734903,3,147
1921,0.0027825036198114075,1.4934050451670449,6,147
1922,0.0027953113908654524,1.259276710920535,9,147
1923,0.0030721613724341208,0.8402539340085994,12,147
1924,0.0030439572797129034,0.36340622951424806,16,147
1925,0.0032910578572988387,0.4080199627513205,19,147
1926,0.003523440796334075,0.37563183408152356,22,147
1927,0.004943649147204869,0.25814809596006855,25,147
1928,0.0062821208647594,0.2319382492262756,28,147
1929,0.01070962864055949,0.1957595184236624,32,147
1930,0.020646491297085713,0.15088118556510535,35,147
1931,0.022429848127233355,0.15141751822984068,38,147
1932,0.03253038093612359,0.107797041351178,41,147
1933,0.038492988798565116,0.10059267627484973,44,147
1934,0.04082953288523747,0.09956367792281984,48,147
1935,0.045775383797141675,0.10869594690942827,51,147
1936,0.04771430141302034,0.10533138375937026,54,147
1937,0.0492125110822835,0.09768884491986389,57,147
1938,0.050203237390987906,0.09968043630697071,60,147
1939,0.0536030830608463,0.09119966751839126,64,147
1940,0.000592921370939408,2.1515815467100383,3,101
1941,0.0007527359445759511,2.0454113184666296,6,101
1942,0.0008552550668101645,0.768270186727001,9,101
1943,0.0010522985080227264,0.4744228679745004,12,101
1944,0.0016156784298433364,0.2975767498764954,16,101
1945,0.002042166297345818,0.29228007501507947,19,101
1946,0.0030088198255069734,0.24880673637536024,22,101
1947,0.0039259709387493725,0.17107665907863667,25,101
1948,0.005462961608321106,0.11921576586806441,28,101
1949,0.009815446079708625,0.1002767317810896,32,101
1950,0.011893403440571793,0.08406558632165936,35,101
1951,0.014100870990961198,0.059189322891120034,38,101
1952,0.01685967278046938,0.051359315587158595,41,101
1953,0.017845853222369847,0.04548178569776327,44,101
1954,0.01806039487525642,0.04669787193432194,48,101
1955,0.018898699641090484,0.04682690189450265,51,101
1956,0.020083156300848788,0.048466061565902954,54,101
1957,0.021657738073540427,0.04503791542309207,57,101
1958,0.022279172230142752,0.04627393428375423,60,101
1959,0.025606733515384887,0.0442929023056793,64,101
