muni_code,year,gini_index
0,1992,22.34
0,1993,22.79
0,1994,22.5
0,1995,22.41
0,1996,22.83
0,1997,23.47
0,1998,23.81
0,1999,23.83
0,2000,24.38
0,2001,24.4
0,2002,24.03
0,2003,24.14
0,2004,24.68
0,2005,25.66
0,2006,26.28
0,2007,27.02
0,2008,27.94
0,2009,26.74
0,2010,27.47
0,2011,27.68
0,2012,27.37
0,2013,27.88
0,2014,28.33
0,2015,28.77
0,2016,28.97
0,2017,29.32
0,2018,29.1
0,2019,29.55
0,2020,29.72
0,2021,30.28
101,1992,23.49
101,1993,23.74
101,1994,23.34
101,1995,23.87
101,1996,24.1
101,1997,24.76
101,1998,24.99
101,1999,25.48
101,2000,26.48
101,2001,26.53
101,2002,26.63
101,2003,26.91
101,2004,27.73
101,2005,28.47
101,2006,28.79
101,2007,29.14
101,2008,29.6
101,2009,29.38
101,2010,31.44
101,2011,31.38
101,2012,31.25
101,2013,31.86
101,2014,32.13
101,2015,32.7
101,2016,33.24
101,2017,33.65
101,2018,33.71
101,2019,33.95
101,2020,34.35
101,2021,35.09
147,1992,26.27
147,1993,26.29
147,1994,25.97
147,1995,26.16
147,1996,26.61
147,1997,26.73
147,1998,27.3
147,1999,27.77
147,2000,28.51
147,2001,28.51
147,2002,28.69
147,2003,28.59
147,2004,29.15
147,2005,30.66
147,2006,31.64
147,2007,31.39
147,2008,31.55
147,2009,30.33
147,2010,32.93
147,2011,33.22
147,2012,33.53
147,2013,33.92
147,2014,34.98
147,2015,34.37
147,2016,34.85
147,2017,35.71
147,2018,35.42
147,2019,35.92
147,2020,35.72
147,2021,37.22
155,1992,22.53
155,1993,22.42
155,1994,22.31
155,1995,21.95
155,1996,22.44
155,1997,22.89
155,1998,23.07
155,1999,22.82
155,2000,22.88
155,2001,23.23
155,2002,22.86
155,2003,22.64
155,2004,22.53
155,2005,24.04
155,2006,24.62
155,2007,26.42
155,2008,27.57
155,2009,26.25
155,2010,26.93
155,2011,28.86
155,2012,25.95
155,2013,26.75
155,2014,27.03
155,2015,27.4
155,2016,28.08
155,2017,27.88
155,2018,27.55
155,2019,28.6
155,2020,28.29
155,2021,28.89
185,1992,18.23
185,1993,18.71
185,1994,18.57
185,1995,18.74
185,1996,19.32
185,1997,19.4
185,1998,19.4
185,1999,19.46
185,2000,19.58
185,2001,19.97
185,2002,19.58
185,2003,19.81
185,2004,20.41
185,2005,21.1
185,2006,21.33
185,2007,21.58
185,2008,21.99
185,2009,21.4
185,2010,22.8
185,2011,23.42
185,2012,22.77
185,2013,22.86
185,2014,22.89
185,2015,23.32
185,2016,23.66
185,2017,23.95
185,2018,23.95
185,2019,24.03
185,2020,24.19
185,2021,24.42
165,1992,20.92
165,1993,21.36
165,1994,21.39
165,1995,21.73
165,1996,22.26
165,1997,22.85
165,1998,22.89
165,1999,23.02
165,2000,22.88
165,2001,22.94
165,2002,22.37
165,2003,22.85
165,2004,23.21
165,2005,23.21
165,2006,23.32
165,2007,23.34
165,2008,23.26
165,2009,23.99
165,2010,25.03
165,2011,24.99
165,2012,25.06
165,2013,25.5
165,2014,25.28
165,2015,25.27
165,2016,25.68
165,2017,25.48
165,2018,25.11
165,2019,25.27
165,2020,25.45
165,2021,25.37
151,1992,19.47
151,1993,20.02
151,1994,20.14
151,1995,20.48
151,1996,20.77
151,1997,21.47
151,1998,21.46
151,1999,21.46
151,2000,22.11
151,2001,21.39
151,2002,21.41
151,2003,20.96
151,2004,21.49
151,2005,22.25
151,2006,22.59
151,2007,23.42
151,2008,23.25
151,2009,22.5
151,2010,24.02
151,2011,24.41
151,2012,24.76
151,2013,25.1
151,2014,26.73
151,2015,26.31
151,2016,25.77
151,2017,25.97
151,2018,25.84
151,2019,26.32
151,2020,26.75
151,2021,26.76
153,1992,19.77
153,1993,20.61
153,1994,20.45
153,1995,20.65
153,1996,21.52
153,1997,21.82
153,1998,22.06
153,1999,21.54
153,2000,22.29
153,2001,21.72
153,2002,21.24
153,2003,21.24
153,2004,21.81
153,2005,22.33
153,2006,22.62
153,2007,22.01
153,2008,22.72
153,2009,22.6
153,2010,23.91
153,2011,24.31
153,2012,23.94
153,2013,24.6
153,2014,24.88
153,2015,25.78
153,2016,25.71
153,2017,26.19
153,2018,25.89
153,2019,25.83
153,2020,26.28
153,2021,25.96
157,1992,33.31
157,1993,34.89
157,1994,33.2
157,1995,32.06
157,1996,32.99
157,1997,33.73
157,1998,35.41
157,1999,34.22
157,2000,36.7
157,2001,36.68
157,2002,34.27
157,2003,34.99
157,2004,36.06
157,2005,39.17
157,2006,42.24
157,2007,43.34
157,2008,44.38
157,2009,42.42
157,2010,43.42
157,2011,42.83
157,2012,42.13
157,2013,43.39
157,2014,43.98
157,2015,47.77
157,2016,45.02
157,2017,45.44
157,2018,44.5
157,2019,47.42
157,2020,46.16
157,2021,48.59
159,1992,21.88
159,1993,22.31
159,1994,22.03
159,1995,22.01
159,1996,21.92
159,1997,22.87
159,1998,22.88
159,1999,22.81
159,2000,23.07
159,2001,23.26
159,2002,22.99
159,2003,23.13
159,2004,23.85
159,2005,24.96
159,2006,25.27
159,2007,25.65
159,2008,25.81
159,2009,24.83
159,2010,26.81
159,2011,27.5
159,2012,27.4
159,2013,27.95
159,2014,28.14
159,2015,28.92
159,2016,28.72
159,2017,29.53
159,2018,28.75
159,2019,28.76
159,2020,29.29
159,2021,29.44
161,1992,20.19
161,1993,20.36
161,1994,20.49
161,1995,20.24
161,1996,20.62
161,1997,21.33
161,1998,21.34
161,1999,21.11
161,2000,21.77
161,2001,21.32
161,2002,21.04
161,2003,21.17
161,2004,21.81
161,2005,22.03
161,2006,22.08
161,2007,22.46
161,2008,22.18
161,2009,22.61
161,2010,23.85
161,2011,24.1
161,2012,23.8
161,2013,24.3
161,2014,24.69
161,2015,25.59
161,2016,25.76
161,2017,25.99
161,2018,25.82
161,2019,25.8
161,2020,26.07
161,2021,26.55
163,1992,20.42
163,1993,21.04
163,1994,21.11
163,1995,21.13
163,1996,21.44
163,1997,21.94
163,1998,22.4
163,1999,22.21
163,2000,23.02
163,2001,22.55
163,2002,21.98
163,2003,22.17
163,2004,22.42
163,2005,23.23
163,2006,23.11
163,2007,23.57
163,2008,23.51
163,2009,22.56
163,2010,24.13
163,2011,24.43
163,2012,24.12
163,2013,25.05
163,2014,24.87
163,2015,24.96
163,2016,25.71
163,2017,25.53
163,2018,25.71
163,2019,25.55
163,2020,26.63
163,2021,25.97
167,1992,19.53
167,1993,20.14
167,1994,19.98
167,1995,20.19
167,1996,20.61
167,1997,20.82
167,1998,21.03
167,1999,20.96
167,2000,21.21
167,2001,21.1
167,2002,20.83
167,2003,21.13
167,2004,21.67
167,2005,22.1
167,2006,22.23
167,2007,22.51
167,2008,22.19
167,2009,22.35
167,2010,24.01
167,2011,23.86
167,2012,24.02
167,2013,24.09
167,2014,24.37
167,2015,24.75
167,2016,25.1
167,2017,25.3
167,2018,25.23
167,2019,25.39
167,2020,25.66
167,2021,25.91
169,1992,20.66
169,1993,21.26
169,1994,20.96
169,1995,21.13
169,1996,21.89
169,1997,22.06
169,1998,22.0
169,1999,21.92
169,2000,22.05
169,2001,22.23
169,2002,21.68
169,2003,22.14
169,2004,22.61
169,2005,22.95
169,2006,22.96
169,2007,22.94
169,2008,23.37
169,2009,23.29
169,2010,23.71
169,2011,24.03
169,2012,23.98
169,2013,24.55
169,2014,24.99
169,2015,25.38
169,2016,25.79
169,2017,26.54
169,2018,25.78
169,2019,25.7
169,2020,25.91
169,2021,26.07
183,1992,20.61
183,1993,21.01
183,1994,20.8
183,1995,20.83
183,1996,21.88
183,1997,21.95
183,1998,22.33
183,1999,22.39
183,2000,22.51
183,2001,22.17
183,2002,21.99
183,2003,22.13
183,2004,22.62
183,2005,23.06
183,2006,22.84
183,2007,22.45
183,2008,23.32
183,2009,22.95
183,2010,24.24
183,2011,24.03
183,2012,23.73
183,2013,24.63
183,2014,24.49
183,2015,24.63
183,2016,25.07
183,2017,25.58
183,2018,25.3
183,2019,25.27
183,2020,25.28
183,2021,24.97
173,1992,27.02
173,1993,27.58
173,1994,27.01
173,1995,27.94
173,1996,27.39
173,1997,28.71
173,1998,28.21
173,1999,28.69
173,2000,30.07
173,2001,29.47
173,2002,28.55
173,2003,28.18
173,2004,29.15
173,2005,30.23
173,2006,32.63
173,2007,32.46
173,2008,31.58
173,2009,30.69
173,2010,32.73
173,2011,32.84
173,2012,32.7
173,2013,33.11
173,2014,35.97
173,2015,39.22
173,2016,35.96
173,2017,36.72
173,2018,36.61
173,2019,36.09
173,2020,36.14
173,2021,39.28
175,1992,18.83
175,1993,19.48
175,1994,19.36
175,1995,19.51
175,1996,19.95
175,1997,20.3
175,1998,20.57
175,1999,20.62
175,2000,20.71
175,2001,20.94
175,2002,20.51
175,2003,20.75
175,2004,21.4
175,2005,21.51
175,2006,21.91
175,2007,21.94
175,2008,22.87
175,2009,21.81
175,2010,23.22
175,2011,23.64
175,2012,23.77
175,2013,24.19
175,2014,24.58
175,2015,25.38
175,2016,25.55
175,2017,26.08
175,2018,25.81
175,2019,25.75
175,2020,26.27
175,2021,26.31
187,1992,18.55
187,1993,17.76
187,1994,18.0
187,1995,18.52
187,1996,19.0
187,1997,19.57
187,1998,19.77
187,1999,20.42
187,2000,20.13
187,2001,20.13
187,2002,19.85
187,2003,20.11
187,2004,19.78
187,2005,21.03
187,2006,21.29
187,2007,22.17
187,2008,22.5
187,2009,22.11
187,2010,23.46
187,2011,23.02
187,2012,23.51
187,2013,24.18
187,2014,25.54
187,2015,25.56
187,2016,24.64
187,2017,24.99
187,2018,25.25
187,2019,25.56
187,2020,25.37
187,2021,25.66
201,1992,20.58
201,1993,21.33
201,1994,20.49
201,1995,21.52
201,1996,22.0
201,1997,21.86
201,1998,22.61
201,1999,22.18
201,2000,23.11
201,2001,22.42
201,2002,23.7
201,2003,22.31
201,2004,22.7
201,2005,23.74
201,2006,24.11
201,2007,25.0
201,2008,24.5
201,2009,24.23
201,2010,25.56
201,2011,25.48
201,2012,25.32
201,2013,24.41
201,2014,24.71
201,2015,25.52
201,2016,25.38
201,2017,26.34
201,2018,25.5
201,2019,26.3
201,2020,25.68
201,2021,26.33
240,1992,18.29
240,1993,18.92
240,1994,18.31
240,1995,18.8
240,1996,18.92
240,1997,19.76
240,1998,19.64
240,1999,19.69
240,2000,20.02
240,2001,20.59
240,2002,19.64
240,2003,19.22
240,2004,19.62
240,2005,20.39
240,2006,20.47
240,2007,21.07
240,2008,21.45
240,2009,20.4
240,2010,21.75
240,2011,20.94
240,2012,20.71
240,2013,21.51
240,2014,21.71
240,2015,22.73
240,2016,22.64
240,2017,23.9
240,2018,23.96
240,2019,23.12
240,2020,23.01
240,2021,24.34
210,1992,23.55
210,1993,24.1
210,1994,24.38
210,1995,23.92
210,1996,24.8
210,1997,29.85
210,1998,25.28
210,1999,25.7
210,2000,27.08
210,2001,26.24
210,2002,26.15
210,2003,26.06
210,2004,26.63
210,2005,29.13
210,2006,28.69
210,2007,29.54
210,2008,28.78
210,2009,27.42
210,2010,29.29
210,2011,29.5
210,2012,30.42
210,2013,30.53
210,2014,30.76
210,2015,32.92
210,2016,32.48
210,2017,31.92
210,2018,31.6
210,2019,32.75
210,2020,31.72
210,2021,33.31
250,1992,20.35
250,1993,20.37
250,1994,20.6
250,1995,20.25
250,1996,21.02
250,1997,22.74
250,1998,21.19
250,1999,21.27
250,2000,21.28
250,2001,21.57
250,2002,21.15
250,2003,21.06
250,2004,21.4
250,2005,22.17
250,2006,22.41
250,2007,23.47
250,2008,22.72
250,2009,22.3
250,2010,23.36
250,2011,23.41
250,2012,22.98
250,2013,23.49
250,2014,23.69
250,2015,24.24
250,2016,24.46
250,2017,24.59
250,2018,24.75
250,2019,24.77
250,2020,25.06
250,2021,25.3
190,1992,23.45
190,1993,28.92
190,1994,24.18
190,1995,24.38
190,1996,25.18
190,1997,25.31
190,1998,24.92
190,1999,25.11
190,2000,27.59
190,2001,25.4
190,2002,24.46
190,2003,25.09
190,2004,24.84
190,2005,25.86
190,2006,27.03
190,2007,27.71
190,2008,28.42
190,2009,26.87
190,2010,28.22
190,2011,28.47
190,2012,28.01
190,2013,29.2
190,2014,28.67
190,2015,29.04
190,2016,29.56
190,2017,30.51
190,2018,30.41
190,2019,30.64
190,2020,29.42
190,2021,29.87
270,1992,21.22
270,1993,21.68
270,1994,20.76
270,1995,20.7
270,1996,21.74
270,1997,21.3
270,1998,21.78
270,1999,21.38
270,2000,22.59
270,2001,22.66
270,2002,21.8
270,2003,21.94
270,2004,21.94
270,2005,22.61
270,2006,23.83
270,2007,24.96
270,2008,25.05
270,2009,24.34
270,2010,24.21
270,2011,24.24
270,2012,25.5
270,2013,24.92
270,2014,25.39
270,2015,25.31
270,2016,25.52
270,2017,26.07
270,2018,25.7
270,2019,26.16
270,2020,26.63
270,2021,26.66
260,1992,19.28
260,1993,19.64
260,1994,19.51
260,1995,19.56
260,1996,19.43
260,1997,19.93
260,1998,20.05
260,1999,20.06
260,2000,20.15
260,2001,20.33
260,2002,19.79
260,2003,20.53
260,2004,20.4
260,2005,20.91
260,2006,20.86
260,2007,21.58
260,2008,22.17
260,2009,21.08
260,2010,21.65
260,2011,21.71
260,2012,21.39
260,2013,22.11
260,2014,22.34
260,2015,22.92
260,2016,22.85
260,2017,23.81
260,2018,23.5
260,2019,23.25
260,2020,23.79
260,2021,23.86
217,1992,22.84
217,1993,23.8
217,1994,23.43
217,1995,24.9
217,1996,23.82
217,1997,24.19
217,1998,25.01
217,1999,24.82
217,2000,25.52
217,2001,25.06
217,2002,27.35
217,2003,24.57
217,2004,24.59
217,2005,25.69
217,2006,26.51
217,2007,29.45
217,2008,27.72
217,2009,26.08
217,2010,27.75
217,2011,27.42
217,2012,27.63
217,2013,28.74
217,2014,28.83
217,2015,29.39
217,2016,29.22
217,2017,29.78
217,2018,29.4
217,2019,30.68
217,2020,29.97
217,2021,30.83
219,1992,21.89
219,1993,21.74
219,1994,21.34
219,1995,21.76
219,1996,22.14
219,1997,22.42
219,1998,22.53
219,1999,22.9
219,2000,23.37
219,2001,23.0
219,2002,22.94
219,2003,22.34
219,2004,23.03
219,2005,23.81
219,2006,23.7
219,2007,24.76
219,2008,24.76
219,2009,23.87
219,2010,25.11
219,2011,25.41
219,2012,25.04
219,2013,25.13
219,2014,26.89
219,2015,26.95
219,2016,26.58
219,2017,27.05
219,2018,27.02
219,2019,26.99
219,2020,27.09
219,2021,27.99
223,1992,34.84
223,1993,35.86
223,1994,36.78
223,1995,35.7
223,1996,33.78
223,1997,33.13
223,1998,31.46
223,1999,32.59
223,2000,35.56
223,2001,32.44
223,2002,32.03
223,2003,31.53
223,2004,31.19
223,2005,32.47
223,2006,35.09
223,2007,38.29
223,2008,37.51
223,2009,36.72
223,2010,38.78
223,2011,37.0
223,2012,36.6
223,2013,38.24
223,2014,37.52
223,2015,38.08
223,2016,38.27
223,2017,39.59
223,2018,38.48
223,2019,39.21
223,2020,40.18
223,2021,39.59
230,1992,32.69
230,1993,32.4
230,1994,45.38
230,1995,30.36
230,1996,30.85
230,1997,32.54
230,1998,33.37
230,1999,35.68
230,2000,37.57
230,2001,34.55
230,2002,34.05
230,2003,34.79
230,2004,34.67
230,2005,40.36
230,2006,39.16
230,2007,39.66
230,2008,39.28
230,2009,36.12
230,2010,40.11
230,2011,38.09
230,2012,38.09
230,2013,38.78
230,2014,39.86
230,2015,40.88
230,2016,42.63
230,2017,42.56
230,2018,41.51
230,2019,43.04
230,2020,41.59
230,2021,43.67
400,1992,20.24
400,1993,20.23
400,1994,19.68
400,1995,19.28
400,1996,19.76
400,1997,20.0
400,1998,20.51
400,1999,20.42
400,2000,20.61
400,2001,21.0
400,2002,20.89
400,2003,20.73
400,2004,21.41
400,2005,21.84
400,2006,22.5
400,2007,22.95
400,2008,24.88
400,2009,23.89
400,2010,22.85
400,2011,22.66
400,2012,22.27
400,2013,22.07
400,2014,22.12
400,2015,22.66
400,2016,23.39
400,2017,23.96
400,2018,23.41
400,2019,24.46
400,2020,24.32
400,2021,24.08
253,1992,19.96
253,1993,20.82
253,1994,20.38
253,1995,20.64
253,1996,21.13
253,1997,22.74
253,1998,21.97
253,1999,21.88
253,2000,22.45
253,2001,22.28
253,2002,21.68
253,2003,21.72
253,2004,22.02
253,2005,22.7
253,2006,22.98
253,2007,24.48
253,2008,23.96
253,2009,23.13
253,2010,24.09
253,2011,24.29
253,2012,23.69
253,2013,24.12
253,2014,25.34
253,2015,25.54
253,2016,25.36
253,2017,25.88
253,2018,25.73
253,2019,26.16
253,2020,26.51
253,2021,26.35
259,1992,20.12
259,1993,20.74
259,1994,20.28
259,1995,20.46
259,1996,20.53
259,1997,20.98
259,1998,21.26
259,1999,21.3
259,2000,21.56
259,2001,21.49
259,2002,20.94
259,2003,20.88
259,2004,21.6
259,2005,21.61
259,2006,22.2
259,2007,22.85
259,2008,23.41
259,2009,23.03
259,2010,23.44
259,2011,23.64
259,2012,23.79
259,2013,23.81
259,2014,24.44
259,2015,24.67
259,2016,25.08
259,2017,25.75
259,2018,25.16
259,2019,25.6
259,2020,26.34
259,2021,26.23
350,1992,19.14
350,1993,19.85
350,1994,19.33
350,1995,19.73
350,1996,20.51
350,1997,21.07
350,1998,20.56
350,1999,20.49
350,2000,21.46
350,2001,21.42
350,2002,21.8
350,2003,21.15
350,2004,21.08
350,2005,22.17
350,2006,23.3
350,2007,23.33
350,2008,24.33
350,2009,24.09
350,2010,23.73
350,2011,24.4
350,2012,23.88
350,2013,23.4
350,2014,24.45
350,2015,24.56
350,2016,24.87
350,2017,25.27
350,2018,25.4
350,2019,25.15
350,2020,25.07
350,2021,25.74
265,1992,21.92
265,1993,22.28
265,1994,22.62
265,1995,21.96
265,1996,22.27
265,1997,23.0
265,1998,23.12
265,1999,23.2
265,2000,24.08
265,2001,23.45
265,2002,23.38
265,2003,23.33
265,2004,23.72
265,2005,24.33
265,2006,25.1
265,2007,26.08
265,2008,26.21
265,2009,25.77
265,2010,26.49
265,2011,27.04
265,2012,27.07
265,2013,27.08
265,2014,27.89
265,2015,28.26
265,2016,28.94
265,2017,27.98
265,2018,27.94
265,2019,28.25
265,2020,28.41
265,2021,28.77
269,1992,19.16
269,1993,22.25
269,1994,19.51
269,1995,19.88
269,1996,20.54
269,1997,21.4
269,1998,21.66
269,1999,21.51
269,2000,22.34
269,2001,22.36
269,2002,21.75
269,2003,21.94
269,2004,22.0
269,2005,22.41
269,2006,23.48
269,2007,25.96
269,2008,25.37
269,2009,23.9
269,2010,24.79
269,2011,25.1
269,2012,25.06
269,2013,24.47
269,2014,26.14
269,2015,26.18
269,2016,27.49
269,2017,26.92
269,2018,26.43
269,2019,28.02
269,2020,27.51
269,2021,27.45
320,1992,20.32
320,1993,20.66
320,1994,20.15
320,1995,20.48
320,1996,19.85
320,1997,20.95
320,1998,21.74
320,1999,20.86
320,2000,21.38
320,2001,21.24
320,2002,20.6
320,2003,20.86
320,2004,21.26
320,2005,21.45
320,2006,22.46
320,2007,23.03
320,2008,22.8
320,2009,22.28
320,2010,23.26
320,2011,22.3
320,2012,23.07
320,2013,23.02
320,2014,23.05
320,2015,23.68
320,2016,23.78
320,2017,24.31
320,2018,24.28
320,2019,24.24
320,2020,24.69
320,2021,24.55
376,1992,20.17
376,1993,20.95
376,1994,20.45
376,1995,20.04
376,1996,20.5
376,1997,20.71
376,1998,21.22
376,1999,21.06
376,2000,21.77
376,2001,21.79
376,2002,21.7
376,2003,22.02
376,2004,22.06
376,2005,23.45
376,2006,24.34
376,2007,25.11
376,2008,26.66
376,2009,24.91
376,2010,24.26
376,2011,26.34
376,2012,24.75
376,2013,24.88
376,2014,24.96
376,2015,25.03
376,2016,24.9
376,2017,25.05
376,2018,25.04
376,2019,25.46
376,2020,25.59
376,2021,26.1
316,1992,20.9
316,1993,20.99
316,1994,20.8
316,1995,20.88
316,1996,21.16
316,1997,21.68
316,1998,22.1
316,1999,22.0
316,2000,22.22
316,2001,22.19
316,2002,21.95
316,2003,22.16
316,2004,22.86
316,2005,23.52
316,2006,23.8
316,2007,24.39
316,2008,25.39
316,2009,24.21
316,2010,24.81
316,2011,24.7
316,2012,24.19
316,2013,24.33
316,2014,24.49
316,2015,25.06
316,2016,25.36
316,2017,25.65
316,2018,25.72
316,2019,25.64
316,2020,25.96
316,2021,26.49
326,1992,20.02
326,1993,20.09
326,1994,19.81
326,1995,19.82
326,1996,20.32
326,1997,20.94
326,1998,21.84
326,1999,21.48
326,2000,21.36
326,2001,21.99
326,2002,21.25
326,2003,21.56
326,2004,21.62
326,2005,22.31
326,2006,22.77
326,2007,23.93
326,2008,26.91
326,2009,23.76
326,2010,24.08
326,2011,24.5
326,2012,24.12
326,2013,23.45
326,2014,24.29
326,2015,25.1
326,2016,25.17
326,2017,24.71
326,2018,24.85
326,2019,25.22
326,2020,24.91
326,2021,25.7
360,1992,19.67
360,1993,20.37
360,1994,19.94
360,1995,20.39
360,1996,20.47
360,1997,21.04
360,1998,21.66
360,1999,21.23
360,2000,21.67
360,2001,21.84
360,2002,22.04
360,2003,21.48
360,2004,22.55
360,2005,23.44
360,2006,23.74
360,2007,24.27
360,2008,25.89
360,2009,25.45
360,2010,24.47
360,2011,26.22
360,2012,25.25
360,2013,25.37
360,2014,26.08
360,2015,24.81
360,2016,25.86
360,2017,25.92
360,2018,26.7
360,2019,26.19
360,2020,25.71
360,2021,26.84
370,1992,21.02
370,1993,21.1
370,1994,20.67
370,1995,20.35
370,1996,20.67
370,1997,21.2
370,1998,21.41
370,1999,21.33
370,2000,21.62
370,2001,21.53
370,2002,21.14
370,2003,21.2
370,2004,21.98
370,2005,22.32
370,2006,23.19
370,2007,24.1
370,2008,25.37
370,2009,23.76
370,2010,24.12
370,2011,24.8
370,2012,23.35
370,2013,23.9
370,2014,24.44
370,2015,24.7
370,2016,24.91
370,2017,25.57
370,2018,25.09
370,2019,25.7
370,2020,25.69
370,2021,25.96
306,1992,20.1
306,1993,19.83
306,1994,20.07
306,1995,19.66
306,1996,19.79
306,1997,20.71
306,1998,20.93
306,1999,20.72
306,2000,21.22
306,2001,21.13
306,2002,20.45
306,2003,20.72
306,2004,21.39
306,2005,22.33
306,2006,23.3
306,2007,23.21
306,2008,24.77
306,2009,23.12
306,2010,23.42
306,2011,23.07
306,2012,22.31
306,2013,22.45
306,2014,23.07
306,2015,23.52
306,2016,23.56
306,2017,24.53
306,2018,23.8
306,2019,23.78
306,2020,24.26
306,2021,24.6
329,1992,20.66
329,1993,21.65
329,1994,20.74
329,1995,21.45
329,1996,21.23
329,1997,21.49
329,1998,21.79
329,1999,22.36
329,2000,22.11
329,2001,22.43
329,2002,21.55
329,2003,21.33
329,2004,21.83
329,2005,22.11
329,2006,22.55
329,2007,23.33
329,2008,23.56
329,2009,23.3
329,2010,23.83
329,2011,23.66
329,2012,23.87
329,2013,24.24
329,2014,24.39
329,2015,24.12
329,2016,24.82
329,2017,25.47
329,2018,24.85
329,2019,25.09
329,2020,25.85
329,2021,25.66
330,1992,20.55
330,1993,21.08
330,1994,20.51
330,1995,20.12
330,1996,20.65
330,1997,21.24
330,1998,21.43
330,1999,21.33
330,2000,21.59
330,2001,21.61
330,2002,21.63
330,2003,21.44
330,2004,22.18
330,2005,22.97
330,2006,23.06
330,2007,24.73
330,2008,24.08
330,2009,23.05
330,2010,23.92
330,2011,24.01
330,2012,23.66
330,2013,24.58
330,2014,24.26
330,2015,24.62
330,2016,25.1
330,2017,25.41
330,2018,25.44
330,2019,25.25
330,2020,25.22
330,2021,26.0
340,1992,20.49
340,1993,21.05
340,1994,20.34
340,1995,20.22
340,1996,20.67
340,1997,21.0
340,1998,21.64
340,1999,21.56
340,2000,21.51
340,2001,21.94
340,2002,21.63
340,2003,21.61
340,2004,21.95
340,2005,22.44
340,2006,23.22
340,2007,23.16
340,2008,27.67
340,2009,23.62
340,2010,25.18
340,2011,23.31
340,2012,24.29
340,2013,23.8
340,2014,24.07
340,2015,24.04
340,2016,24.37
340,2017,24.88
340,2018,24.67
340,2019,25.47
340,2020,24.9
340,2021,25.24
336,1992,20.49
336,1993,20.39
336,1994,19.88
336,1995,19.87
336,1996,20.42
336,1997,20.79
336,1998,21.05
336,1999,20.79
336,2000,21.72
336,2001,21.63
336,2002,21.22
336,2003,21.17
336,2004,21.16
336,2005,21.54
336,2006,22.21
336,2007,23.47
336,2008,24.65
336,2009,23.37
336,2010,22.92
336,2011,23.44
336,2012,23.55
336,2013,23.75
336,2014,23.61
336,2015,24.14
336,2016,24.18
336,2017,24.93
336,2018,25.12
336,2019,24.87
336,2020,24.8
336,2021,24.59
390,1992,20.92
390,1993,21.39
390,1994,20.85
390,1995,20.57
390,1996,20.64
390,1997,21.29
390,1998,21.83
390,1999,21.6
390,2000,22.27
390,2001,22.12
390,2002,21.86
390,2003,21.44
390,2004,22.15
390,2005,23.05
390,2006,23.63
390,2007,23.86
390,2008,26.8
390,2009,25.23
390,2010,24.32
390,2011,24.74
390,2012,23.94
390,2013,23.81
390,2014,24.36
390,2015,25.34
390,2016,25.43
390,2017,25.82
390,2018,25.7
390,2019,25.7
390,2020,25.79
390,2021,25.84
420,1992,20.17
420,1993,19.39
420,1994,20.06
420,1995,19.51
420,1996,19.78
420,1997,20.32
420,1998,21.08
420,1999,20.56
420,2000,20.65
420,2001,21.17
420,2002,20.91
420,2003,21.01
420,2004,21.11
420,2005,21.49
420,2006,22.63
420,2007,23.45
420,2008,25.82
420,2009,23.77
420,2010,22.94
420,2011,22.82
420,2012,22.17
420,2013,22.18
420,2014,23.01
420,2015,23.39
420,2016,23.96
420,2017,24.13
420,2018,24.0
420,2019,24.54
420,2020,24.39
420,2021,24.6
430,1992,19.45
430,1993,19.66
430,1994,19.67
430,1995,19.43
430,1996,19.63
430,1997,20.31
430,1998,21.12
430,1999,20.8
430,2000,20.97
430,2001,21.51
430,2002,21.54
430,2003,20.49
430,2004,21.19
430,2005,21.74
430,2006,22.71
430,2007,23.64
430,2008,26.2
430,2009,23.91
430,2010,23.19
430,2011,22.73
430,2012,22.56
430,2013,22.34
430,2014,22.53
430,2015,23.2
430,2016,24.58
430,2017,23.41
430,2018,24.31
430,2019,23.72
430,2020,23.81
430,2021,24.14
440,1992,19.02
440,1993,19.52
440,1994,18.99
440,1995,19.41
440,1996,19.21
440,1997,20.31
440,1998,20.83
440,1999,20.58
440,2000,20.82
440,2001,21.04
440,2002,21.77
440,2003,21.1
440,2004,21.03
440,2005,22.19
440,2006,21.91
440,2007,23.93
440,2008,25.2
440,2009,22.99
440,2010,23.18
440,2011,23.54
440,2012,23.87
440,2013,24.12
440,2014,24.47
440,2015,25.91
440,2016,26.79
440,2017,25.86
440,2018,25.42
440,2019,26.46
440,2020,26.25
440,2021,28.62
482,1992,20.1
482,1993,20.25
482,1994,20.03
482,1995,19.51
482,1996,19.8
482,1997,20.64
482,1998,21.27
482,1999,20.68
482,2000,21.2
482,2001,21.01
482,2002,21.18
482,2003,21.32
482,2004,22.18
482,2005,22.72
482,2006,22.84
482,2007,25.49
482,2008,27.47
482,2009,26.0
482,2010,23.35
482,2011,23.4
482,2012,23.47
482,2013,23.29
482,2014,22.08
482,2015,22.8
482,2016,22.77
482,2017,23.24
482,2018,22.88
482,2019,25.0
482,2020,26.83
482,2021,24.83
410,1992,18.91
410,1993,19.86
410,1994,19.46
410,1995,19.79
410,1996,20.9
410,1997,20.95
410,1998,21.62
410,1999,21.11
410,2000,21.85
410,2001,21.37
410,2002,21.47
410,2003,21.45
410,2004,21.54
410,2005,22.66
410,2006,22.92
410,2007,23.98
410,2008,24.58
410,2009,23.38
410,2010,23.86
410,2011,26.1
410,2012,23.75
410,2013,25.24
410,2014,25.9
410,2015,24.77
410,2016,25.56
410,2017,25.96
410,2018,25.45
410,2019,27.95
410,2020,27.57
410,2021,26.96
480,1992,19.31
480,1993,19.35
480,1994,19.33
480,1995,19.11
480,1996,19.52
480,1997,20.33
480,1998,20.84
480,1999,20.36
480,2000,20.83
480,2001,21.35
480,2002,21.64
480,2003,20.16
480,2004,20.86
480,2005,21.92
480,2006,23.17
480,2007,23.07
480,2008,25.45
480,2009,23.8
480,2010,22.77
480,2011,23.84
480,2012,22.02
480,2013,22.53
480,2014,22.63
480,2015,23.03
480,2016,23.37
480,2017,23.61
480,2018,23.91
480,2019,24.63
480,2020,24.31
480,2021,24.66
450,1992,19.85
450,1993,19.78
450,1994,19.72
450,1995,19.12
450,1996,19.71
450,1997,20.34
450,1998,20.58
450,1999,20.51
450,2000,20.79
450,2001,21.05
450,2002,20.45
450,2003,21.48
450,2004,21.17
450,2005,21.69
450,2006,22.03
450,2007,22.84
450,2008,23.59
450,2009,22.31
450,2010,22.71
450,2011,22.64
450,2012,22.35
450,2013,24.01
450,2014,23.35
450,2015,23.32
450,2016,23.68
450,2017,24.01
450,2018,24.21
450,2019,24.29
450,2020,25.03
450,2021,25.32
461,1992,21.72
461,1993,22.39
461,1994,22.03
461,1995,22.31
461,1996,22.69
461,1997,23.41
461,1998,24.04
461,1999,23.58
461,2000,23.89
461,2001,23.79
461,2002,23.23
461,2003,23.57
461,2004,24.26
461,2005,24.85
461,2006,25.32
461,2007,25.59
461,2008,26.17
461,2009,26.06
461,2010,26.66
461,2011,27.27
461,2012,27.51
461,2013,27.09
461,2014,27.44
461,2015,28.51
461,2016,28.28
461,2017,28.83
461,2018,28.82
461,2019,29.06
461,2020,28.94
461,2021,29.32
479,1992,21.16
479,1993,21.42
479,1994,20.92
479,1995,21.31
479,1996,21.81
479,1997,22.2
479,1998,22.74
479,1999,22.71
479,2000,22.85
479,2001,23.06
479,2002,22.92
479,2003,23.05
479,2004,23.34
479,2005,23.72
479,2006,24.27
479,2007,24.94
479,2008,25.45
479,2009,25.06
479,2010,24.91
479,2011,27.06
479,2012,25.2
479,2013,25.5
479,2014,25.79
479,2015,26.76
479,2016,26.62
479,2017,27.0
479,2018,26.5
479,2019,27.2
479,2020,27.96
479,2021,28.42
492,1992,22.19
492,1993,22.27
492,1994,21.6
492,1995,21.43
492,1996,21.12
492,1997,21.95
492,1998,22.45
492,1999,23.46
492,2000,22.69
492,2001,23.75
492,2002,24.8
492,2003,22.86
492,2004,22.81
492,2005,25.6
492,2006,24.66
492,2007,25.58
492,2008,24.6
492,2009,24.99
492,2010,24.89
492,2011,24.44
492,2012,25.36
492,2013,27.17
492,2014,25.18
492,2015,26.34
492,2016,26.35
492,2017,25.24
492,2018,26.16
492,2019,24.77
492,2020,25.61
492,2021,26.63
530,1992,20.74
530,1993,23.41
530,1994,21.6
530,1995,20.75
530,1996,21.22
530,1997,20.79
530,1998,21.15
530,1999,24.68
530,2000,21.29
530,2001,21.98
530,2002,21.48
530,2003,21.16
530,2004,21.62
530,2005,21.93
530,2006,22.44
530,2007,24.4
530,2008,24.32
530,2009,23.92
530,2010,25.03
530,2011,24.3
530,2012,24.58
530,2013,25.47
530,2014,24.73
530,2015,25.59
530,2016,25.77
530,2017,26.34
530,2018,25.8
530,2019,25.53
530,2020,26.27
530,2021,27.03
561,1992,20.77
561,1993,21.47
561,1994,21.09
561,1995,21.26
561,1996,21.79
561,1997,22.38
561,1998,22.12
561,1999,21.98
561,2000,22.84
561,2001,22.32
561,2002,21.89
561,2003,22.0
561,2004,22.61
561,2005,22.77
561,2006,23.82
561,2007,24.49
561,2008,25.72
561,2009,25.01
561,2010,25.78
561,2011,26.08
561,2012,25.66
561,2013,26.79
561,2014,26.16
561,2015,26.27
561,2016,26.69
561,2017,27.05
561,2018,26.51
561,2019,27.2
561,2020,26.88
561,2021,27.47
563,1992,21.28
563,1993,22.52
563,1994,20.4
563,1995,21.41
563,1996,22.61
563,1997,21.91
563,1998,22.43
563,1999,21.79
563,2000,23.78
563,2001,23.83
563,2002,23.11
563,2003,23.42
563,2004,23.03
563,2005,23.87
563,2006,24.45
563,2007,25.94
563,2008,24.85
563,2009,24.91
563,2010,26.13
563,2011,25.68
563,2012,25.45
563,2013,26.08
563,2014,25.35
563,2015,25.39
563,2016,25.49
563,2017,26.3
563,2018,25.79
563,2019,26.14
563,2020,24.8
563,2021,26.53
607,1992,19.42
607,1993,19.74
607,1994,19.81
607,1995,19.89
607,1996,20.0
607,1997,20.42
607,1998,20.6
607,1999,20.37
607,2000,20.96
607,2001,20.83
607,2002,20.31
607,2003,20.74
607,2004,21.2
607,2005,21.82
607,2006,22.73
607,2007,22.84
607,2008,22.53
607,2009,22.38
607,2010,24.28
607,2011,24.07
607,2012,23.82
607,2013,24.4
607,2014,25.05
607,2015,25.58
607,2016,27.22
607,2017,26.13
607,2018,25.64
607,2019,26.18
607,2020,26.22
607,2021,27.12
510,1992,20.65
510,1993,21.96
510,1994,20.43
510,1995,20.5
510,1996,20.57
510,1997,20.94
510,1998,21.31
510,1999,20.95
510,2000,21.67
510,2001,22.07
510,2002,21.62
510,2003,21.27
510,2004,22.61
510,2005,23.49
510,2006,24.44
510,2007,24.74
510,2008,27.46
510,2009,26.67
510,2010,25.12
510,2011,24.94
510,2012,24.48
510,2013,25.06
510,2014,25.01
510,2015,25.14
510,2016,25.54
510,2017,25.31
510,2018,25.44
510,2019,26.33
510,2020,26.06
510,2021,26.14
621,1992,21.16
621,1993,21.56
621,1994,21.1
621,1995,20.91
621,1996,21.9
621,1997,22.57
621,1998,23.47
621,1999,23.32
621,2000,22.83
621,2001,22.98
621,2002,22.54
621,2003,22.28
621,2004,23.31
621,2005,23.82
621,2006,24.68
621,2007,24.54
621,2008,26.14
621,2009,24.63
621,2010,25.09
621,2011,25.46
621,2012,25.15
621,2013,26.14
621,2014,25.82
621,2015,26.27
621,2016,26.61
621,2017,26.76
621,2018,26.85
621,2019,26.88
621,2020,27.87
621,2021,27.88
540,1992,20.79
540,1993,21.15
540,1994,20.53
540,1995,20.43
540,1996,20.98
540,1997,21.47
540,1998,21.84
540,1999,21.76
540,2000,22.61
540,2001,22.33
540,2002,21.82
540,2003,24.84
540,2004,22.61
540,2005,22.8
540,2006,23.5
540,2007,23.93
540,2008,24.89
540,2009,32.85
540,2010,24.39
540,2011,26.43
540,2012,25.32
540,2013,25.04
540,2014,25.77
540,2015,25.78
540,2016,25.45
540,2017,26.61
540,2018,25.89
540,2019,26.5
540,2020,26.23
540,2021,26.85
550,1992,20.55
550,1993,20.69
550,1994,20.29
550,1995,20.12
550,1996,20.68
550,1997,21.58
550,1998,22.29
550,1999,22.03
550,2000,22.46
550,2001,22.86
550,2002,22.47
550,2003,22.56
550,2004,22.93
550,2005,24.38
550,2006,24.88
550,2007,26.67
550,2008,30.34
550,2009,28.86
550,2010,25.77
550,2011,25.46
550,2012,25.5
550,2013,24.57
550,2014,25.4
550,2015,24.62
550,2016,25.21
550,2017,25.99
550,2018,25.3
550,2019,26.32
550,2020,26.67
550,2021,27.8
573,1992,20.09
573,1993,20.06
573,1994,19.46
573,1995,19.53
573,1996,20.15
573,1997,20.49
573,1998,20.9
573,1999,21.08
573,2000,20.85
573,2001,21.76
573,2002,21.16
573,2003,21.19
573,2004,21.64
573,2005,22.65
573,2006,23.18
573,2007,25.04
573,2008,28.33
573,2009,27.46
573,2010,25.84
573,2011,25.99
573,2012,25.37
573,2013,25.7
573,2014,25.36
573,2015,24.68
573,2016,25.12
573,2017,25.62
573,2018,24.37
573,2019,24.31
573,2020,24.63
573,2021,25.01
575,1992,20.05
575,1993,20.19
575,1994,19.95
575,1995,19.74
575,1996,20.04
575,1997,20.4
575,1998,21.21
575,1999,20.78
575,2000,21.12
575,2001,21.66
575,2002,20.89
575,2003,20.99
575,2004,21.12
575,2005,22.6
575,2006,22.54
575,2007,23.83
575,2008,28.28
575,2009,25.93
575,2010,25.84
575,2011,24.35
575,2012,24.35
575,2013,24.52
575,2014,24.64
575,2015,25.13
575,2016,25.4
575,2017,25.74
575,2018,25.13
575,2019,25.8
575,2020,25.74
575,2021,26.22
630,1992,21.71
630,1993,21.63
630,1994,21.04
630,1995,21.08
630,1996,21.5
630,1997,22.77
630,1998,22.26
630,1999,23.13
630,2000,22.6
630,2001,22.73
630,2002,22.15
630,2003,22.51
630,2004,23.01
630,2005,24.01
630,2006,24.8
630,2007,25.3
630,2008,25.96
630,2009,25.19
630,2010,26.41
630,2011,25.37
630,2012,25.25
630,2013,26.57
630,2014,26.93
630,2015,26.15
630,2016,26.32
630,2017,27.02
630,2018,26.91
630,2019,27.29
630,2020,27.5
630,2021,28.11
580,1992,20.96
580,1993,21.57
580,1994,21.22
580,1995,21.26
580,1996,21.43
580,1997,21.8
580,1998,22.23
580,1999,22.57
580,2000,23.21
580,2001,22.33
580,2002,22.74
580,2003,22.61
580,2004,23.42
580,2005,23.89
580,2006,24.26
580,2007,25.36
580,2008,26.88
580,2009,25.57
580,2010,25.09
580,2011,25.01
580,2012,24.83
580,2013,25.36
580,2014,27.42
580,2015,25.27
580,2016,25.38
580,2017,26.17
580,2018,25.91
580,2019,26.72
580,2020,26.52
580,2021,27.31
710,1992,18.89
710,1993,19.19
710,1994,19.12
710,1995,18.81
710,1996,19.57
710,1997,19.79
710,1998,20.14
710,1999,20.02
710,2000,20.05
710,2001,20.11
710,2002,20.0
710,2003,20.16
710,2004,20.32
710,2005,21.01
710,2006,22.26
710,2007,22.8
710,2008,23.34
710,2009,23.16
710,2010,22.33
710,2011,22.43
710,2012,22.58
710,2013,22.11
710,2014,22.21
710,2015,22.6
710,2016,23.17
710,2017,23.48
710,2018,23.32
710,2019,23.18
710,2020,24.08
710,2021,24.54
766,1992,19.46
766,1993,19.89
766,1994,19.08
766,1995,19.41
766,1996,19.32
766,1997,20.08
766,1998,20.78
766,1999,20.28
766,2000,21.17
766,2001,21.1
766,2002,20.48
766,2003,20.72
766,2004,21.12
766,2005,22.09
766,2006,23.23
766,2007,22.73
766,2008,27.03
766,2009,24.45
766,2010,23.73
766,2011,23.43
766,2012,22.81
766,2013,23.15
766,2014,23.18
766,2015,24.23
766,2016,23.46
766,2017,23.93
766,2018,24.18
766,2019,24.01
766,2020,24.38
766,2021,24.69
615,1992,21.13
615,1993,21.58
615,1994,20.65
615,1995,21.53
615,1996,21.29
615,1997,21.78
615,1998,22.11
615,1999,22.36
615,2000,22.45
615,2001,22.51
615,2002,21.85
615,2003,21.87
615,2004,22.68
615,2005,23.04
615,2006,24.03
615,2007,24.32
615,2008,26.09
615,2009,24.19
615,2010,24.9
615,2011,24.6
615,2012,24.67
615,2013,25.18
615,2014,24.8
615,2015,25.31
615,2016,25.89
615,2017,26.4
615,2018,25.99
615,2019,25.98
615,2020,26.11
615,2021,26.43
707,1992,20.9
707,1993,20.86
707,1994,20.31
707,1995,19.71
707,1996,20.43
707,1997,20.92
707,1998,21.56
707,1999,21.12
707,2000,21.26
707,2001,21.7
707,2002,21.09
707,2003,22.0
707,2004,22.55
707,2005,23.27
707,2006,23.87
707,2007,24.81
707,2008,27.06
707,2009,25.77
707,2010,24.77
707,2011,24.26
707,2012,23.44
707,2013,23.68
707,2014,24.2
707,2015,24.99
707,2016,24.23
707,2017,24.92
707,2018,24.28
707,2019,25.22
707,2020,25.54
707,2021,25.38
727,1992,20.34
727,1993,20.63
727,1994,20.87
727,1995,20.56
727,1996,20.65
727,1997,21.23
727,1998,21.91
727,1999,22.52
727,2000,22.6
727,2001,21.86
727,2002,21.81
727,2003,21.7
727,2004,22.31
727,2005,22.61
727,2006,22.97
727,2007,23.53
727,2008,24.91
727,2009,23.84
727,2010,23.35
727,2011,23.52
727,2012,22.81
727,2013,23.2
727,2014,23.44
727,2015,24.01
727,2016,23.97
727,2017,25.01
727,2018,24.48
727,2019,24.36
727,2020,24.85
727,2021,24.75
730,1992,20.68
730,1993,20.89
730,1994,20.14
730,1995,20.47
730,1996,20.85
730,1997,21.5
730,1998,21.7
730,1999,21.58
730,2000,21.89
730,2001,21.75
730,2002,21.25
730,2003,21.13
730,2004,22.18
730,2005,22.5
730,2006,22.88
730,2007,23.88
730,2008,24.38
730,2009,23.7
730,2010,23.65
730,2011,23.65
730,2012,23.26
730,2013,23.71
730,2014,24.14
730,2015,24.33
730,2016,24.65
730,2017,24.91
730,2018,24.84
730,2019,24.99
730,2020,25.53
730,2021,25.53
741,1992,20.31
741,1993,20.36
741,1994,20.22
741,1995,21.01
741,1996,21.26
741,1997,21.05
741,1998,23.11
741,1999,23.33
741,2000,23.38
741,2001,23.19
741,2002,22.16
741,2003,22.71
741,2004,22.58
741,2005,22.83
741,2006,24.09
741,2007,25.39
741,2008,28.88
741,2009,27.66
741,2010,27.61
741,2011,25.1
741,2012,23.08
741,2013,24.35
741,2014,24.9
741,2015,24.75
741,2016,31.3
741,2017,25.98
741,2018,27.05
741,2019,26.49
741,2020,26.91
741,2021,27.3
740,1992,21.05
740,1993,23.35
740,1994,22.7
740,1995,23.34
740,1996,24.9
740,1997,23.45
740,1998,23.42
740,1999,22.95
740,2000,23.95
740,2001,23.61
740,2002,23.33
740,2003,23.9
740,2004,24.56
740,2005,24.86
740,2006,25.68
740,2007,26.43
740,2008,28.1
740,2009,27.72
740,2010,25.22
740,2011,27.49
740,2012,24.36
740,2013,25.35
740,2014,32.67
740,2015,25.1
740,2016,27.25
740,2017,26.31
740,2018,25.94
740,2019,26.47
740,2020,26.32
740,2021,27.34
746,1992,19.75
746,1993,20.05
746,1994,19.52
746,1995,19.74
746,1996,20.17
746,1997,20.51
746,1998,20.93
746,1999,20.66
746,2000,20.93
746,2001,20.71
746,2002,20.39
746,2003,20.43
746,2004,20.81
746,2005,21.79
746,2006,22.69
746,2007,22.8
746,2008,23.7
746,2009,22.09
746,2010,22.89
746,2011,22.68
746,2012,22.63
746,2013,23.28
746,2014,23.42
746,2015,23.98
746,2016,24.16
746,2017,24.17
746,2018,24.32
746,2019,24.49
746,2020,25.26
746,2021,25.5
706,1992,21.03
706,1993,21.28
706,1994,23.49
706,1995,20.45
706,1996,20.41
706,1997,21.28
706,1998,21.54
706,1999,22.43
706,2000,22.33
706,2001,23.04
706,2002,21.2
706,2003,21.65
706,2004,23.72
706,2005,23.69
706,2006,25.12
706,2007,28.06
706,2008,25.76
706,2009,25.45
706,2010,25.49
706,2011,24.46
706,2012,24.03
706,2013,25.05
706,2014,26.14
706,2015,24.54
706,2016,25.41
706,2017,25.2
706,2018,25.29
706,2019,25.41
706,2020,25.46
706,2021,27.51
751,1992,24.28
751,1993,24.54
751,1994,24.53
751,1995,24.41
751,1996,24.93
751,1997,25.72
751,1998,26.25
751,1999,26.34
751,2000,26.29
751,2001,26.35
751,2002,25.75
751,2003,26.24
751,2004,27.05
751,2005,29.02
751,2006,29.44
751,2007,30.03
751,2008,29.77
751,2009,28.64
751,2010,30.65
751,2011,31.09
751,2012,30.67
751,2013,31.41
751,2014,31.55
751,2015,32.66
751,2016,31.94
751,2017,33.29
751,2018,32.92
751,2019,33.12
751,2020,33.19
751,2021,33.77
657,1992,21.29
657,1993,22.03
657,1994,21.02
657,1995,21.11
657,1996,21.26
657,1997,21.89
657,1998,22.48
657,1999,22.25
657,2000,22.53
657,2001,23.1
657,2002,22.22
657,2003,22.08
657,2004,22.6
657,2005,23.83
657,2006,23.75
657,2007,24.95
657,2008,26.85
657,2009,25.25
657,2010,24.88
657,2011,26.68
657,2012,24.72
657,2013,24.79
657,2014,25.07
657,2015,24.82
657,2016,25.65
657,2017,25.94
657,2018,26.0
657,2019,26.07
657,2020,26.9
657,2021,26.59
661,1992,21.98
661,1993,21.59
661,1994,20.98
661,1995,20.73
661,1996,21.24
661,1997,21.8
661,1998,22.83
661,1999,22.54
661,2000,22.33
661,2001,24.3
661,2002,22.93
661,2003,22.59
661,2004,22.72
661,2005,23.56
661,2006,24.82
661,2007,26.44
661,2008,27.39
661,2009,25.46
661,2010,25.51
661,2011,25.34
661,2012,26.0
661,2013,26.45
661,2014,24.45
661,2015,24.95
661,2016,26.07
661,2017,25.87
661,2018,25.12
661,2019,25.73
661,2020,26.4
661,2021,27.54
756,1992,22.01
756,1993,22.71
756,1994,20.44
756,1995,21.19
756,1996,21.48
756,1997,22.55
756,1998,22.01
756,1999,21.87
756,2000,22.68
756,2001,23.0
756,2002,21.76
756,2003,21.8
756,2004,22.98
756,2005,22.85
756,2006,23.16
756,2007,26.7
756,2008,26.79
756,2009,25.01
756,2010,24.3
756,2011,25.02
756,2012,23.8
756,2013,24.55
756,2014,24.28
756,2015,24.15
756,2016,24.28
756,2017,24.23
756,2018,24.28
756,2019,27.07
756,2020,29.31
756,2021,25.7
665,1992,22.68
665,1993,22.72
665,1994,21.22
665,1995,20.75
665,1996,21.23
665,1997,22.04
665,1998,22.38
665,1999,22.18
665,2000,22.42
665,2001,22.99
665,2002,22.49
665,2003,23.03
665,2004,23.88
665,2005,23.54
665,2006,24.73
665,2007,28.56
665,2008,32.29
665,2009,29.19
665,2010,30.57
665,2011,26.68
665,2012,25.45
665,2013,27.11
665,2014,24.95
665,2015,26.06
665,2016,30.29
665,2017,27.38
665,2018,25.74
665,2019,26.71
665,2020,28.26
665,2021,29.09
760,1992,21.17
760,1993,20.99
760,1994,20.34
760,1995,20.5
760,1996,21.05
760,1997,21.38
760,1998,23.05
760,1999,21.92
760,2000,21.5
760,2001,23.27
760,2002,22.04
760,2003,22.08
760,2004,22.91
760,2005,23.93
760,2006,25.32
760,2007,26.44
760,2008,29.81
760,2009,26.91
760,2010,25.66
760,2011,25.91
760,2012,25.89
760,2013,25.19
760,2014,24.67
760,2015,24.68
760,2016,25.65
760,2017,25.2
760,2018,25.2
760,2019,25.68
760,2020,27.15
760,2021,27.42
779,1992,20.92
779,1993,21.68
779,1994,20.1
779,1995,20.34
779,1996,21.66
779,1997,21.01
779,1998,21.97
779,1999,21.53
779,2000,21.85
779,2001,24.9
779,2002,21.51
779,2003,21.39
779,2004,21.76
779,2005,22.32
779,2006,23.01
779,2007,24.14
779,2008,25.67
779,2009,24.01
779,2010,23.61
779,2011,23.92
779,2012,22.91
779,2013,23.67
779,2014,24.09
779,2015,23.81
779,2016,23.7
779,2017,24.66
779,2018,24.16
779,2019,24.83
779,2020,26.21
779,2021,25.85
671,1992,20.28
671,1993,20.25
671,1994,19.6
671,1995,19.49
671,1996,20.31
671,1997,20.84
671,1998,20.93
671,1999,20.94
671,2000,21.33
671,2001,21.84
671,2002,21.25
671,2003,21.01
671,2004,21.45
671,2005,22.28
671,2006,23.12
671,2007,23.29
671,2008,26.84
671,2009,24.2
671,2010,24.57
671,2011,24.05
671,2012,24.39
671,2013,24.31
671,2014,23.95
671,2015,24.57
671,2016,24.75
671,2017,25.02
671,2018,24.21
671,2019,25.09
671,2020,26.37
671,2021,26.14
791,1992,20.71
791,1993,20.64
791,1994,20.41
791,1995,20.1
791,1996,20.45
791,1997,20.92
791,1998,21.33
791,1999,21.11
791,2000,21.4
791,2001,21.82
791,2002,21.78
791,2003,21.77
791,2004,22.53
791,2005,22.97
791,2006,23.37
791,2007,24.18
791,2008,26.41
791,2009,25.29
791,2010,24.72
791,2011,24.41
791,2012,23.81
791,2013,24.14
791,2014,24.24
791,2015,24.57
791,2016,25.05
791,2017,25.84
791,2018,25.33
791,2019,25.91
791,2020,26.33
791,2021,26.33
810,1992,19.8
810,1993,20.19
810,1994,19.57
810,1995,19.37
810,1996,19.76
810,1997,20.7
810,1998,20.98
810,1999,21.3
810,2000,21.95
810,2001,21.96
810,2002,21.93
810,2003,22.65
810,2004,21.6
810,2005,22.95
810,2006,24.44
810,2007,26.54
810,2008,32.48
810,2009,26.48
810,2010,24.62
810,2011,23.81
810,2012,23.34
810,2013,23.82
810,2014,23.45
810,2015,24.22
810,2016,26.4
810,2017,24.37
810,2018,24.51
810,2019,24.72
810,2020,26.55
810,2021,25.61
813,1992,20.26
813,1993,20.22
813,1994,19.6
813,1995,19.38
813,1996,19.52
813,1997,20.31
813,1998,20.84
813,1999,21.05
813,2000,21.11
813,2001,21.11
813,2002,21.17
813,2003,20.81
813,2004,21.74
813,2005,21.9
813,2006,24.63
813,2007,24.33
813,2008,25.77
813,2009,24.13
813,2010,24.85
813,2011,24.73
813,2012,24.06
813,2013,24.41
813,2014,23.83
813,2015,24.73
813,2016,24.72
813,2017,25.15
813,2018,25.26
813,2019,24.94
813,2020,25.52
813,2021,25.71
860,1992,20.89
860,1993,20.6
860,1994,20.03
860,1995,20.04
860,1996,20.56
860,1997,20.84
860,1998,21.27
860,1999,21.23
860,2000,21.5
860,2001,22.51
860,2002,21.86
860,2003,21.93
860,2004,23.34
860,2005,23.73
860,2006,24.04
860,2007,24.88
860,2008,28.43
860,2009,26.71
860,2010,26.43
860,2011,26.17
860,2012,24.89
860,2013,25.43
860,2014,25.37
860,2015,25.73
860,2016,26.14
860,2017,26.6
860,2018,26.31
860,2019,26.32
860,2020,26.99
860,2021,26.12
849,1992,20.23
849,1993,19.76
849,1994,19.85
849,1995,19.14
849,1996,19.55
849,1997,19.88
849,1998,21.1
849,1999,20.94
849,2000,21.47
849,2001,21.37
849,2002,21.41
849,2003,21.38
849,2004,21.84
849,2005,22.69
849,2006,23.87
849,2007,24.63
849,2008,27.68
849,2009,27.41
849,2010,24.75
849,2011,24.28
849,2012,24.45
849,2013,24.34
849,2014,22.98
849,2015,24.07
849,2016,24.43
849,2017,23.53
849,2018,24.94
849,2019,24.11
849,2020,25.8
849,2021,25.59
825,1992,20.93
825,1993,19.22
825,1994,18.97
825,1995,19.28
825,1996,19.42
825,1997,19.86
825,1998,22.56
825,1999,22.01
825,2000,22.13
825,2001,20.87
825,2002,20.92
825,2003,19.73
825,2004,21.68
825,2005,21.4
825,2006,25.53
825,2007,26.5
825,2008,23.0
825,2009,22.41
825,2010,23.42
825,2011,22.98
825,2012,22.9
825,2013,24.01
825,2014,21.44
825,2015,22.03
825,2016,22.5
825,2017,21.63
825,2018,23.47
825,2019,22.2
825,2020,22.68
825,2021,26.21
846,1992,21.31
846,1993,21.43
846,1994,20.55
846,1995,19.86
846,1996,20.58
846,1997,21.24
846,1998,21.69
846,1999,21.27
846,2000,21.47
846,2001,21.78
846,2002,21.58
846,2003,21.71
846,2004,22.16
846,2005,22.65
846,2006,23.43
846,2007,24.3
846,2008,27.05
846,2009,25.57
846,2010,24.57
846,2011,24.03
846,2012,23.78
846,2013,23.87
846,2014,23.83
846,2015,23.88
846,2016,24.15
846,2017,24.64
846,2018,24.72
846,2019,25.7
846,2020,26.17
846,2021,25.63
773,1992,20.23
773,1993,20.56
773,1994,19.48
773,1995,19.46
773,1996,19.74
773,1997,20.42
773,1998,21.2
773,1999,22.46
773,2000,21.39
773,2001,22.55
773,2002,22.36
773,2003,22.07
773,2004,24.42
773,2005,24.62
773,2006,25.62
773,2007,26.55
773,2008,31.02
773,2009,27.98
773,2010,26.53
773,2011,25.47
773,2012,26.0
773,2013,25.09
773,2014,24.79
773,2015,24.21
773,2016,23.88
773,2017,24.7
773,2018,24.96
773,2019,26.31
773,2020,26.14
773,2021,26.38
840,1992,20.5
840,1993,20.57
840,1994,20.09
840,1995,19.66
840,1996,20.31
840,1997,21.07
840,1998,21.6
840,1999,21.65
840,2000,22.02
840,2001,22.73
840,2002,21.73
840,2003,22.03
840,2004,22.26
840,2005,22.91
840,2006,23.42
840,2007,25.63
840,2008,30.9
840,2009,26.28
840,2010,25.18
840,2011,24.84
840,2012,24.01
840,2013,24.29
840,2014,24.01
840,2015,23.9
840,2016,24.33
840,2017,24.55
840,2018,24.58
840,2019,26.18
840,2020,25.5
840,2021,25.09
787,1992,20.98
787,1993,20.69
787,1994,20.4
787,1995,20.3
787,1996,20.79
787,1997,21.44
787,1998,21.96
787,1999,21.82
787,2000,22.51
787,2001,23.38
787,2002,22.55
787,2003,22.55
787,2004,22.47
787,2005,23.53
787,2006,24.9
787,2007,26.56
787,2008,29.51
787,2009,26.35
787,2010,26.42
787,2011,25.61
787,2012,24.52
787,2013,24.54
787,2014,24.21
787,2015,24.71
787,2016,24.95
787,2017,25.41
787,2018,24.78
787,2019,25.89
787,2020,26.41
787,2021,26.01
820,1992,20.65
820,1993,20.2
820,1994,19.97
820,1995,19.67
820,1996,20.27
820,1997,20.81
820,1998,21.75
820,1999,21.53
820,2000,22.21
820,2001,22.2
820,2002,22.24
820,2003,22.02
820,2004,22.6
820,2005,22.96
820,2006,23.21
820,2007,25.45
820,2008,30.58
820,2009,28.33
820,2010,25.62
820,2011,24.41
820,2012,24.15
820,2013,24.02
820,2014,24.05
820,2015,24.15
820,2016,23.94
820,2017,24.38
820,2018,24.84
820,2019,25.4
820,2020,26.04
820,2021,27.37
851,1992,21.19
851,1993,21.88
851,1994,21.03
851,1995,21.5
851,1996,21.64
851,1997,22.25
851,1998,22.77
851,1999,22.87
851,2000,24.14
851,2001,23.44
851,2002,22.88
851,2003,22.96
851,2004,23.91
851,2005,24.67
851,2006,25.19
851,2007,26.07
851,2008,27.28
851,2009,25.72
851,2010,26.69
851,2011,26.43
851,2012,26.39
851,2013,27.03
851,2014,27.54
851,2015,27.98
851,2016,28.05
851,2017,28.61
851,2018,28.7
851,2019,28.76
851,2020,29.12
851,2021,29.1
