,muni_code,year,pop
0,0,2008,5475791
1,0,2009,5511451
2,0,2010,5534738
3,0,2011,5560628
4,0,2012,5580516
5,0,2013,5602628
6,0,2014,5627235
7,0,2015,5659715
8,0,2016,5707251
9,0,2017,5748769
10,0,2018,5781190
11,0,2019,5806081
12,0,2020,5822763
13,0,2021,5840045
14,0,2022,5873420
15,0,2023,5932654
16,84,2008,1645825
17,84,2009,1662285
18,84,2010,1680271
19,84,2011,1699387
20,84,2012,1714589
21,84,2013,1732068
22,84,2014,1749405
23,84,2015,1768125
24,84,2016,1789174
25,84,2017,1807404
26,84,2018,1822659
27,84,2019,1835562
28,84,2020,1846023
29,84,2021,1855084
30,84,2022,1867948
31,84,2023,1891871
32,101,2008,509861
33,101,2009,518574
34,101,2010,528208
35,101,2011,539542
36,101,2012,549050
37,101,2013,559440
38,101,2014,569557
39,101,2015,580184
40,101,2016,591481
41,101,2017,602481
42,101,2018,613288
43,101,2019,623404
44,101,2020,632340
45,101,2021,638117
46,101,2022,644431
47,101,2023,653664
48,147,2008,93444
49,147,2009,95029
50,147,2010,96718
51,147,2011,98782
52,147,2012,100215
53,147,2013,102029
54,147,2014,102717
55,147,2015,103192
56,147,2016,104481
57,147,2017,105037
58,147,2018,104410
59,147,2019,103960
60,147,2020,104305
61,147,2021,103677
62,147,2022,103608
63,147,2023,104664
64,155,2008,13261
65,155,2009,13411
66,155,2010,13564
67,155,2011,13717
68,155,2012,13692
69,155,2013,13917
70,155,2014,13977
71,155,2015,14028
72,155,2016,14142
73,155,2017,14288
74,155,2018,14272
75,155,2019,14270
76,155,2020,14494
77,155,2021,14569
78,155,2022,14640
79,155,2023,14609
80,185,2008,40016
81,185,2009,40214
82,185,2010,40383
83,185,2011,40835
84,185,2012,41151
85,185,2013,41572
86,185,2014,41992
87,185,2015,42573
88,185,2016,42860
89,185,2017,43010
90,185,2018,43063
91,185,2019,42984
92,185,2020,42989
93,185,2021,42670
94,185,2022,42723
95,185,2023,43042
96,165,2008,27602
97,165,2009,27706
98,165,2010,27730
99,165,2011,27800
100,165,2012,27864
101,165,2013,27824
102,165,2014,27728
103,165,2015,27806
104,165,2016,27880
105,165,2017,27896
106,165,2018,27743
107,165,2019,27877
108,165,2020,27731
109,165,2021,27366
110,165,2022,27599
111,165,2023,27530
112,151,2008,47116
113,151,2009,47398
114,151,2010,47652
115,151,2011,47930
116,151,2012,47994
117,151,2013,48211
118,151,2014,48514
119,151,2015,48355
120,151,2016,48224
121,151,2017,48231
122,151,2018,48295
123,151,2019,48458
124,151,2020,48602
125,151,2021,49310
126,151,2022,49274
127,151,2023,50039
128,153,2008,33831
129,153,2009,33762
130,153,2010,33795
131,153,2011,34021
132,153,2012,34084
133,153,2013,34210
134,153,2014,34580
135,153,2015,35050
136,153,2016,35322
137,153,2017,35594
138,153,2018,35538
139,153,2019,35397
140,153,2020,35090
141,153,2021,35232
142,153,2022,35651
143,153,2023,37128
144,157,2008,68913
145,157,2009,69794
146,157,2010,71052
147,157,2011,71714
148,157,2012,72814
149,157,2013,73360
150,157,2014,74282
151,157,2015,74932
152,157,2016,75350
153,157,2017,75805
154,157,2018,75803
155,157,2019,75176
156,157,2020,74830
157,157,2021,74550
158,157,2022,74217
159,157,2023,74838
160,159,2008,62562
161,159,2009,63233
162,159,2010,64102
163,159,2011,64951
164,159,2012,65303
165,159,2013,66030
166,159,2014,66656
167,159,2015,67347
168,159,2016,67914
169,159,2017,68775
170,159,2018,69484
171,159,2019,69681
172,159,2020,69262
173,159,2021,69200
174,159,2022,69259
175,159,2023,70001
176,161,2008,20673
177,161,2009,21008
178,161,2010,21296
179,161,2011,21384
180,161,2012,21650
181,161,2013,21869
182,161,2014,22066
183,161,2015,22357
184,161,2016,22461
185,161,2017,22528
186,161,2018,22663
187,161,2019,22615
188,161,2020,23128
189,161,2021,23380
190,161,2022,23514
191,161,2023,23635
192,163,2008,26567
193,163,2009,26635
194,163,2010,26556
195,163,2011,26597
196,163,2012,26608
197,163,2013,26958
198,163,2014,27706
199,163,2015,28148
200,163,2016,28423
201,163,2017,28406
202,163,2018,28572
203,163,2019,28786
204,163,2020,28953
205,163,2021,28913
206,163,2022,28867
207,163,2023,29215
208,167,2008,49380
209,167,2009,49366
210,167,2010,49724
211,167,2011,50081
212,167,2012,50600
213,167,2013,51341
214,167,2014,51842
215,167,2015,52380
216,167,2016,52831
217,167,2017,52964
218,167,2018,53282
219,167,2019,53416
220,167,2020,53527
221,167,2021,53451
222,167,2022,53267
223,167,2023,53443
224,169,2008,47158
225,169,2009,47400
226,169,2010,47664
227,169,2011,47753
228,169,2012,48081
229,169,2013,48471
230,169,2014,48807
231,169,2015,49230
232,169,2016,49960
233,169,2017,50246
234,169,2018,50596
235,169,2019,50686
236,169,2020,50759
237,169,2021,51729
238,169,2022,53053
239,169,2023,55258
240,183,2008,20687
241,183,2009,20756
242,183,2010,20606
243,183,2011,20797
244,183,2012,21087
245,183,2013,21131
246,183,2014,21547
247,183,2015,22025
248,183,2016,22358
249,183,2017,22719
250,183,2018,22988
251,183,2019,22946
252,183,2020,22989
253,183,2021,23131
254,183,2022,23225
255,183,2023,23457
256,173,2008,51449
257,173,2009,51532
258,173,2010,52237
259,173,2011,52754
260,173,2012,53251
261,173,2013,53840
262,173,2014,54237
263,173,2015,54778
264,173,2016,55097
265,173,2017,55240
266,173,2018,55472
267,173,2019,55790
268,173,2020,56214
269,173,2021,56614
270,173,2022,57826
271,173,2023,58434
272,175,2008,36144
273,175,2009,36228
274,175,2010,36233
275,175,2011,36524
276,175,2012,36883
277,175,2013,37351
278,175,2014,37552
279,175,2015,37743
280,175,2016,38002
281,175,2017,38492
282,175,2018,39343
283,175,2019,40052
284,175,2020,40652
285,175,2021,41113
286,175,2022,41382
287,175,2023,42563
288,187,2008,12399
289,187,2009,13365
290,187,2010,14045
291,187,2011,14445
292,187,2012,14565
293,187,2013,14797
294,187,2014,15095
295,187,2015,15204
296,187,2016,15419
297,187,2017,15705
298,187,2018,16280
299,187,2019,16654
300,187,2020,16633
301,187,2021,16515
302,187,2022,16488
303,187,2023,17031
304,201,2008,23493
305,201,2009,23821
306,201,2010,24089
307,201,2011,24096
308,201,2012,24043
309,201,2013,24073
310,201,2014,24175
311,201,2015,24411
312,201,2016,24732
313,201,2017,24942
314,201,2018,25235
315,201,2019,25646
316,201,2020,25633
317,201,2021,25893
318,201,2022,25867
319,201,2023,26061
320,240,2008,40533
321,240,2009,41031
322,240,2010,41513
323,240,2011,41614
324,240,2012,41821
325,240,2013,42018
326,240,2014,42210
327,240,2015,42573
328,240,2016,42773
329,240,2017,43082
330,240,2018,43000
331,240,2019,43335
332,240,2020,43354
333,240,2021,43696
334,240,2022,44375
335,240,2023,45202
336,210,2008,39240
337,210,2009,39254
338,210,2010,39226
339,210,2011,39341
340,210,2012,39565
341,210,2013,39462
342,210,2014,39585
343,210,2015,39772
344,210,2016,40112
345,210,2017,40504
346,210,2018,40779
347,210,2019,40819
348,210,2020,40865
349,210,2021,40998
350,210,2022,41211
351,210,2023,41689
352,250,2008,44102
353,250,2009,44246
354,250,2010,44182
355,250,2011,44307
356,250,2012,44345
357,250,2013,44365
358,250,2014,44401
359,250,2015,44413
360,250,2016,44725
361,250,2017,45036
362,250,2018,45189
363,250,2019,45332
364,250,2020,45223
365,250,2021,45439
366,250,2022,45800
367,250,2023,46117
368,190,2008,37667
369,190,2009,37864
370,190,2010,38232
371,190,2011,38286
372,190,2012,38243
373,190,2013,38236
374,190,2014,38492
375,190,2015,39077
376,190,2016,40156
377,190,2017,40613
378,190,2018,40911
379,190,2019,41069
380,190,2020,40965
381,190,2021,41001
382,190,2022,41402
383,190,2023,42077
384,270,2008,40512
385,270,2009,40627
386,270,2010,40694
387,270,2011,40700
388,270,2012,40603
389,270,2013,40655
390,270,2014,40778
391,270,2015,40855
392,270,2016,41107
393,270,2017,41213
394,270,2018,41217
395,270,2019,41195
396,270,2020,41048
397,270,2021,40971
398,270,2022,41147
399,270,2023,41547
400,260,2008,30824
401,260,2009,31013
402,260,2010,31077
403,260,2011,31056
404,260,2012,30980
405,260,2013,30803
406,260,2014,30647
407,260,2015,30736
408,260,2016,31049
409,260,2017,31162
410,260,2018,31168
411,260,2019,31271
412,260,2020,31384
413,260,2021,31420
414,260,2022,31344
415,260,2023,31466
416,217,2008,60844
417,217,2009,61053
418,217,2010,61143
419,217,2011,61368
420,217,2012,61493
421,217,2013,61613
422,217,2014,61519
423,217,2015,61632
424,217,2016,62092
425,217,2017,62443
426,217,2018,62686
427,217,2019,62567
428,217,2020,62695
429,217,2021,63000
430,217,2022,62875
431,217,2023,63399
432,219,2008,46568
433,219,2009,47081
434,219,2010,47473
435,219,2011,47916
436,219,2012,48203
437,219,2013,48315
438,219,2014,48695
439,219,2015,49108
440,219,2016,49672
441,219,2017,50109
442,219,2018,50650
443,219,2019,50998
444,219,2020,51183
445,219,2021,51528
446,219,2022,53257
447,219,2023,54159
448,223,2008,24197
449,223,2009,24310
450,223,2010,24378
451,223,2011,24415
452,223,2012,24365
453,223,2013,24543
454,223,2014,24709
455,223,2015,24856
456,223,2016,24965
457,223,2017,24977
458,223,2018,25028
459,223,2019,25007
460,223,2020,24864
461,223,2021,24917
462,223,2022,24761
463,223,2023,24715
464,230,2008,53869
465,230,2009,53915
466,230,2010,54444
467,230,2011,54765
468,230,2012,54630
469,230,2013,54827
470,230,2014,55034
471,230,2015,55441
472,230,2016,55739
473,230,2017,56133
474,230,2018,55989
475,230,2019,56509
476,230,2020,56728
477,230,2021,57024
478,230,2022,57247
479,230,2023,57193
480,400,2008,42817
481,400,2009,42563
482,400,2010,42154
483,400,2011,41802
484,400,2012,41303
485,400,2013,40715
486,400,2014,40215
487,400,2015,39828
488,400,2016,39756
489,400,2017,39695
490,400,2018,39632
491,400,2019,39572
492,400,2020,39499
493,400,2021,39570
494,400,2022,39545
495,400,2023,39602
496,411,2008,96
497,411,2009,96
498,411,2010,101
499,411,2011,94
500,411,2012,103
501,411,2013,92
502,411,2014,90
503,411,2015,91
504,411,2016,91
505,411,2017,78
506,411,2018,83
507,411,2019,90
508,411,2020,84
509,411,2021,90
510,411,2022,93
511,411,2023,93
512,85,2008,819427
513,85,2009,821252
514,85,2010,820564
515,85,2011,819763
516,85,2012,817907
517,85,2013,816359
518,85,2014,816726
519,85,2015,820480
520,85,2016,827499
521,85,2017,832553
522,85,2018,835024
523,85,2019,836738
524,85,2020,837359
525,85,2021,838840
526,85,2022,843513
527,85,2023,849857
528,253,2008,47773
529,253,2009,47951
530,253,2010,47826
531,253,2011,47978
532,253,2012,47942
533,253,2013,47980
534,253,2014,48095
535,253,2015,48835
536,253,2016,49518
537,253,2017,49921
538,253,2018,49974
539,253,2019,50267
540,253,2020,50558
541,253,2021,50514
542,253,2022,50818
543,253,2023,51507
544,259,2008,56637
545,259,2009,56848
546,259,2010,57125
547,259,2011,57271
548,259,2012,57307
549,259,2013,57771
550,259,2014,58374
551,259,2015,59285
552,259,2016,59868
553,259,2017,60109
554,259,2018,60356
555,259,2019,60675
556,259,2020,60979
557,259,2021,61475
558,259,2022,61718
559,259,2023,62458
560,350,2008,26603
561,350,2009,26778
562,350,2010,26794
563,350,2011,26764
564,350,2012,26887
565,350,2013,26901
566,350,2014,26989
567,350,2015,27172
568,350,2016,27317
569,350,2017,27402
570,350,2018,27544
571,350,2019,27775
572,350,2020,27996
573,350,2021,28173
574,350,2022,28623
575,350,2023,28930
576,265,2008,80687
577,265,2009,81285
578,265,2010,81947
579,265,2011,82542
580,265,2012,83137
581,265,2013,83554
582,265,2014,84219
583,265,2015,85026
584,265,2016,86207
585,265,2017,87015
586,265,2018,87382
587,265,2019,87577
588,265,2020,87914
589,265,2021,88889
590,265,2022,89447
591,265,2023,90446
592,269,2008,20759
593,269,2009,20743
594,269,2010,20882
595,269,2011,20964
596,269,2012,21156
597,269,2013,21145
598,269,2014,21339
599,269,2015,21552
600,269,2016,21788
601,269,2017,22147
602,269,2018,22518
603,269,2019,23065
604,269,2020,23255
605,269,2021,23441
606,269,2022,23794
607,269,2023,24216
608,320,2008,35418
609,320,2009,35441
610,320,2010,35306
611,320,2011,35277
612,320,2012,35110
613,320,2013,35123
614,320,2014,35119
615,320,2015,35195
616,320,2016,35614
617,320,2017,35916
618,320,2018,36139
619,320,2019,36513
620,320,2020,36576
621,320,2021,36713
622,320,2022,37161
623,320,2023,37344
624,376,2008,63496
625,376,2009,63211
626,376,2010,62912
627,376,2011,62583
628,376,2012,61913
629,376,2013,61322
630,376,2014,61007
631,376,2015,60829
632,376,2016,60979
633,376,2017,61257
634,376,2018,61219
635,376,2019,60930
636,376,2020,60722
637,376,2021,60328
638,376,2022,60310
639,376,2023,60231
640,316,2008,69010
641,316,2009,69528
642,316,2010,69550
643,316,2011,69521
644,316,2012,69415
645,316,2013,69263
646,316,2014,69016
647,316,2015,69035
648,316,2016,69972
649,316,2017,70950
650,316,2018,70983
651,316,2019,71297
652,316,2020,71541
653,316,2021,71913
654,316,2022,72810
655,316,2023,73440
656,326,2008,49743
657,326,2009,49741
658,326,2010,49265
659,326,2011,49088
660,326,2012,48632
661,326,2013,48294
662,326,2014,48358
663,326,2015,48469
664,326,2016,48660
665,326,2017,48736
666,326,2018,48982
667,326,2019,48681
668,326,2020,48436
669,326,2021,48487
670,326,2022,48368
671,326,2023,48602
672,360,2008,48219
673,360,2009,47757
674,360,2010,46984
675,360,2011,46111
676,360,2012,45241
677,360,2013,44436
678,360,2014,43528
679,360,2015,43024
680,360,2016,42638
681,360,2017,42285
682,360,2018,41982
683,360,2019,41615
684,360,2020,41105
685,360,2021,40539
686,360,2022,40107
687,360,2023,39921
688,370,2008,80732
689,370,2009,80954
690,370,2010,81112
691,370,2011,80963
692,370,2012,81012
693,370,2013,81163
694,370,2014,81432
695,370,2015,81687
696,370,2016,82342
697,370,2017,82581
698,370,2018,82938
699,370,2019,82991
700,370,2020,83143
701,370,2021,83181
702,370,2022,83801
703,370,2023,84574
704,306,2008,33129
705,306,2009,33159
706,306,2010,33030
707,306,2011,32845
708,306,2012,32640
709,306,2013,32452
710,306,2014,32534
711,306,2015,32665
712,306,2016,32816
713,306,2017,33023
714,306,2018,33083
715,306,2019,33122
716,306,2020,32957
717,306,2021,32923
718,306,2022,32881
719,306,2023,32977
720,329,2008,32092
721,329,2009,32442
722,329,2010,32584
723,329,2011,32890
724,329,2012,33153
725,329,2013,33217
726,329,2014,33349
727,329,2015,33573
728,329,2016,34031
729,329,2017,34259
730,329,2018,34473
731,329,2019,34725
732,329,2020,34852
733,329,2021,34847
734,329,2022,35141
735,329,2023,35906
736,330,2008,77457
737,330,2009,77457
738,330,2010,77475
739,330,2011,77442
740,330,2012,77310
741,330,2013,77167
742,330,2014,76948
743,330,2015,77293
744,330,2016,78140
745,330,2017,78828
746,330,2018,78968
747,330,2019,79073
748,330,2020,79073
749,330,2021,79122
750,330,2022,79691
751,330,2023,79728
752,340,2008,29180
753,340,2009,29458
754,340,2010,29522
755,340,2011,29499
756,340,2012,29393
757,340,2013,29288
758,340,2014,29299
759,340,2015,29331
760,340,2016,29543
761,340,2017,29595
762,340,2018,29669
763,340,2019,29834
764,340,2020,29881
765,340,2021,29993
766,340,2022,30018
767,340,2023,30444
768,336,2008,21892
769,336,2009,21948
770,336,2010,21931
771,336,2011,21855
772,336,2012,21855
773,336,2013,21818
774,336,2014,21825
775,336,2015,22038
776,336,2016,22260
777,336,2017,22492
778,336,2018,22727
779,336,2019,22782
780,336,2020,22805
781,336,2021,23034
782,336,2022,23473
783,336,2023,23692
784,390,2008,46600
785,390,2009,46551
786,390,2010,46319
787,390,2011,46170
788,390,2012,45804
789,390,2013,45465
790,390,2014,45295
791,390,2015,45471
792,390,2016,45806
793,390,2017,46037
794,390,2018,46087
795,390,2019,45816
796,390,2020,45566
797,390,2021,45268
798,390,2022,45352
799,390,2023,45441
800,83,2008,1194659
801,83,2009,1199667
802,83,2010,1200277
803,83,2011,1200656
804,83,2012,1201342
805,83,2013,1201419
806,83,2014,1202509
807,83,2015,1205728
808,83,2016,1211770
809,83,2017,1217224
810,83,2018,1220763
811,83,2019,1223348
812,83,2020,1223105
813,83,2021,1223634
814,83,2022,1228362
815,83,2023,1237413
816,420,2008,42054
817,420,2009,42128
818,420,2010,42054
819,420,2011,41635
820,420,2012,41443
821,420,2013,41325
822,420,2014,41037
823,420,2015,41046
824,420,2016,41224
825,420,2017,41390
826,420,2018,41328
827,420,2019,41212
828,420,2020,40965
829,420,2021,40867
830,420,2022,40972
831,420,2023,40944
832,430,2008,51950
833,430,2009,52108
834,430,2010,52085
835,430,2011,51926
836,430,2012,51635
837,430,2013,51409
838,430,2014,51078
839,430,2015,50953
840,430,2016,51236
841,430,2017,51376
842,430,2018,51536
843,430,2019,51809
844,430,2020,51556
845,430,2021,51683
846,430,2022,51849
847,430,2023,52253
848,440,2008,23630
849,440,2009,23745
850,440,2010,23770
851,440,2011,23758
852,440,2012,23793
853,440,2013,23787
854,440,2014,23665
855,440,2015,23728
856,440,2016,23880
857,440,2017,23774
858,440,2018,23756
859,440,2019,23773
860,440,2020,23812
861,440,2021,23847
862,440,2022,24034
863,440,2023,23991
864,482,2008,13741
865,482,2009,13563
866,482,2010,13510
867,482,2011,13322
868,482,2012,13094
869,482,2013,12861
870,482,2014,12695
871,482,2015,12647
872,482,2016,12547
873,482,2017,12578
874,482,2018,12641
875,482,2019,12560
876,482,2020,12491
877,482,2021,12367
878,482,2022,12316
879,482,2023,12384
880,410,2008,37274
881,410,2009,37625
882,410,2010,37661
883,410,2011,37701
884,410,2012,37612
885,410,2013,37523
886,410,2014,37685
887,410,2015,37857
888,410,2016,37913
889,410,2017,38093
890,410,2018,38210
891,410,2019,38553
892,410,2020,38853
893,410,2021,39116
894,410,2022,39603
895,410,2023,39961
896,480,2008,29470
897,480,2009,29651
898,480,2010,29638
899,480,2011,29507
900,480,2012,29330
901,480,2013,29224
902,480,2014,29066
903,480,2015,29030
904,480,2016,29298
905,480,2017,29446
906,480,2018,29516
907,480,2019,29693
908,480,2020,29665
909,480,2021,29549
910,480,2022,29714
911,480,2023,29726
912,450,2008,31607
913,450,2009,31714
914,450,2010,31690
915,450,2011,31499
916,450,2012,31486
917,450,2013,31350
918,450,2014,31314
919,450,2015,31573
920,450,2016,31886
921,450,2017,32142
922,450,2018,32032
923,450,2019,32042
924,450,2020,32009
925,450,2021,31933
926,450,2022,32098
927,450,2023,32262
928,461,2008,186932
929,461,2009,187929
930,461,2010,188777
931,461,2011,190245
932,461,2012,191610
933,461,2013,193370
934,461,2014,195797
935,461,2015,197480
936,461,2016,198972
937,461,2017,200563
938,461,2018,202348
939,461,2019,204182
940,461,2020,204895
941,461,2021,205509
942,461,2022,205978
943,461,2023,207762
944,479,2008,59040
945,479,2009,59185
946,479,2010,58998
947,479,2011,58713
948,479,2012,58551
949,479,2013,58296
950,479,2014,57979
951,479,2015,57988
952,479,2016,58228
953,479,2017,58510
954,479,2018,58698
955,479,2019,58599
956,479,2020,58296
957,479,2021,58588
958,479,2022,59193
959,479,2023,59735
960,492,2008,6712
961,492,2009,6698
962,492,2010,6679
963,492,2011,6663
964,492,2012,6636
965,492,2013,6527
966,492,2014,6393
967,492,2015,6276
968,492,2016,6290
969,492,2017,6177
970,492,2018,6178
971,492,2019,6058
972,492,2020,5964
973,492,2021,5960
974,492,2022,6025
975,492,2023,6008
976,530,2008,26181
977,530,2009,26235
978,530,2010,26160
979,530,2011,26155
980,530,2012,26220
981,530,2013,26357
982,530,2014,26318
983,530,2015,26285
984,530,2016,26434
985,530,2017,26481
986,530,2018,26482
987,530,2019,26629
988,530,2020,26608
989,530,2021,26551
990,530,2022,26631
991,530,2023,27021
992,561,2008,114244
993,561,2009,114595
994,561,2010,115114
995,561,2011,115184
996,561,2012,115112
997,561,2013,115051
998,561,2014,115095
999,561,2015,115446
1000,561,2016,115748
1001,561,2017,115905
1002,561,2018,116032
1003,561,2019,115652
1004,561,2020,115483
1005,561,2021,115579
1006,561,2022,115459
1007,561,2023,115758
1008,563,2008,3192
1009,563,2009,3207
1010,563,2010,3219
1011,563,2011,3213
1012,563,2012,3251
1013,563,2013,3237
1014,563,2014,3264
1015,563,2015,3263
1016,563,2016,3290
1017,563,2017,3345
1018,563,2018,3401
1019,563,2019,3404
1020,563,2020,3488
1021,563,2021,3456
1022,563,2022,3427
1023,563,2023,3426
1024,607,2008,49463
1025,607,2009,49690
1026,607,2010,49849
1027,607,2011,50104
1028,607,2012,50193
1029,607,2013,50374
1030,607,2014,50324
1031,607,2015,50429
1032,607,2016,50689
1033,607,2017,50868
1034,607,2018,51326
1035,607,2019,51427
1036,607,2020,51377
1037,607,2021,51275
1038,607,2022,51606
1039,607,2023,52173
1040,510,2008,56414
1041,510,2009,56508
1042,510,2010,56346
1043,510,2011,56117
1044,510,2012,56188
1045,510,2013,56051
1046,510,2014,55906
1047,510,2015,55888
1048,510,2016,56029
1049,510,2017,56045
1050,510,2018,55963
1051,510,2019,55857
1052,510,2020,55670
1053,510,2021,55376
1054,510,2022,55340
1055,510,2023,55353
1056,621,2008,87781
1057,621,2009,88519
1058,621,2010,89071
1059,621,2011,89210
1060,621,2012,89412
1061,621,2013,89556
1062,621,2014,90066
1063,621,2015,90794
1064,621,2016,91695
1065,621,2017,92282
1066,621,2018,92515
1067,621,2019,92893
1068,621,2020,93175
1069,621,2021,93161
1070,621,2022,93544
1071,621,2023,94528
1072,540,2008,76913
1073,540,2009,76793
1074,540,2010,76439
1075,540,2011,76193
1076,540,2012,76094
1077,540,2013,75732
1078,540,2014,75264
1079,540,2015,74937
1080,540,2016,74737
1081,540,2017,74801
1082,540,2018,74650
1083,540,2019,74561
1084,540,2020,74220
1085,540,2021,73831
1086,540,2022,73711
1087,540,2023,74380
1088,550,2008,40367
1089,550,2009,40216
1090,550,2010,39710
1091,550,2011,39464
1092,550,2012,39083
1093,550,2013,38686
1094,550,2014,38316
1095,550,2015,38010
1096,550,2016,37904
1097,550,2017,37928
1098,550,2018,37777
1099,550,2019,37587
1100,550,2020,37366
1101,550,2021,37050
1102,550,2022,36849
1103,550,2023,36878
1104,573,2008,50125
1105,573,2009,50475
1106,573,2010,50378
1107,573,2011,50351
1108,573,2012,50193
1109,573,2013,49969
1110,573,2014,49958
1111,573,2015,50122
1112,573,2016,50289
1113,573,2017,50452
1114,573,2018,50301
1115,573,2019,50129
1116,573,2020,49961
1117,573,2021,49628
1118,573,2022,49664
1119,573,2023,49995
1120,575,2008,42447
1121,575,2009,42807
1122,575,2010,42768
1123,575,2011,42683
1124,575,2012,42785
1125,575,2013,42700
1126,575,2014,42667
1127,575,2015,42601
1128,575,2016,42869
1129,575,2017,42822
1130,575,2018,42844
1131,575,2019,42863
1132,575,2020,42742
1133,575,2021,42790
1134,575,2022,42596
1135,575,2023,42924
1136,630,2008,104933
1137,630,2009,105884
1138,630,2010,106383
1139,630,2011,107218
1140,630,2012,108021
1141,630,2013,108826
1142,630,2014,109652
1143,630,2015,110471
1144,630,2016,111743
1145,630,2017,113243
1146,630,2018,114140
1147,630,2019,114830
1148,630,2020,115748
1149,630,2021,116992
1150,630,2022,119060
1151,630,2023,120949
1152,580,2008,60189
1153,580,2009,60392
1154,580,2010,59978
1155,580,2011,59795
1156,580,2012,59600
1157,580,2013,59208
1158,580,2014,58970
1159,580,2015,58904
1160,580,2016,58869
1161,580,2017,59003
1162,580,2018,59089
1163,580,2019,59035
1164,580,2020,58761
1165,580,2021,58526
1166,580,2022,58693
1167,580,2023,59002
1168,82,2008,1237041
1169,82,2009,1247732
1170,82,2010,1253998
1171,82,2011,1260993
1172,82,2012,1266682
1173,82,2013,1272510
1174,82,2014,1277538
1175,82,2015,1282750
1176,82,2016,1293309
1177,82,2017,1304253
1178,82,2018,1313596
1179,82,2019,1320678
1180,82,2020,1326340
1181,82,2021,1332048
1182,82,2022,1341857
1183,82,2023,1358879
1184,710,2008,45604
1185,710,2009,46248
1186,710,2010,46529
1187,710,2011,46894
1188,710,2012,47117
1189,710,2013,47156
1190,710,2014,47163
1191,710,2015,47523
1192,710,2016,47655
1193,710,2017,47915
1194,710,2018,48271
1195,710,2019,48374
1196,710,2020,48397
1197,710,2021,48381
1198,710,2022,48880
1199,710,2023,49408
1200,766,2008,45561
1201,766,2009,45954
1202,766,2010,45982
1203,766,2011,45980
1204,766,2012,46029
1205,766,2013,45868
1206,766,2014,45715
1207,766,2015,46091
1208,766,2016,46206
1209,766,2017,46524
1210,766,2018,46616
1211,766,2019,46747
1212,766,2020,46722
1213,766,2021,46773
1214,766,2022,47099
1215,766,2023,47609
1216,615,2008,80102
1217,615,2009,81565
1218,615,2010,81957
1219,615,2011,82835
1220,615,2012,83598
1221,615,2013,84871
1222,615,2014,85662
1223,615,2015,86361
1224,615,2016,87736
1225,615,2017,89030
1226,615,2018,89598
1227,615,2019,90370
1228,615,2020,90966
1229,615,2021,92229
1230,615,2022,94443
1231,615,2023,96480
1232,707,2008,38581
1233,707,2009,38390
1234,707,2010,38148
1235,707,2011,38029
1236,707,2012,37876
1237,707,2013,38035
1238,707,2014,37925
1239,707,2015,37898
1240,707,2016,38144
1241,707,2017,38099
1242,707,2018,38197
1243,707,2019,37680
1244,707,2020,37089
1245,707,2021,36943
1246,707,2022,36921
1247,707,2023,36978
1248,727,2008,21562
1249,727,2009,21593
1250,727,2010,21721
1251,727,2011,21852
1252,727,2012,21749
1253,727,2013,21800
1254,727,2014,21773
1255,727,2015,21928
1256,727,2016,22131
1257,727,2017,22331
1258,727,2018,22626
1259,727,2019,22675
1260,727,2020,22844
1261,727,2021,22979
1262,727,2022,23304
1263,727,2023,23626
1264,730,2008,93644
1265,730,2009,94221
1266,730,2010,94750
1267,730,2011,95318
1268,730,2012,95756
1269,730,2013,96007
1270,730,2014,96343
1271,730,2015,96800
1272,730,2016,97520
1273,730,2017,98118
1274,730,2018,98265
1275,730,2019,97909
1276,730,2020,97805
1277,730,2021,98190
1278,730,2022,98988
1279,730,2023,99931
1280,741,2008,4085
1281,741,2009,4003
1282,741,2010,4010
1283,741,2011,3885
1284,741,2012,3889
1285,741,2013,3806
1286,741,2014,3767
1287,741,2015,3733
1288,741,2016,3710
1289,741,2017,3724
1290,741,2018,3720
1291,741,2019,3684
1292,741,2020,3657
1293,741,2021,3682
1294,741,2022,3716
1295,741,2023,3775
1296,740,2008,87371
1297,740,2009,88016
1298,740,2010,88481
1299,740,2011,88913
1300,740,2012,89328
1301,740,2013,89346
1302,740,2014,89633
1303,740,2015,90016
1304,740,2016,90719
1305,740,2017,91237
1306,740,2018,92024
1307,740,2019,93054
1308,740,2020,94026
1309,740,2021,95488
1310,740,2022,97358
1311,740,2023,99400
1312,746,2008,56044
1313,746,2009,56636
1314,746,2010,57303
1315,746,2011,57717
1316,746,2012,58008
1317,746,2013,58094
1318,746,2014,58176
1319,746,2015,58782
1320,746,2016,59481
1321,746,2017,60401
1322,746,2018,61158
1323,746,2019,61974
1324,746,2020,62678
1325,746,2021,63390
1326,746,2022,64318
1327,746,2023,65138
1328,706,2008,41281
1329,706,2009,41314
1330,706,2010,41392
1331,706,2011,41734
1332,706,2012,41815
1333,706,2013,41894
1334,706,2014,41719
1335,706,2015,41652
1336,706,2016,41889
1337,706,2017,42021
1338,706,2018,42468
1339,706,2019,42768
1340,706,2020,42962
1341,706,2021,43168
1342,706,2022,43596
1343,706,2023,44207
1344,751,2008,298538
1345,751,2009,302618
1346,751,2010,306650
1347,751,2011,310956
1348,751,2012,314545
1349,751,2013,319094
1350,751,2014,323893
1351,751,2015,326246
1352,751,2016,330639
1353,751,2017,335684
1354,751,2018,340421
1355,751,2019,345332
1356,751,2020,349983
1357,751,2021,352751
1358,751,2022,355238
1359,751,2023,361544
1360,657,2008,84208
1361,657,2009,85217
1362,657,2010,85548
1363,657,2011,85852
1364,657,2012,86348
1365,657,2013,86595
1366,657,2014,86842
1367,657,2015,86864
1368,657,2016,87593
1369,657,2017,88386
1370,657,2018,88733
1371,657,2019,88917
1372,657,2020,89127
1373,657,2021,89238
1374,657,2022,89230
1375,657,2023,89952
1376,661,2008,57020
1377,661,2009,57267
1378,661,2010,57056
1379,661,2011,57161
1380,661,2012,57153
1381,661,2013,57254
1382,661,2014,57338
1383,661,2015,57494
1384,661,2016,57661
1385,661,2017,58125
1386,661,2018,58418
1387,661,2019,58504
1388,661,2020,58591
1389,661,2021,58662
1390,661,2022,58553
1391,661,2023,58978
1392,756,2008,39893
1393,756,2009,40176
1394,756,2010,40312
1395,756,2011,40571
1396,756,2012,40658
1397,756,2013,40468
1398,756,2014,40602
1399,756,2015,40598
1400,756,2016,40798
1401,756,2017,40981
1402,756,2018,41191
1403,756,2019,41282
1404,756,2020,41369
1405,756,2021,41473
1406,756,2022,41885
1407,756,2023,42540
1408,665,2008,22067
1409,665,2009,21946
1410,665,2010,21790
1411,665,2011,21554
1412,665,2012,21384
1413,665,2013,21223
1414,665,2014,20933
1415,665,2015,20657
1416,665,2016,20399
1417,665,2017,20291
1418,665,2018,20133
1419,665,2019,19998
1420,665,2020,19722
1421,665,2021,19607
1422,665,2022,19398
1423,665,2023,19371
1424,760,2008,58368
1425,760,2009,58803
1426,760,2010,58439
1427,760,2011,58068
1428,760,2012,57892
1429,760,2013,57529
1430,760,2014,57093
1431,760,2015,57042
1432,760,2016,57139
1433,760,2017,57022
1434,760,2018,57005
1435,760,2019,56930
1436,760,2020,56594
1437,760,2021,56182
1438,760,2022,56203
1439,760,2023,56348
1440,779,2008,48356
1441,779,2009,48300
1442,779,2010,48137
1443,779,2011,47986
1444,779,2012,47620
1445,779,2013,47291
1446,779,2014,46942
1447,779,2015,46641
1448,779,2016,46639
1449,779,2017,46540
1450,779,2018,46599
1451,779,2019,46224
1452,779,2020,45851
1453,779,2021,45425
1454,779,2022,45078
1455,779,2023,45069
1456,671,2008,22672
1457,671,2009,22642
1458,671,2010,22483
1459,671,2011,22190
1460,671,2012,22098
1461,671,2013,21846
1462,671,2014,21533
1463,671,2015,21439
1464,671,2016,21474
1465,671,2017,21347
1466,671,2018,21270
1467,671,2019,21143
1468,671,2020,21036
1469,671,2021,20808
1470,671,2022,20802
1471,671,2023,20794
1472,791,2008,92084
1473,791,2009,92823
1474,791,2010,93310
1475,791,2011,93498
1476,791,2012,93819
1477,791,2013,94333
1478,791,2014,94486
1479,791,2015,94985
1480,791,2016,95776
1481,791,2017,96477
1482,791,2018,96883
1483,791,2019,97113
1484,791,2020,96921
1485,791,2021,96679
1486,791,2022,96847
1487,791,2023,97731
1488,81,2008,578839
1489,81,2009,580515
1490,81,2010,579628
1491,81,2011,579829
1492,81,2012,579996
1493,81,2013,580272
1494,81,2014,581057
1495,81,2015,582632
1496,81,2016,585499
1497,81,2017,587335
1498,81,2018,589148
1499,81,2019,589755
1500,81,2020,589936
1501,81,2021,590439
1502,81,2022,591740
1503,81,2023,594634
1504,810,2008,35525
1505,810,2009,35762
1506,810,2010,35804
1507,810,2011,35789
1508,810,2012,35754
1509,810,2013,35600
1510,810,2014,35627
1511,810,2015,35781
1512,810,2016,36047
1513,810,2017,36128
1514,810,2018,36289
1515,810,2019,36370
1516,810,2020,36304
1517,810,2021,36177
1518,810,2022,36194
1519,810,2023,36540
1520,813,2008,62751
1521,813,2009,62525
1522,813,2010,62007
1523,813,2011,61576
1524,813,2012,61158
1525,813,2013,60775
1526,813,2014,60458
1527,813,2015,60377
1528,813,2016,60246
1529,813,2017,60356
1530,813,2018,60140
1531,813,2019,59987
1532,813,2020,59654
1533,813,2021,59039
1534,813,2022,58878
1535,813,2023,58864
1536,860,2008,67121
1537,860,2009,67102
1538,860,2010,66803
1539,860,2011,66473
1540,860,2012,66178
1541,860,2013,65767
1542,860,2014,65405
1543,860,2015,65295
1544,860,2016,65411
1545,860,2017,65307
1546,860,2018,65257
1547,860,2019,64665
1548,860,2020,64483
1549,860,2021,64155
1550,860,2022,63839
1551,860,2023,63998
1552,849,2008,38957
1553,849,2009,38990
1554,849,2010,38927
1555,849,2011,38733
1556,849,2012,38611
1557,849,2013,38597
1558,849,2014,38351
1559,849,2015,38293
1560,849,2016,38466
1561,849,2017,38581
1562,849,2018,38638
1563,849,2019,38460
1564,849,2020,38324
1565,849,2021,38175
1566,849,2022,38187
1567,849,2023,38364
1568,825,2008,2003
1569,825,2009,1993
1570,825,2010,1969
1571,825,2011,1949
1572,825,2012,1897
1573,825,2013,1839
1574,825,2014,1808
1575,825,2015,1795
1576,825,2016,1817
1577,825,2017,1793
1578,825,2018,1807
1579,825,2019,1806
1580,825,2020,1786
1581,825,2021,1764
1582,825,2022,1769
1583,825,2023,1789
1584,846,2008,42667
1585,846,2009,42762
1586,846,2010,42604
1587,846,2011,42572
1588,846,2012,42429
1589,846,2013,42111
1590,846,2014,42093
1591,846,2015,42134
1592,846,2016,42131
1593,846,2017,42066
1594,846,2018,42125
1595,846,2019,42055
1596,846,2020,41800
1597,846,2021,41536
1598,846,2022,41662
1599,846,2023,41859
1600,773,2008,22091
1601,773,2009,22098
1602,773,2010,21833
1603,773,2011,21600
1604,773,2012,21474
1605,773,2013,21189
1606,773,2014,21003
1607,773,2015,20816
1608,773,2016,20629
1609,773,2017,20665
1610,773,2018,20514
1611,773,2019,20403
1612,773,2020,20247
1613,773,2021,20066
1614,773,2022,20068
1615,773,2023,19927
1616,840,2008,28753
1617,840,2009,28900
1618,840,2010,28852
1619,840,2011,28940
1620,840,2012,28911
1621,840,2013,28866
1622,840,2014,28794
1623,840,2015,28859
1624,840,2016,29149
1625,840,2017,29391
1626,840,2018,29827
1627,840,2019,29916
1628,840,2020,30113
1629,840,2021,30518
1630,840,2022,30646
1631,840,2023,30908
1632,787,2008,45549
1633,787,2009,45596
1634,787,2010,45297
1635,787,2011,45145
1636,787,2012,44908
1637,787,2013,44494
1638,787,2014,44230
1639,787,2015,44078
1640,787,2016,43991
1641,787,2017,43826
1642,787,2018,43716
1643,787,2019,43660
1644,787,2020,43423
1645,787,2021,43160
1646,787,2022,43089
1647,787,2023,43383
1648,820,2008,38277
1649,820,2009,38495
1650,820,2010,38106
1651,820,2011,37864
1652,820,2012,37534
1653,820,2013,37586
1654,820,2014,37479
1655,820,2015,37399
1656,820,2016,37296
1657,820,2017,37285
1658,820,2018,37277
1659,820,2019,37121
1660,820,2020,36727
1661,820,2021,36362
1662,820,2022,36326
1663,820,2023,36431
1664,851,2008,195145
1665,851,2009,196292
1666,851,2010,197426
1667,851,2011,199188
1668,851,2012,201142
1669,851,2013,203448
1670,851,2014,205809
1671,851,2015,207805
1672,851,2016,210316
1673,851,2017,211937
1674,851,2018,213558
1675,851,2019,215312
1676,851,2020,217075
1677,851,2021,219487
1678,851,2022,221082
1679,851,2023,222571
1680,0,2005,5411405
1681,0,2006,5427459
1682,0,2007,5447084
1685,84,2005,1631635
1686,84,2006,1633565
1687,84,2007,1636749
1690,101,2005,502362
1691,101,2006,501158
1692,101,2007,503699
1695,147,2005,91886
1696,147,2006,91855
1697,147,2007,92234
1700,155,2005,13156
1701,155,2006,13154
1702,155,2007,13184
1705,185,2005,39582
1706,185,2006,39708
1707,185,2007,39772
1710,165,2005,28146
1711,165,2006,27853
1712,165,2007,27608
1715,151,2005,46759
1716,151,2006,46654
1717,151,2007,46914
1720,153,2005,34513
1721,153,2006,34247
1722,153,2007,33947
1725,157,2005,68991
1726,157,2006,68623
1727,157,2007,68672
1730,159,2005,62007
1731,159,2006,61735
1732,159,2007,61945
1735,161,2005,20785
1736,161,2006,20699
1737,161,2007,20618
1740,163,2005,27166
1741,163,2006,27023
1742,163,2007,26743
1745,167,2005,49863
1746,167,2006,49762
1747,167,2007,49422
1750,169,2005,45553
1751,169,2006,46257
1752,169,2007,46683
1755,183,2005,20668
1756,183,2006,20820
1757,183,2007,20715
1760,173,2005,51611
1761,173,2006,51908
1762,173,2007,51751
1765,175,2005,36312
1766,175,2006,36506
1767,175,2007,36244
1770,187,2005,12260
1771,187,2006,12230
1772,187,2007,12145
1775,201,2005,23458
1776,201,2006,23498
1777,201,2007,23609
1780,240,2005,39267
1781,240,2006,39948
1782,240,2007,40057
1785,210,2005,39187
1786,210,2006,39131
1787,210,2007,39303
1790,250,2005,42926
1791,250,2006,43702
1792,250,2007,43910
1795,190,2005,37311
1796,190,2006,37370
1797,190,2007,37624
1800,270,2005,40409
1801,270,2006,40360
1802,270,2007,40409
1805,260,2005,30253
1806,260,2006,30513
1807,260,2007,30798
1810,217,2005,61295
1811,217,2006,61340
1812,217,2007,61012
1815,219,2005,44551
1816,219,2006,45616
1817,219,2007,46354
1820,223,2005,24292
1821,223,2006,24317
1822,223,2007,24332
1825,230,2005,53621
1826,230,2006,54241
1827,230,2007,53910
1830,400,2005,43347
1831,400,2006,43245
1832,400,2007,43040
1835,411,2005,98
1836,411,2006,92
1837,411,2007,95
1840,85,2005,805954
1841,85,2006,811511
1842,85,2007,816118
1845,253,2005,47671
1846,253,2006,47968
1847,253,2007,47672
1850,259,2005,54926
1851,259,2006,55718
1852,259,2007,56298
1855,350,2005,25971
1856,350,2006,26132
1857,350,2007,26361
1860,265,2005,79441
1861,265,2006,80455
1862,265,2007,81017
1865,269,2005,20703
1866,269,2006,20877
1867,269,2007,20852
1870,320,2005,34313
1871,320,2006,34661
1872,320,2007,35117
1875,376,2005,63533
1876,376,2006,63451
1877,376,2007,63540
1880,316,2005,66611
1881,316,2006,67621
1882,316,2007,68451
1885,326,2005,48697
1886,326,2006,48944
1887,326,2007,49377
1890,360,2005,49469
1891,360,2006,48967
1892,360,2007,48634
1895,370,2005,78446
1896,370,2006,79284
1897,370,2007,80133
1900,306,2005,32739
1901,306,2006,32890
1902,306,2007,32980
1905,329,2005,30830
1906,329,2006,31094
1907,329,2007,31468
1910,330,2005,76185
1911,330,2006,76519
1912,330,2007,76949
1915,340,2005,28336
1916,340,2006,28686
1917,340,2007,28956
1920,336,2005,21776
1921,336,2006,21834
1922,336,2007,21828
1925,390,2005,46307
1926,390,2006,46410
1927,390,2007,46485
1930,83,2005,1183751
1931,83,2006,1185851
1932,83,2007,1189817
1935,420,2005,41201
1936,420,2006,41369
1937,420,2007,41816
1940,430,2005,51144
1941,430,2006,51144
1942,430,2007,51612
1945,440,2005,23071
1946,440,2006,23239
1947,440,2007,23524
1950,482,2005,14223
1951,482,2006,14120
1952,482,2007,13937
1955,410,2005,36113
1956,410,2006,36417
1957,410,2007,36771
1960,480,2005,28655
1961,480,2006,28876
1962,480,2007,29195
1965,450,2005,31009
1966,450,2006,31208
1967,450,2007,31508
1970,461,2005,185871
1971,461,2006,186595
1972,461,2007,186745
1975,479,2005,58354
1976,479,2006,58506
1977,479,2007,58714
1980,492,2005,6939
1981,492,2006,6873
1982,492,2007,6794
1985,530,2005,26076
1986,530,2006,26133
1987,530,2007,26133
1990,561,2005,114693
1991,561,2006,114373
1992,561,2007,114148
1995,563,2005,3151
1996,563,2006,3143
1997,563,2007,3170
2000,607,2005,49147
2001,607,2006,49252
2002,607,2007,49260
2005,510,2005,56401
2006,510,2006,56229
2007,510,2007,56275
2010,621,2005,86047
2011,621,2006,86466
2012,621,2007,87183
2015,540,2005,76459
2016,540,2006,76598
2017,540,2007,76825
2020,550,2005,41140
2021,550,2006,40691
2022,550,2007,40331
2025,573,2005,50099
2026,573,2006,50056
2027,573,2007,49849
2030,575,2005,41350
2031,575,2006,41551
2032,575,2007,41882
2035,630,2005,102457
2036,630,2006,103038
2037,630,2007,104101
2040,580,2005,60151
2041,580,2006,59974
2042,580,2007,60044
2045,82,2005,1212787
2046,82,2006,1219725
2047,82,2007,1227428
2050,710,2005,43739
2051,710,2006,44272
2052,710,2007,45037
2055,766,2005,43549
2056,766,2006,44158
2057,766,2007,44892
2060,615,2005,76720
2061,615,2006,77895
2062,615,2007,79020
2065,707,2005,38349
2066,707,2006,38427
2067,707,2007,38333
2070,727,2005,21133
2071,727,2006,21332
2072,727,2007,21469
2075,730,2005,91957
2076,730,2006,92498
2077,730,2007,92984
2080,741,2005,4125
2081,741,2006,4124
2082,741,2007,4130
2085,740,2005,84167
2086,740,2006,85376
2087,740,2007,86540
2090,746,2005,54045
2091,746,2006,54646
2092,746,2007,55300
2095,706,2005,40196
2096,706,2006,40430
2097,706,2007,41003
2100,751,2005,294954
2101,751,2006,295513
2102,751,2007,296170
2105,657,2005,82935
2106,657,2006,83330
2107,657,2007,83598
2110,661,2005,56204
2111,661,2006,56462
2112,661,2007,56582
2115,756,2005,39371
2116,756,2006,39528
2117,756,2007,39681
2120,665,2005,22760
2121,665,2006,22483
2122,665,2007,22237
2125,760,2005,57818
2126,760,2006,57774
2127,760,2007,58112
2130,779,2005,48368
2131,779,2006,48264
2132,779,2007,48344
2135,671,2005,22752
2136,671,2006,22695
2137,671,2007,22591
2140,791,2005,89645
2141,791,2006,90518
2142,791,2007,91405
2145,81,2005,577278
2146,81,2006,576807
2147,81,2007,576972
2150,810,2005,35320
2151,810,2006,35313
2152,810,2007,35445
2155,813,2005,63799
2156,813,2006,63084
2157,813,2007,62877
2160,860,2005,67816
2161,860,2006,67480
2162,860,2007,67118
2165,849,2005,38884
2166,849,2006,38704
2167,849,2007,38787
2170,825,2005,2145
2171,825,2006,2091
2172,825,2007,2058
2175,846,2005,42106
2176,846,2006,42123
2177,846,2007,42288
2180,773,2005,22479
2181,773,2006,22333
2182,773,2007,22196
2185,840,2005,28378
2186,840,2006,28369
2187,840,2007,28633
2190,787,2005,46158
2191,787,2006,45910
2192,787,2007,45580
2195,820,2005,37840
2196,820,2006,37871
2197,820,2007,37841
2200,851,2005,192353
2201,851,2006,193529
2202,851,2007,194149
0,101,1979,505974
1,101,1980,498850
2,101,1981,493771
3,101,1982,490587
4,101,1983,486593
5,101,1984,482937
6,101,1985,478615
7,101,1986,473000
8,101,1987,469706
9,101,1988,468704
10,101,1989,467850
11,101,1990,466723
12,101,1991,464773
13,101,1992,464566
14,101,1993,466129
15,101,1994,467253
16,101,1995,471300
17,101,1996,476751
18,101,1997,483658
19,101,1998,487969
20,101,1999,491082
21,101,2000,495699
22,101,2001,499148
23,101,2002,500531
24,101,2003,501285
25,101,2004,501664
26,101,2005,502362
27,101,2006,501158
28,147,1979,88835
29,147,1980,88287
30,147,1981,88167
31,147,1982,88047
32,147,1983,88409
33,147,1984,88114
34,147,1985,88030
35,147,1986,87616
36,147,1987,86558
37,147,1988,85814
38,147,1989,85327
39,147,1990,85611
40,147,1991,85817
41,147,1992,86372
42,147,1993,87173
43,147,1994,87466
44,147,1995,88002
45,147,1996,88789
46,147,1997,89230
47,147,1998,89507
48,147,1999,90227
49,147,2000,90327
50,147,2001,91076
51,147,2002,91322
52,147,2003,91435
53,147,2004,91721
54,147,2005,91886
55,147,2006,91855
56,151,1979,49238
57,151,1980,48938
58,151,1981,48697
59,151,1982,48426
60,151,1983,47978
61,151,1984,47443
62,151,1985,46872
63,151,1986,46466
64,151,1987,46121
65,151,1988,45791
66,151,1989,45197
67,151,1990,45218
68,151,1991,45305
69,151,1992,45476
70,151,1993,45427
71,151,1994,45293
72,151,1995,45356
73,151,1996,45310
74,151,1997,45080
75,151,1998,45276
76,151,1999,45286
77,151,2000,45317
78,151,2001,45724
79,151,2002,46342
80,151,2003,46443
81,151,2004,46610
82,151,2005,46759
83,151,2006,46654
84,153,1979,38263
85,153,1980,38034
86,153,1981,37615
87,153,1982,37130
88,153,1983,36749
89,153,1984,36186
90,153,1985,35474
91,153,1986,35302
92,153,1987,34881
93,153,1988,34704
94,153,1989,34359
95,153,1990,34041
96,153,1991,33807
97,153,1992,33794
98,153,1993,33746
99,153,1994,33634
100,153,1995,33579
101,153,1996,34388
102,153,1997,34458
103,153,1998,34360
104,153,1999,34391
105,153,2000,34354
106,153,2001,34498
107,153,2002,34542
108,153,2003,34676
109,153,2004,34708
110,153,2005,34513
111,153,2006,34247
112,155,1979,12778
113,155,1980,12779
114,155,1981,12695
115,155,1982,12730
116,155,1983,12647
117,155,1984,12642
118,155,1985,12685
119,155,1986,12637
120,155,1987,12620
121,155,1988,12423
122,155,1989,12376
123,155,1990,12282
124,155,1991,12285
125,155,1992,12365
126,155,1993,12374
127,155,1994,12329
128,155,1995,12484
129,155,1996,12519
130,155,1997,12725
131,155,1998,12778
132,155,1999,12789
133,155,2000,12753
134,155,2001,12912
135,155,2002,13075
136,155,2003,13028
137,155,2004,13076
138,155,2005,13156
139,155,2006,13154
140,157,1979,67667
141,157,1980,67300
142,157,1981,66782
143,157,1982,66564
144,157,1983,66902
145,157,1984,67112
146,157,1985,66767
147,157,1986,66283
148,157,1987,66011
149,157,1988,65467
150,157,1989,65032
151,157,1990,65303
152,157,1991,65696
153,157,1992,66077
154,157,1993,65986
155,157,1994,66251
156,157,1995,66508
157,157,1996,66706
158,157,1997,66986
159,157,1998,67402
160,157,1999,67709
161,157,2000,67957
162,157,2001,68094
163,157,2002,68213
164,157,2003,68314
165,157,2004,68704
166,157,2005,68991
167,157,2006,68623
168,159,1979,65713
169,159,1980,64954
170,159,1981,64213
171,159,1982,63733
172,159,1983,63251
173,159,1984,62845
174,159,1985,62470
175,159,1986,62049
176,159,1987,61430
177,159,1988,61424
178,159,1989,61198
179,159,1990,60882
180,159,1991,60624
181,159,1992,60604
182,159,1993,60775
183,159,1994,60956
184,159,1995,61369
185,159,1996,61487
186,159,1997,61459
187,159,1998,61611
188,159,1999,61783
189,159,2000,61867
190,159,2001,61896
191,159,2002,61914
192,159,2003,62006
193,159,2004,61993
194,159,2005,62007
195,159,2006,61735
196,161,1979,19612
197,161,1980,19573
198,161,1981,19645
199,161,1982,19548
200,161,1983,19552
201,161,1984,19542
202,161,1985,19696
203,161,1986,19559
204,161,1987,19901
205,161,1988,19896
206,161,1989,19749
207,161,1990,19747
208,161,1991,19844
209,161,1992,19923
210,161,1993,20237
211,161,1994,20274
212,161,1995,20263
213,161,1996,20181
214,161,1997,20178
215,161,1998,20104
216,161,1999,20102
217,161,2000,20229
218,161,2001,20278
219,161,2002,20412
220,161,2003,20586
221,161,2004,20793
222,161,2005,20785
223,161,2006,20699
224,163,1979,28659
225,163,1980,28530
226,163,1981,28190
227,163,1982,28363
228,163,1983,28199
229,163,1984,27874
230,163,1985,27522
231,163,1986,27363
232,163,1987,27167
233,163,1988,27068
234,163,1989,26904
235,163,1990,26717
236,163,1991,26837
237,163,1992,26875
238,163,1993,26980
239,163,1994,27117
240,163,1995,27162
241,163,1996,27212
242,163,1997,27285
243,163,1998,27269
244,163,1999,27350
245,163,2000,27365
246,163,2001,27457
247,163,2002,27498
248,163,2003,27318
249,163,2004,27272
250,163,2005,27166
251,163,2006,27023
252,165,1979,30704
253,165,1980,30425
254,165,1981,30331
255,165,1982,30136
256,165,1983,29860
257,165,1984,29591
258,165,1985,29138
259,165,1986,28832
260,165,1987,28687
261,165,1988,29001
262,165,1989,29093
263,165,1990,29413
264,165,1991,29638
265,165,1992,29572
266,165,1993,29611
267,165,1994,29570
268,165,1995,29389
269,165,1996,29207
270,165,1997,29442
271,165,1998,29411
272,165,1999,29315
273,165,2000,29331
274,165,2001,29201
275,165,2002,29130
276,165,2003,28839
277,165,2004,28498
278,165,2005,28146
279,165,2006,27853
280,167,1979,50339
281,167,1980,50608
282,167,1981,51059
283,167,1982,51284
284,167,1983,51047
285,167,1984,50583
286,167,1985,50350
287,167,1986,50063
288,167,1987,49760
289,167,1988,49332
290,167,1989,48987
291,167,1990,48748
292,167,1991,48809
293,167,1992,48754
294,167,1993,48735
295,167,1994,48623
296,167,1995,48675
297,167,1996,48730
298,167,1997,49087
299,167,1998,48958
300,167,1999,49171
301,167,2000,49270
302,167,2001,49454
303,167,2002,49674
304,167,2003,49829
305,167,2004,49952
306,167,2005,49863
307,167,2006,49762
308,169,1979,42725
309,169,1980,43292
310,169,1981,43294
311,169,1982,43789
312,169,1983,43810
313,169,1984,43675
314,169,1985,43398
315,169,1986,43402
316,169,1987,43764
317,169,1988,44266
318,169,1989,44521
319,169,1990,44382
320,169,1991,44430
321,169,1992,44746
322,169,1993,44975
323,169,1994,45307
324,169,1995,45325
325,169,1996,45341
326,169,1997,45424
327,169,1998,45522
328,169,1999,45910
329,169,2000,45948
330,169,2001,45892
331,169,2002,45947
332,169,2003,45754
333,169,2004,45556
334,169,2005,45553
335,169,2006,46257
336,173,1979,52832
337,173,1980,52013
338,173,1981,51703
339,173,1982,51522
340,173,1983,51034
341,173,1984,50696
342,173,1985,50225
343,173,1986,50047
344,173,1987,49828
345,173,1988,49601
346,173,1989,49419
347,173,1990,49317
348,173,1991,49488
349,173,1992,49612
350,173,1993,49334
351,173,1994,49482
352,173,1995,49578
353,173,1996,49860
354,173,1997,50317
355,173,1998,50196
356,173,1999,50474
357,173,2000,50609
358,173,2001,50853
359,173,2002,51102
360,173,2003,51344
361,173,2004,51507
362,173,2005,51611
363,173,2006,51908
364,175,1979,38769
365,175,1980,38020
366,175,1981,37673
367,175,1982,37318
368,175,1983,37182
369,175,1984,36869
370,175,1985,36356
371,175,1986,36220
372,175,1987,36135
373,175,1988,35787
374,175,1989,35561
375,175,1990,35350
376,175,1991,35317
377,175,1992,35336
378,175,1993,35478
379,175,1994,35421
380,175,1995,35490
381,175,1996,35607
382,175,1997,35549
383,175,1998,35839
384,175,1999,36004
385,175,2000,36317
386,175,2001,36561
387,175,2002,36591
388,175,2003,36619
389,175,2004,36391
390,175,2005,36312
391,175,2006,36506
392,183,1979,20113
393,183,1980,20483
394,183,1981,20856
395,183,1982,20505
396,183,1983,20497
397,183,1984,20213
398,183,1985,20390
399,183,1986,20758
400,183,1987,20618
401,183,1988,20586
402,183,1989,20422
403,183,1990,20575
404,183,1991,20604
405,183,1992,20735
406,183,1993,20920
407,183,1994,20920
408,183,1995,21077
409,183,1996,21052
410,183,1997,21041
411,183,1998,21200
412,183,1999,21031
413,183,2000,21023
414,183,2001,20943
415,183,2002,20987
416,183,2003,21023
417,183,2004,20750
418,183,2005,20668
419,183,2006,20820
420,185,1979,42452
421,185,1980,42075
422,185,1981,41517
423,185,1982,41214
424,185,1983,40915
425,185,1984,40577
426,185,1985,40400
427,185,1986,40113
428,185,1987,39717
429,185,1988,39829
430,185,1989,39904
431,185,1990,39719
432,185,1991,39829
433,185,1992,39772
434,185,1993,39593
435,185,1994,39485
436,185,1995,39291
437,185,1996,39172
438,185,1997,38986
439,185,1998,39030
440,185,1999,39304
441,185,2000,39402
442,185,2001,39507
443,185,2002,39522
444,185,2003,39466
445,185,2004,39535
446,185,2005,39582
447,185,2006,39708
448,187,1979,11837
449,187,1980,12302
450,187,1981,12256
451,187,1982,12284
452,187,1983,12221
453,187,1984,12218
454,187,1985,12085
455,187,1986,12012
456,187,1987,12055
457,187,1988,11976
458,187,1989,11904
459,187,1990,11752
460,187,1991,11709
461,187,1992,11871
462,187,1993,12043
463,187,1994,12092
464,187,1995,12081
465,187,1996,12060
466,187,1997,12012
467,187,1998,11981
468,187,1999,11949
469,187,2000,12047
470,187,2001,12163
471,187,2002,12177
472,187,2003,12332
473,187,2004,12382
474,187,2005,12260
475,187,2006,12230
476,190,1979,34263
477,190,1980,34391
478,190,1981,34547
479,190,1982,34524
480,190,1983,34557
481,190,1984,34696
482,190,1985,34453
483,190,1986,34926
484,190,1987,34835
485,190,1988,34675
486,190,1989,34466
487,190,1990,34186
488,190,1991,34341
489,190,1992,34445
490,190,1993,34590
491,190,1994,34833
492,190,1995,35198
493,190,1996,35287
494,190,1997,35517
495,190,1998,35920
496,190,1999,36278
497,190,2000,36670
498,190,2001,36808
499,190,2002,37219
500,190,2003,36978
501,190,2004,37076
502,190,2005,37311
503,190,2006,37370
504,201,1979,21298
505,201,1980,21290
506,201,1981,21310
507,201,1982,21229
508,201,1983,21170
509,201,1984,21160
510,201,1985,21318
511,201,1986,21275
512,201,1987,21253
513,201,1988,21431
514,201,1989,21397
515,201,1990,21410
516,201,1991,21654
517,201,1992,21690
518,201,1993,21581
519,201,1994,21747
520,201,1995,21844
521,201,1996,22159
522,201,1997,22423
523,201,1998,22661
524,201,1999,22911
525,201,2000,22943
526,201,2001,23079
527,201,2002,23070
528,201,2003,23374
529,201,2004,23425
530,201,2005,23458
531,201,2006,23498
532,210,1979,34141
533,210,1980,34940
534,210,1981,35832
535,210,1982,35869
536,210,1983,36598
537,210,1984,36688
538,210,1985,36803
539,210,1986,36951
540,210,1987,37499
541,210,1988,37673
542,210,1989,37705
543,210,1990,37619
544,210,1991,37758
545,210,1992,37699
546,210,1993,37856
547,210,1994,38277
548,210,1995,38484
549,210,1996,38491
550,210,1997,38857
551,210,1998,39004
552,210,1999,39041
553,210,2000,39222
554,210,2001,39352
555,210,2002,39318
556,210,2003,39500
557,210,2004,39414
558,210,2005,39187
559,210,2006,39131
560,217,1979,56656
561,217,1980,56566
562,217,1981,56280
563,217,1982,56163
564,217,1983,56246
565,217,1984,56161
566,217,1985,56388
567,217,1986,56628
568,217,1987,56618
569,217,1988,56607
570,217,1989,56754
571,217,1990,56701
572,217,1991,56632
573,217,1992,56794
574,217,1993,56701
575,217,1994,56785
576,217,1995,56855
577,217,1996,57421
578,217,1997,58102
579,217,1998,58645
580,217,1999,59092
581,217,2000,59492
582,217,2001,60131
583,217,2002,60546
584,217,2003,60569
585,217,2004,60927
586,217,2005,61295
587,217,2006,61340
588,219,1979,45547
589,219,1980,46324
590,219,1981,46179
591,219,1982,45944
592,219,1983,45818
593,219,1984,45736
594,219,1985,46037
595,219,1986,46202
596,219,1987,46284
597,219,1988,46362
598,219,1989,46045
599,219,1990,46133
600,219,1991,46534
601,219,1992,46764
602,219,1993,47387
603,219,1994,47735
604,219,1995,47912
605,219,1996,48529
606,219,1997,48666
607,219,1998,49083
608,219,1999,49656
609,219,2000,50261
610,219,2001,51021
611,219,2002,51546
612,219,2003,51889
613,219,2004,52238
614,219,2005,52574
615,219,2006,53762
616,223,1979,21312
617,223,1980,21585
618,223,1981,21572
619,223,1982,21627
620,223,1983,21808
621,223,1984,21992
622,223,1985,22390
623,223,1986,22959
624,223,1987,23410
625,223,1988,23275
626,223,1989,23204
627,223,1990,23176
628,223,1991,23143
629,223,1992,23171
630,223,1993,23101
631,223,1994,23178
632,223,1995,23377
633,223,1996,23568
634,223,1997,23485
635,223,1998,23386
636,223,1999,23469
637,223,2000,23648
638,223,2001,23689
639,223,2002,24038
640,223,2003,24208
641,223,2004,24246
642,223,2005,24292
643,223,2006,24317
644,230,1979,54475
645,230,1980,53908
646,230,1981,53385
647,230,1982,53210
648,230,1983,53108
649,230,1984,53035
650,230,1985,52989
651,230,1986,52913
652,230,1987,52740
653,230,1988,52219
654,230,1989,51649
655,230,1990,51429
656,230,1991,51223
657,230,1992,51250
658,230,1993,50988
659,230,1994,51093
660,230,1995,51296
661,230,1996,51788
662,230,1997,52340
663,230,1998,52468
664,230,1999,52489
665,230,2000,52548
666,230,2001,52702
667,230,2002,53029
668,230,2003,53190
669,230,2004,53348
670,230,2005,53621
671,230,2006,54241
672,240,1979,32718
673,240,1980,33128
674,240,1981,33612
675,240,1982,33775
676,240,1983,33939
677,240,1984,34330
678,240,1985,34641
679,240,1986,34593
680,240,1987,34676
681,240,1988,34687
682,240,1989,34856
683,240,1990,35339
684,240,1991,35483
685,240,1992,35676
686,240,1993,35809
687,240,1994,36089
688,240,1995,36081
689,240,1996,36359
690,240,1997,36868
691,240,1998,37293
692,240,1999,37485
693,240,2000,37733
694,240,2001,37967
695,240,2002,38176
696,240,2003,38464
697,240,2004,38585
698,240,2005,39267
699,240,2006,39948
700,250,1979,234804
701,250,1980,237618
702,250,1981,238955
703,250,1982,239599
704,250,1983,241178
705,250,1984,243326
706,250,1985,245757
707,250,1986,248840
708,250,1987,251213
709,250,1988,253022
710,250,1989,254097
711,250,1990,255473
712,250,1991,257393
713,250,1992,259428
714,250,1993,261083
715,250,1994,262667
716,250,1995,264191
717,250,1996,266065
718,250,1997,267568
719,250,1998,269301
720,250,1999,271409
721,250,2000,273617
722,250,2001,275784
723,250,2002,277800
724,250,2003,279614
725,250,2004,280887
726,250,2005,283189
727,250,2006,286514
728,253,1979,39758
729,253,1980,40683
730,253,1981,41743
731,253,1982,42163
732,253,1983,42396
733,253,1984,42851
734,253,1985,43350
735,253,1986,44226
736,253,1987,44607
737,253,1988,45121
738,253,1989,45287
739,253,1990,45346
740,253,1991,45449
741,253,1992,45942
742,253,1993,46012
743,253,1994,46474
744,253,1995,46809
745,253,1996,46983
746,253,1997,47278
747,253,1998,47485
748,253,1999,47631
749,253,2000,47859
750,253,2001,48033
751,253,2002,48278
752,253,2003,48227
753,253,2004,47971
754,253,2005,47671
755,253,2006,47968
756,259,1979,46227
757,259,1980,46824
758,259,1981,47048
759,259,1982,47218
760,259,1983,47446
761,259,1984,47474
762,259,1985,48113
763,259,1986,48703
764,259,1987,49173
765,259,1988,49180
766,259,1989,49331
767,259,1990,49877
768,259,1991,50374
769,259,1992,50505
770,259,1993,50885
771,259,1994,51047
772,259,1995,51316
773,259,1996,51654
774,259,1997,51812
775,259,1998,52022
776,259,1999,52154
777,259,2000,52370
778,259,2001,52663
779,259,2002,53168
780,259,2003,53685
781,259,2004,54150
782,259,2005,54926
783,259,2006,55718
784,260,1979,24785
785,260,1980,25049
786,260,1981,25106
787,260,1982,25133
788,260,1983,25185
789,260,1984,25488
790,260,1985,25746
791,260,1986,26024
792,260,1987,26300
793,260,1988,26420
794,260,1989,26671
795,260,1990,26781
796,260,1991,27104
797,260,1992,27417
798,260,1993,27682
799,260,1994,27892
800,260,1995,28191
801,260,1996,28494
802,260,1997,28846
803,260,1998,29123
804,260,1999,29609
805,260,2000,29583
806,260,2001,29733
807,260,2002,29945
808,260,2003,29984
809,260,2004,30089
810,260,2005,30253
811,260,2006,30513
812,265,1979,67533
813,265,1980,67386
814,265,1981,67369
815,265,1982,67318
816,265,1983,68026
817,265,1984,68500
818,265,1985,68558
819,265,1986,69121
820,265,1987,69334
821,265,1988,69773
822,265,1989,70018
823,265,1990,70325
824,265,1991,71047
825,265,1992,71742
826,265,1993,72419
827,265,1994,72675
828,265,1995,73143
829,265,1996,73785
830,265,1997,74213
831,265,1998,74649
832,265,1999,75541
833,265,2000,76321
834,265,2001,77092
835,265,2002,77583
836,265,2003,78045
837,265,2004,78640
838,265,2005,79441
839,265,2006,80455
840,269,1979,15662
841,269,1980,16319
842,269,1981,16459
843,269,1982,16681
844,269,1983,16960
845,269,1984,17385
846,269,1985,17714
847,269,1986,18026
848,269,1987,18485
849,269,1988,18965
850,269,1989,18971
851,269,1990,18892
852,269,1991,18989
853,269,1992,19060
854,269,1993,19117
855,269,1994,19193
856,269,1995,19343
857,269,1996,19458
858,269,1997,19541
859,269,1998,19703
860,269,1999,19816
861,269,2000,19998
862,269,2001,20134
863,269,2002,20165
864,269,2003,20297
865,269,2004,20339
866,269,2005,20703
867,269,2006,20877
868,270,1979,31154
869,270,1980,31856
870,270,1981,32210
871,270,1982,32193
872,270,1983,32485
873,270,1984,33005
874,270,1985,33447
875,270,1986,33658
876,270,1987,34154
877,270,1988,34407
878,270,1989,34747
879,270,1990,35003
880,270,1991,35513
881,270,1992,35906
882,270,1993,36319
883,270,1994,36838
884,270,1995,37072
885,270,1996,37653
886,270,1997,38142
887,270,1998,38652
888,270,1999,39189
889,270,2000,39209
890,270,2001,39347
891,270,2002,39683
892,270,2003,40124
893,270,2004,40394
894,270,2005,40409
895,270,2006,40360
896,306,1979,28329
897,306,1980,28793
898,306,1981,28833
899,306,1982,28805
900,306,1983,28766
901,306,1984,28716
902,306,1985,29013
903,306,1986,29364
904,306,1987,29697
905,306,1988,29707
906,306,1989,29775
907,306,1990,30042
908,306,1991,30123
909,306,1992,30294
910,306,1993,30532
911,306,1994,30731
912,306,1995,30963
913,306,1996,31193
914,306,1997,31405
915,306,1998,31553
916,306,1999,31731
917,306,2000,32011
918,306,2001,32188
919,306,2002,32329
920,306,2003,32452
921,306,2004,32489
922,306,2005,32739
923,306,2006,32890
924,316,1979,58188
925,316,1980,58568
926,316,1981,58584
927,316,1982,58683
928,316,1983,58681
929,316,1984,58770
930,316,1985,59263
931,316,1986,59959
932,316,1987,60366
933,316,1988,60456
934,316,1989,60653
935,316,1990,60675
936,316,1991,60919
937,316,1992,61203
938,316,1993,61480
939,316,1994,61746
940,316,1995,62020
941,316,1996,62652
942,316,1997,62737
943,316,1998,63162
944,316,1999,63544
945,316,2000,63971
946,316,2001,64258
947,316,2002,64925
948,316,2003,65499
949,316,2004,66036
950,316,2005,66611
951,316,2006,67621
952,320,1979,30116
953,320,1980,30272
954,320,1981,30305
955,320,1982,30141
956,320,1983,30314
957,320,1984,30420
958,320,1985,30650
959,320,1986,30851
960,320,1987,31233
961,320,1988,31517
962,320,1989,31670
963,320,1990,31740
964,320,1991,31890
965,320,1992,32033
966,320,1993,32175
967,320,1994,32246
968,320,1995,32354
969,320,1996,32570
970,320,1997,32462
971,320,1998,32838
972,320,1999,33139
973,320,2000,33150
974,320,2001,33577
975,320,2002,33682
976,320,2003,33832
977,320,2004,34220
978,320,2005,34313
979,320,2006,34661
980,326,1979,45066
981,326,1980,45431
982,326,1981,45770
983,326,1982,45606
984,326,1983,45625
985,326,1984,45604
986,326,1985,45564
987,326,1986,45782
988,326,1987,45995
989,326,1988,46063
990,326,1989,46125
991,326,1990,46070
992,326,1991,46100
993,326,1992,46269
994,326,1993,46237
995,326,1994,46268
996,326,1995,46477
997,326,1996,46535
998,326,1997,46525
999,326,1998,46661
1000,326,1999,46959
1001,326,2000,47048
1002,326,2001,47183
1003,326,2002,47655
1004,326,2003,47974
1005,326,2004,48227
1006,326,2005,48697
1007,326,2006,48944
1008,329,1979,28007
1009,329,1980,28016
1010,329,1981,28207
1011,329,1982,28052
1012,329,1983,28052
1013,329,1984,28138
1014,329,1985,28262
1015,329,1986,28424
1016,329,1987,28559
1017,329,1988,28445
1018,329,1989,28464
1019,329,1990,28393
1020,329,1991,28541
1021,329,1992,28648
1022,329,1993,28723
1023,329,1994,28891
1024,329,1995,28914
1025,329,1996,29067
1026,329,1997,29030
1027,329,1998,29243
1028,329,1999,29454
1029,329,2000,29547
1030,329,2001,29769
1031,329,2002,30018
1032,329,2003,30110
1033,329,2004,30418
1034,329,2005,30830
1035,329,2006,31094
1036,330,1979,70878
1037,330,1980,71489
1038,330,1981,71603
1039,330,1982,71342
1040,330,1983,71157
1041,330,1984,70971
1042,330,1985,70975
1043,330,1986,71067
1044,330,1987,71541
1045,330,1988,71833
1046,330,1989,71969
1047,330,1990,72071
1048,330,1991,72188
1049,330,1992,72193
1050,330,1993,72488
1051,330,1994,72772
1052,330,1995,72721
1053,330,1996,72991
1054,330,1997,73748
1055,330,1998,74033
1056,330,1999,74279
1057,330,2000,74601
1058,330,2001,75088
1059,330,2002,75218
1060,330,2003,75728
1061,330,2004,75962
1062,330,2005,76185
1063,330,2006,76519
1064,336,1979,18727
1065,336,1980,18649
1066,336,1981,18575
1067,336,1982,18640
1068,336,1983,18576
1069,336,1984,18668
1070,336,1985,18925
1071,336,1986,19045
1072,336,1987,19269
1073,336,1988,19463
1074,336,1989,19615
1075,336,1990,19756
1076,336,1991,19896
1077,336,1992,20108
1078,336,1993,20053
1079,336,1994,20185
1080,336,1995,20336
1081,336,1996,20554
1082,336,1997,20677
1083,336,1998,20734
1084,336,1999,20970
1085,336,2000,21167
1086,336,2001,21317
1087,336,2002,21492
1088,336,2003,21609
1089,336,2004,21652
1090,336,2005,21776
1091,336,2006,21834
1092,340,1979,26029
1093,340,1980,25963
1094,340,1981,26056
1095,340,1982,26148
1096,340,1983,26056
1097,340,1984,25951
1098,340,1985,25901
1099,340,1986,26131
1100,340,1987,26356
1101,340,1988,26351
1102,340,1989,26330
1103,340,1990,26505
1104,340,1991,26472
1105,340,1992,26463
1106,340,1993,26583
1107,340,1994,26648
1108,340,1995,26804
1109,340,1996,27031
1110,340,1997,27015
1111,340,1998,27087
1112,340,1999,27194
1113,340,2000,27332
1114,340,2001,27503
1115,340,2002,27738
1116,340,2003,28067
1117,340,2004,28193
1118,340,2005,28336
1119,340,2006,28686
1120,350,1979,281324
1121,350,1980,282289
1122,350,1981,282284
1123,350,1982,281743
1124,350,1983,280807
1125,350,1984,279889
1126,350,1985,279588
1127,350,1986,280029
1128,350,1987,280933
1129,350,1988,280313
1130,350,1989,280320
1131,350,1990,280305
1132,350,1991,280627
1133,350,1992,280544
1134,350,1993,280800
1135,350,1994,281075
1136,350,1995,280570
1137,350,1996,281553
1138,350,1997,281959
1139,350,1998,282897
1140,350,1999,283501
1141,350,2000,284081
1142,350,2001,284838
1143,350,2002,285837
1144,350,2003,286825
1145,350,2004,287601
1146,350,2005,288115
1147,350,2006,288913
1148,360,1979,58182
1149,360,1980,57940
1150,360,1981,57562
1151,360,1982,57202
1152,360,1983,56870
1153,360,1984,56323
1154,360,1985,55897
1155,360,1986,55556
1156,360,1987,55021
1157,360,1988,54391
1158,360,1989,53841
1159,360,1990,53465
1160,360,1991,53177
1161,360,1992,52900
1162,360,1993,52653
1163,360,1994,52453
1164,360,1995,51989
1165,360,1996,51963
1166,360,1997,51999
1167,360,1998,51608
1168,360,1999,51318
1169,360,2000,51179
1170,360,2001,50937
1171,360,2002,50659
1172,360,2003,50285
1173,360,2004,49946
1174,360,2005,49469
1175,360,2006,48967
1176,370,1979,71853
1177,370,1980,72405
1178,370,1981,72618
1179,370,1982,72788
1180,370,1983,72644
1181,370,1984,72665
1182,370,1985,72541
1183,370,1986,72519
1184,370,1987,73205
1185,370,1988,73127
1186,370,1989,73257
1187,370,1990,73172
1188,370,1991,73166
1189,370,1992,73311
1190,370,1993,73546
1191,370,1994,73668
1192,370,1995,73784
1193,370,1996,74096
1194,370,1997,74368
1195,370,1998,74704
1196,370,1999,75072
1197,370,2000,75337
1198,370,2001,75769
1199,370,2002,76226
1200,370,2003,76737
1201,370,2004,77529
1202,370,2005,78446
1203,370,2006,79284
1204,376,1979,64881
1205,376,1980,65011
1206,376,1981,65040
1207,376,1982,64808
1208,376,1983,64526
1209,376,1984,64129
1210,376,1985,63843
1211,376,1986,63736
1212,376,1987,63633
1213,376,1988,63490
1214,376,1989,63556
1215,376,1990,63526
1216,376,1991,63599
1217,376,1992,63489
1218,376,1993,63441
1219,376,1994,63376
1220,376,1995,63237
1221,376,1996,63357
1222,376,1997,63289
1223,376,1998,63300
1224,376,1999,63511
1225,376,2000,63509
1226,376,2001,63555
1227,376,2002,63814
1228,376,2003,63901
1229,376,2004,63771
1230,376,2005,63533
1231,376,2006,63451
1232,390,1979,43787
1233,390,1980,43974
1234,390,1981,44102
1235,390,1982,44002
1236,390,1983,43766
1237,390,1984,43614
1238,390,1985,43731
1239,390,1986,44121
1240,390,1987,44226
1241,390,1988,44066
1242,390,1989,44096
1243,390,1990,44269
1244,390,1991,44457
1245,390,1992,44497
1246,390,1993,44741
1247,390,1994,44816
1248,390,1995,44617
1249,390,1996,44920
1250,390,1997,44970
1251,390,1998,45259
1252,390,1999,45211
1253,390,2000,45376
1254,390,2001,45565
1255,390,2002,45760
1256,390,2003,45983
1257,390,2004,46192
1258,390,2005,46307
1259,390,2006,46410
1260,400,1979,47605
1261,400,1980,47780
1262,400,1981,47499
1263,400,1982,47357
1264,400,1983,47313
1265,400,1984,47243
1266,400,1985,47164
1267,400,1986,47039
1268,400,1987,46839
1269,400,1988,46642
1270,400,1989,46105
1271,400,1990,45900
1272,400,1991,45690
1273,400,1992,45541
1274,400,1993,45224
1275,400,1994,45067
1276,400,1995,44936
1277,400,1996,45186
1278,400,1997,45018
1279,400,1998,44786
1280,400,1999,44529
1281,400,2000,44337
1282,400,2001,44126
1283,400,2002,44197
1284,400,2003,43956
1285,400,2004,43673
1286,400,2005,43347
1287,400,2006,43245
1288,410,1979,33400
1289,410,1980,33473
1290,410,1981,33412
1291,410,1982,33333
1292,410,1983,33297
1293,410,1984,33323
1294,410,1985,33365
1295,410,1986,33300
1296,410,1987,33511
1297,410,1988,33509
1298,410,1989,33535
1299,410,1990,33667
1300,410,1991,33769
1301,410,1992,33704
1302,410,1993,33679
1303,410,1994,33722
1304,410,1995,33935
1305,410,1996,34097
1306,410,1997,34351
1307,410,1998,34616
1308,410,1999,34805
1309,410,2000,34974
1310,410,2001,35167
1311,410,2002,35370
1312,410,2003,35587
1313,410,2004,35759
1314,410,2005,36113
1315,410,2006,36417
1316,420,1979,491809
1317,420,1980,493073
1318,420,1981,493840
1319,420,1982,493896
1320,420,1983,493586
1321,420,1984,493690
1322,420,1985,494070
1323,420,1986,495204
1324,420,1987,496336
1325,420,1988,496980
1326,420,1989,498087
1327,420,1990,499355
1328,420,1991,501292
1329,420,1992,503492
1330,420,1993,505520
1331,420,1994,506969
1332,420,1995,508155
1333,420,1996,511125
1334,420,1997,512157
1335,420,1998,512576
1336,420,1999,512512
1337,420,2000,512843
1338,420,2001,513119
1339,420,2002,513730
1340,420,2003,514612
1341,420,2004,516191
1342,420,2005,517781
1343,420,2006,519716
1344,430,1979,51058
1345,430,1980,51105
1346,430,1981,51187
1347,430,1982,51163
1348,430,1983,51004
1349,430,1984,51044
1350,430,1985,50928
1351,430,1986,50922
1352,430,1987,50793
1353,430,1988,50726
1354,430,1989,50696
1355,430,1990,50637
1356,430,1991,50549
1357,430,1992,50402
1358,430,1993,50619
1359,430,1994,50611
1360,430,1995,50671
1361,430,1996,50820
1362,430,1997,50714
1363,430,1998,50771
1364,430,1999,50827
1365,430,2000,50763
1366,430,2001,50674
1367,430,2002,50733
1368,430,2003,50868
1369,430,2004,51015
1370,430,2005,51144
1371,430,2006,51144
1372,440,1979,22350
1373,440,1980,22345
1374,440,1981,22380
1375,440,1982,22146
1376,440,1983,22076
1377,440,1984,21991
1378,440,1985,21892
1379,440,1986,21915
1380,440,1987,21931
1381,440,1988,22061
1382,440,1989,22289
1383,440,1990,22302
1384,440,1991,22360
1385,440,1992,22388
1386,440,1993,22354
1387,440,1994,22345
1388,440,1995,22322
1389,440,1996,22491
1390,440,1997,22477
1391,440,1998,22656
1392,440,1999,22886
1393,440,2000,22855
1394,440,2001,23000
1395,440,2002,23010
1396,440,2003,23026
1397,440,2004,23067
1398,440,2005,23071
1399,440,2006,23239
1400,450,1979,30041
1401,450,1980,30344
1402,450,1981,30372
1403,450,1982,30192
1404,450,1983,30151
1405,450,1984,29940
1406,450,1985,29895
1407,450,1986,29719
1408,450,1987,29695
1409,450,1988,29675
1410,450,1989,29621
1411,450,1990,29587
1412,450,1991,29612
1413,450,1992,29645
1414,450,1993,29798
1415,450,1994,29734
1416,450,1995,29799
1417,450,1996,30302
1418,450,1997,30367
1419,450,1998,30411
1420,450,1999,30421
1421,450,2000,30361
1422,450,2001,30343
1423,450,2002,30522
1424,450,2003,30530
1425,450,2004,30778
1426,450,2005,31009
1427,450,2006,31208
1428,461,1979,167950
1429,461,1980,168528
1430,461,1981,169183
1431,461,1982,170189
1432,461,1983,170648
1433,461,1984,170961
1434,461,1985,171468
1435,461,1986,172751
1436,461,1987,173331
1437,461,1988,174016
1438,461,1989,174948
1439,461,1990,176133
1440,461,1991,177639
1441,461,1992,179487
1442,461,1993,180799
1443,461,1994,181824
1444,461,1995,182617
1445,461,1996,183564
1446,461,1997,184146
1447,461,1998,184224
1448,461,1999,183584
1449,461,2000,183912
1450,461,2001,183691
1451,461,2002,183628
1452,461,2003,184308
1453,461,2004,185206
1454,461,2005,185871
1455,461,2006,186595
1456,479,1979,52923
1457,479,1980,53143
1458,479,1981,53352
1459,479,1982,53532
1460,479,1983,53784
1461,479,1984,54122
1462,479,1985,54272
1463,479,1986,54737
1464,479,1987,55112
1465,479,1988,55283
1466,479,1989,55438
1467,479,1990,55674
1468,479,1991,56111
1469,479,1992,56466
1470,479,1993,56911
1471,479,1994,57173
1472,479,1995,57394
1473,479,1996,57729
1474,479,1997,57858
1475,479,1998,57946
1476,479,1999,57985
1477,479,2000,57928
1478,479,2001,57808
1479,479,2002,57931
1480,479,2003,58145
1481,479,2004,58301
1482,479,2005,58354
1483,479,2006,58506
1484,480,1979,28633
1485,480,1980,28702
1486,480,1981,28519
1487,480,1982,28325
1488,480,1983,28313
1489,480,1984,28290
1490,480,1985,28257
1491,480,1986,28153
1492,480,1987,28348
1493,480,1988,28248
1494,480,1989,28203
1495,480,1990,28078
1496,480,1991,28069
1497,480,1992,27918
1498,480,1993,27950
1499,480,1994,27966
1500,480,1995,27854
1501,480,1996,28060
1502,480,1997,28230
1503,480,1998,28166
1504,480,1999,28213
1505,480,2000,28265
1506,480,2001,28448
1507,480,2002,28438
1508,480,2003,28422
1509,480,2004,28545
1510,480,2005,28655
1511,480,2006,28876
1512,482,1979,16462
1513,482,1980,16478
1514,482,1981,16359
1515,482,1982,16222
1516,482,1983,16112
1517,482,1984,15976
1518,482,1985,15980
1519,482,1986,15884
1520,482,1987,15703
1521,482,1988,15561
1522,482,1989,15459
1523,482,1990,15391
1524,482,1991,15264
1525,482,1992,15226
1526,482,1993,15169
1527,482,1994,15149
1528,482,1995,14995
1529,482,1996,15164
1530,482,1997,14938
1531,482,1998,14877
1532,482,1999,14750
1533,482,2000,14646
1534,482,2001,14563
1535,482,2002,14446
1536,482,2003,14386
1537,482,2004,14299
1538,482,2005,14223
1539,482,2006,14120
1540,492,1979,8828
1541,492,1980,8739
1542,492,1981,8648
1543,492,1982,8600
1544,492,1983,8575
1545,492,1984,8505
1546,492,1985,8429
1547,492,1986,8381
1548,492,1987,8206
1549,492,1988,8081
1550,492,1989,7946
1551,492,1990,7884
1552,492,1991,7823
1553,492,1992,7754
1554,492,1993,7679
1555,492,1994,7641
1556,492,1995,7648
1557,492,1996,7704
1558,492,1997,7606
1559,492,1998,7503
1560,492,1999,7481
1561,492,2000,7401
1562,492,2001,7315
1563,492,2002,7200
1564,492,2003,7058
1565,492,2004,7003
1566,492,2005,6939
1567,492,2006,6873
1568,510,1979,71432
1569,510,1980,71798
1570,510,1981,71907
1571,510,1982,71590
1572,510,1983,71432
1573,510,1984,71370
1574,510,1985,71368
1575,510,1986,71491
1576,510,1987,71463
1577,510,1988,71213
1578,510,1989,71371
1579,510,1990,71427
1580,510,1991,71499
1581,510,1992,71500
1582,510,1993,71608
1583,510,1994,71742
1584,510,1995,71820
1585,510,1996,72453
1586,510,1997,72737
1587,510,1998,72900
1588,510,1999,72739
1589,510,2000,72753
1590,510,2001,72731
1591,510,2002,72587
1592,510,2003,72381
1593,510,2004,72352
1594,510,2005,72312
1595,510,2006,72193
1596,530,1979,36795
1597,530,1980,37251
1598,530,1981,37451
1599,530,1982,37607
1600,530,1983,37504
1601,530,1984,37437
1602,530,1985,37605
1603,530,1986,37760
1604,530,1987,38060
1605,530,1988,38250
1606,530,1989,38422
1607,530,1990,38439
1608,530,1991,38599
1609,530,1992,38737
1610,530,1993,38880
1611,530,1994,39056
1612,530,1995,39186
1613,530,1996,39476
1614,530,1997,39786
1615,530,1998,40065
1616,530,1999,40076
1617,530,2000,40142
1618,530,2001,40175
1619,530,2002,40153
1620,530,2003,40156
1621,530,2004,40312
1622,530,2005,40166
1623,530,2006,40198
1624,540,1979,75013
1625,540,1980,74886
1626,540,1981,75070
1627,540,1982,74776
1628,540,1983,74502
1629,540,1984,74396
1630,540,1985,74181
1631,540,1986,74032
1632,540,1987,74006
1633,540,1988,74179
1634,540,1989,74192
1635,540,1990,74389
1636,540,1991,74475
1637,540,1992,74394
1638,540,1993,74711
1639,540,1994,74734
1640,540,1995,75039
1641,540,1996,75007
1642,540,1997,75128
1643,540,1998,75290
1644,540,1999,75590
1645,540,2000,75519
1646,540,2001,75474
1647,540,2002,75667
1648,540,2003,76003
1649,540,2004,76236
1650,540,2005,76459
1651,540,2006,76598
1652,550,1979,255309
1653,550,1980,256701
1654,550,1981,257823
1655,550,1982,258454
1656,550,1983,259033
1657,550,1984,259617
1658,550,1985,259667
1659,550,1986,260130
1660,550,1987,261215
1661,550,1988,262215
1662,550,1989,262706
1663,550,1990,262792
1664,550,1991,263326
1665,550,1992,263897
1666,550,1993,264971
1667,550,1994,265509
1668,550,1995,265798
1669,550,1996,267440
1670,550,1997,267541
1671,550,1998,267983
1672,550,1999,268501
1673,550,2000,268245
1674,550,2001,268286
1675,550,2002,268102
1676,550,2003,267598
1677,550,2004,267556
1678,550,2005,267099
1679,550,2006,266444
1680,561,1979,117884
1681,561,1980,118255
1682,561,1981,118836
1683,561,1982,119090
1684,561,1983,119533
1685,561,1984,119879
1686,561,1985,119608
1687,561,1986,119734
1688,561,1987,119926
1689,561,1988,120469
1690,561,1989,120575
1691,561,1990,120488
1692,561,1991,120686
1693,561,1992,121121
1694,561,1993,121805
1695,561,1994,122227
1696,561,1995,122302
1697,561,1996,122868
1698,561,1997,122717
1699,561,1998,122889
1700,561,1999,123026
1701,561,2000,122946
1702,561,2001,122770
1703,561,2002,122509
1704,561,2003,122401
1705,561,2004,122495
1706,561,2005,122416
1707,561,2006,122107
1708,563,1979,2878
1709,563,1980,2973
1710,563,1981,2999
1711,563,1982,3089
1712,563,1983,3083
1713,563,1984,3111
1714,563,1985,3161
1715,563,1986,3122
1716,563,1987,3253
1717,563,1988,3206
1718,563,1989,3203
1719,563,1990,3188
1720,563,1991,3187
1721,563,1992,3178
1722,563,1993,3153
1723,563,1994,3192
1724,563,1995,3209
1725,563,1996,3272
1726,563,1997,3241
1727,563,1998,3269
1728,563,1999,3267
1729,563,2000,3214
1730,563,2001,3212
1731,563,2002,3227
1732,563,2003,3169
1733,563,2004,3169
1734,563,2005,3151
1735,563,2006,3143
1736,573,1979,47713
1737,573,1980,47909
1738,573,1981,47924
1739,573,1982,47968
1740,573,1983,48088
1741,573,1984,48217
1742,573,1985,48323
1743,573,1986,48520
1744,573,1987,48773
1745,573,1988,48893
1746,573,1989,48987
1747,573,1990,49060
1748,573,1991,49218
1749,573,1992,49286
1750,573,1993,49440
1751,573,1994,49421
1752,573,1995,49633
1753,573,1996,49921
1754,573,1997,50011
1755,573,1998,50061
1756,573,1999,50351
1757,573,2000,50469
1758,573,2001,50802
1759,573,2002,50883
1760,573,2003,50777
1761,573,2004,50710
1762,573,2005,50695
1763,573,2006,50674
1764,575,1979,38952
1765,575,1980,39304
1766,575,1981,39402
1767,575,1982,39420
1768,575,1983,39619
1769,575,1984,39560
1770,575,1985,39642
1771,575,1986,39628
1772,575,1987,39735
1773,575,1988,39953
1774,575,1989,40003
1775,575,1990,40031
1776,575,1991,40077
1777,575,1992,40069
1778,575,1993,40117
1779,575,1994,40207
1780,575,1995,40226
1781,575,1996,40602
1782,575,1997,40794
1783,575,1998,40863
1784,575,1999,40948
1785,575,2000,40985
1786,575,2001,40867
1787,575,2002,41061
1788,575,2003,41139
1789,575,2004,41272
1790,575,2005,41350
1791,575,2006,41551
1792,580,1979,57414
1793,580,1980,58047
1794,580,1981,58519
1795,580,1982,58700
1796,580,1983,58657
1797,580,1984,58643
1798,580,1985,58875
1799,580,1986,58927
1800,580,1987,59113
1801,580,1988,59553
1802,580,1989,59552
1803,580,1990,59730
1804,580,1991,59913
1805,580,1992,59903
1806,580,1993,59839
1807,580,1994,60036
1808,580,1995,59999
1809,580,1996,60045
1810,580,1997,60434
1811,580,1998,60296
1812,580,1999,60189
1813,580,2000,60116
1814,580,2001,60025
1815,580,2002,60066
1816,580,2003,60016
1817,580,2004,60074
1818,580,2005,60151
1819,580,2006,59974
1820,607,1979,45575
1821,607,1980,45820
1822,607,1981,45859
1823,607,1982,46085
1824,607,1983,45987
1825,607,1984,45896
1826,607,1985,45879
1827,607,1986,45803
1828,607,1987,45935
1829,607,1988,45970
1830,607,1989,45992
1831,607,1990,46072
1832,607,1991,46292
1833,607,1992,46617
1834,607,1993,46817
1835,607,1994,46952
1836,607,1995,47037
1837,607,1996,47260
1838,607,1997,47616
1839,607,1998,47837
1840,607,1999,47947
1841,607,2000,48066
1842,607,2001,48216
1843,607,2002,48487
1844,607,2003,48533
1845,607,2004,48857
1846,607,2005,49147
1847,607,2006,49252
1848,615,1979,72210
1849,615,1980,72500
1850,615,1981,72819
1851,615,1982,72665
1852,615,1983,72878
1853,615,1984,72693
1854,615,1985,72472
1855,615,1986,72651
1856,615,1987,72762
1857,615,1988,72863
1858,615,1989,72934
1859,615,1990,73147
1860,615,1991,72960
1861,615,1992,73010
1862,615,1993,73024
1863,615,1994,73028
1864,615,1995,73017
1865,615,1996,73715
1866,615,1997,74272
1867,615,1998,74514
1868,615,1999,74698
1869,615,2000,75087
1870,615,2001,75201
1871,615,2002,75566
1872,615,2003,76195
1873,615,2004,76812
1874,615,2005,77503
1875,615,2006,78746
1876,621,1979,89929
1877,621,1980,90752
1878,621,1981,91110
1879,621,1982,91176
1880,621,1983,91277
1881,621,1984,91376
1882,621,1985,91417
1883,621,1986,91654
1884,621,1987,91937
1885,621,1988,91744
1886,621,1989,91907
1887,621,1990,92060
1888,621,1991,92460
1889,621,1992,92992
1890,621,1993,93436
1891,621,1994,94107
1892,621,1995,94832
1893,621,1996,95680
1894,621,1997,96643
1895,621,1998,97288
1896,621,1999,97791
1897,621,2000,98355
1898,621,2001,98926
1899,621,2002,99668
1900,621,2003,100154
1901,621,2004,100956
1902,621,2005,101404
1903,621,2006,101967
1904,630,1979,103585
1905,630,1980,104519
1906,630,1981,104691
1907,630,1982,104510
1908,630,1983,104625
1909,630,1984,104503
1910,630,1985,104498
1911,630,1986,104801
1912,630,1987,105147
1913,630,1988,105615
1914,630,1989,105589
1915,630,1990,105787
1916,630,1991,106111
1917,630,1992,106716
1918,630,1993,107324
1919,630,1994,107725
1920,630,1995,108121
1921,630,1996,109355
1922,630,1997,110100
1923,630,1998,110780
1924,630,1999,111480
1925,630,2000,111841
1926,630,2001,112694
1927,630,2002,113444
1928,630,2003,114036
1929,630,2004,114492
1930,630,2005,115190
1931,630,2006,115893
1932,657,1979,77926
1933,657,1980,78249
1934,657,1981,78152
1935,657,1982,77977
1936,657,1983,78024
1937,657,1984,78054
1938,657,1985,78212
1939,657,1986,78354
1940,657,1987,78734
1941,657,1988,78844
1942,657,1989,79122
1943,657,1990,79493
1944,657,1991,79824
1945,657,1992,80152
1946,657,1993,80291
1947,657,1994,80407
1948,657,1995,80705
1949,657,1996,81090
1950,657,1997,80940
1951,657,1998,81147
1952,657,1999,81175
1953,657,2000,81427
1954,657,2001,81703
1955,657,2002,82172
1956,657,2003,82480
1957,657,2004,82760
1958,657,2005,82935
1959,657,2006,83330
1960,661,1979,52140
1961,661,1980,52518
1962,661,1981,52654
1963,661,1982,52742
1964,661,1983,52908
1965,661,1984,52953
1966,661,1985,53192
1967,661,1986,53215
1968,661,1987,53532
1969,661,1988,53479
1970,661,1989,53700
1971,661,1990,53665
1972,661,1991,53814
1973,661,1992,53915
1974,661,1993,54082
1975,661,1994,54264
1976,661,1995,54470
1977,661,1996,54853
1978,661,1997,55044
1979,661,1998,55369
1980,661,1999,55804
1981,661,2000,55759
1982,661,2001,56007
1983,661,2002,56206
1984,661,2003,56311
1985,661,2004,56145
1986,661,2005,56204
1987,661,2006,56462
1988,665,1979,24924
1989,665,1980,24938
1990,665,1981,25021
1991,665,1982,25025
1992,665,1983,24858
1993,665,1984,24758
1994,665,1985,24703
1995,665,1986,24698
1996,665,1987,24596
1997,665,1988,24482
1998,665,1989,24430
1999,665,1990,24319
2000,665,1991,24269
2001,665,1992,24155
2002,665,1993,24216
2003,665,1994,24210
2004,665,1995,24104
2005,665,1996,24123
2006,665,1997,24014
2007,665,1998,23930
2008,665,1999,23933
2009,665,2000,23863
2010,665,2001,23751
2011,665,2002,23443
2012,665,2003,23312
2013,665,2004,23121
2014,665,2005,22760
2015,665,2006,22483
2016,671,1979,22880
2017,671,1980,22906
2018,671,1981,22999
2019,671,1982,23018
2020,671,1983,23063
2021,671,1984,22927
2022,671,1985,22964
2023,671,1986,22866
2024,671,1987,22787
2025,671,1988,22914
2026,671,1989,22814
2027,671,1990,23010
2028,671,1991,22985
2029,671,1992,22993
2030,671,1993,23002
2031,671,1994,23016
2032,671,1995,22968
2033,671,1996,22945
2034,671,1997,22843
2035,671,1998,22830
2036,671,1999,22864
2037,671,2000,22920
2038,671,2001,22855
2039,671,2002,22996
2040,671,2003,22962
2041,671,2004,22927
2042,671,2005,22752
2043,671,2006,22695
2044,706,1979,33593
2045,706,1980,34000
2046,706,1981,34120
2047,706,1982,34145
2048,706,1983,34378
2049,706,1984,34477
2050,706,1985,34786
2051,706,1986,34923
2052,706,1987,35264
2053,706,1988,35504
2054,706,1989,35846
2055,706,1990,36260
2056,706,1991,36491
2057,706,1992,36559
2058,706,1993,36716
2059,706,1994,36946
2060,706,1995,37360
2061,706,1996,37992
2062,706,1997,38136
2063,706,1998,38531
2064,706,1999,38853
2065,706,2000,39044
2066,706,2001,39089
2067,706,2002,39358
2068,706,2003,39602
2069,706,2004,39935
2070,706,2005,40196
2071,706,2006,40430
2072,707,1979,42229
2073,707,1980,42623
2074,707,1981,42749
2075,707,1982,42646
2076,707,1983,42436
2077,707,1984,42308
2078,707,1985,42341
2079,707,1986,42408
2080,707,1987,42439
2081,707,1988,42411
2082,707,1989,42296
2083,707,1990,42228
2084,707,1991,42245
2085,707,1992,42258
2086,707,1993,42355
2087,707,1994,42450
2088,707,1995,42502
2089,707,1996,43005
2090,707,1997,43285
2091,707,1998,43286
2092,707,1999,43300
2093,707,2000,43279
2094,707,2001,43189
2095,707,2002,43004
2096,707,2003,42818
2097,707,2004,42881
2098,707,2005,42885
2099,707,2006,43120
2100,710,1979,43381
2101,710,1980,44062
2102,710,1981,44277
2103,710,1982,44351
2104,710,1983,44190
2105,710,1984,44202
2106,710,1985,44252
2107,710,1986,44665
2108,710,1987,45082
2109,710,1988,45276
2110,710,1989,45480
2111,710,1990,45580
2112,710,1991,45647
2113,710,1992,45368
2114,710,1993,45554
2115,710,1994,45482
2116,710,1995,45910
2117,710,1996,46336
2118,710,1997,46795
2119,710,1998,47217
2120,710,1999,47459
2121,710,2000,47974
2122,710,2001,48156
2123,710,2002,48626
2124,710,2003,48974
2125,710,2004,49430
2126,710,2005,49992
2127,710,2006,50552
2128,727,1979,17385
2129,727,1980,17654
2130,727,1981,17651
2131,727,1982,17637
2132,727,1983,17780
2133,727,1984,17865
2134,727,1985,17949
2135,727,1986,18038
2136,727,1987,18140
2137,727,1988,18296
2138,727,1989,18506
2139,727,1990,18744
2140,727,1991,18959
2141,727,1992,19031
2142,727,1993,18999
2143,727,1994,19005
2144,727,1995,19251
2145,727,1996,19469
2146,727,1997,19547
2147,727,1998,19750
2148,727,1999,19768
2149,727,2000,19901
2150,727,2001,20156
2151,727,2002,20396
2152,727,2003,20728
2153,727,2004,20863
2154,727,2005,21133
2155,727,2006,21332
2156,730,1979,104834
2157,730,1980,104936
2158,730,1981,104851
2159,730,1982,104545
2160,730,1983,103780
2161,730,1984,103264
2162,730,1985,102987
2163,730,1986,103068
2164,730,1987,103203
2165,730,1988,103096
2166,730,1989,103042
2167,730,1990,102922
2168,730,1991,102888
2169,730,1992,103200
2170,730,1993,102995
2171,730,1994,103020
2172,730,1995,102976
2173,730,1996,103774
2174,730,1997,104180
2175,730,1998,104092
2176,730,1999,103972
2177,730,2000,103988
2178,730,2001,104267
2179,730,2002,104396
2180,730,2003,104483
2181,730,2004,104435
2182,730,2005,104709
2183,730,2006,105236
2184,740,1979,72920
2185,740,1980,73338
2186,740,1981,73488
2187,740,1982,73497
2188,740,1983,73625
2189,740,1984,73786
2190,740,1985,73952
2191,740,1986,74491
2192,740,1987,74812
2193,740,1988,74837
2194,740,1989,74837
2195,740,1990,75394
2196,740,1991,75671
2197,740,1992,76088
2198,740,1993,76677
2199,740,1994,77072
2200,740,1995,77891
2201,740,1996,78753
2202,740,1997,79061
2203,740,1998,79849
2204,740,1999,80219
2205,740,2000,80570
2206,740,2001,81199
2207,740,2002,81772
2208,740,2003,82601
2209,740,2004,83390
2210,740,2005,84167
2211,740,2006,85376
2212,741,1979,4908
2213,741,1980,4910
2214,741,1981,4859
2215,741,1982,4798
2216,741,1983,4741
2217,741,1984,4703
2218,741,1985,4693
2219,741,1986,4610
2220,741,1987,4500
2221,741,1988,4429
2222,741,1989,4451
2223,741,1990,4394
2224,741,1991,4342
2225,741,1992,4345
2226,741,1993,4366
2227,741,1994,4345
2228,741,1995,4323
2229,741,1996,4357
2230,741,1997,4331
2231,741,1998,4325
2232,741,1999,4318
2233,741,2000,4233
2234,741,2001,4266
2235,741,2002,4251
2236,741,2003,4221
2237,741,2004,4197
2238,741,2005,4125
2239,741,2006,4124
2240,746,1979,51758
2241,746,1980,52393
2242,746,1981,52912
2243,746,1982,53177
2244,746,1983,53239
2245,746,1984,53260
2246,746,1985,53600
2247,746,1986,54165
2248,746,1987,54655
2249,746,1988,54939
2250,746,1989,54874
2251,746,1990,54921
2252,746,1991,54969
2253,746,1992,55043
2254,746,1993,55404
2255,746,1994,55654
2256,746,1995,55845
2257,746,1996,56392
2258,746,1997,56931
2259,746,1998,57430
2260,746,1999,58063
2261,746,2000,58717
2262,746,2001,59316
2263,746,2002,59781
2264,746,2003,60413
2265,746,2004,61035
2266,746,2005,61990
2267,746,2006,62652
2268,751,1979,245174
2269,751,1980,244839
2270,751,1981,245565
2271,751,1982,246679
2272,751,1983,248509
2273,751,1984,250404
2274,751,1985,252071
2275,751,1986,253650
2276,751,1987,255932
2277,751,1988,258028
2278,751,1989,259493
2279,751,1990,261437
2280,751,1991,264136
2281,751,1992,267873
2282,751,1993,271272
2283,751,1994,274535
2284,751,1995,277477
2285,751,1996,279759
2286,751,1997,281396
2287,751,1998,282137
2288,751,1999,283673
2289,751,2000,284846
2290,751,2001,286668
2291,751,2002,288837
2292,751,2003,291258
2293,751,2004,293510
2294,751,2005,294954
2295,751,2006,295513
2296,756,1979,35326
2297,756,1980,35780
2298,756,1981,35916
2299,756,1982,36157
2300,756,1983,36248
2301,756,1984,36332
2302,756,1985,36572
2303,756,1986,36740
2304,756,1987,37269
2305,756,1988,37693
2306,756,1989,37687
2307,756,1990,37678
2308,756,1991,37707
2309,756,1992,37904
2310,756,1993,38047
2311,756,1994,38072
2312,756,1995,38205
2313,756,1996,38630
2314,756,1997,38699
2315,756,1998,38711
2316,756,1999,38787
2317,756,2000,38803
2318,756,2001,38754
2319,756,2002,38927
2320,756,2003,39149
2321,756,2004,39248
2322,756,2005,39371
2323,756,2006,39528
2324,760,1979,285676
2325,760,1980,287210
2326,760,1981,287886
2327,760,1982,287676
2328,760,1983,287252
2329,760,1984,286931
2330,760,1985,286553
2331,760,1986,287278
2332,760,1987,287208
2333,760,1988,287428
2334,760,1989,286686
2335,760,1990,286159
2336,760,1991,286025
2337,760,1992,286122
2338,760,1993,286526
2339,760,1994,286943
2340,760,1995,287743
2341,760,1996,289730
2342,760,1997,289932
2343,760,1998,290449
2344,760,1999,290778
2345,760,2000,291073
2346,760,2001,291589
2347,760,2002,292188
2348,760,2003,292581
2349,760,2004,292536
2350,760,2005,292252
2351,760,2006,292670
2352,766,1979,39245
2353,766,1980,39695
2354,766,1981,39547
2355,766,1982,39552
2356,766,1983,39560
2357,766,1984,39627
2358,766,1985,39717
2359,766,1986,39910
2360,766,1987,40384
2361,766,1988,40662
2362,766,1989,40816
2363,766,1990,40811
2364,766,1991,40926
2365,766,1992,41038
2366,766,1993,41271
2367,766,1994,41269
2368,766,1995,41545
2369,766,1996,41987
2370,766,1997,42392
2371,766,1998,42747
2372,766,1999,43228
2373,766,2000,43426
2374,766,2001,43727
2375,766,2002,43929
2376,766,2003,44132
2377,766,2004,44496
2378,766,2005,44951
2379,766,2006,45582
2380,773,1979,24580
2381,773,1980,24647
2382,773,1981,24587
2383,773,1982,24370
2384,773,1983,24237
2385,773,1984,24141
2386,773,1985,24095
2387,773,1986,24127
2388,773,1987,24098
2389,773,1988,24065
2390,773,1989,23922
2391,773,1990,23814
2392,773,1991,23694
2393,773,1992,23473
2394,773,1993,23361
2395,773,1994,23219
2396,773,1995,23142
2397,773,1996,23133
2398,773,1997,23028
2399,773,1998,23062
2400,773,1999,23034
2401,773,2000,22989
2402,773,2001,22806
2403,773,2002,22666
2404,773,2003,22672
2405,773,2004,22636
2406,773,2005,22479
2407,773,2006,22333
2408,779,1979,48293
2409,779,1980,48400
2410,779,1981,48354
2411,779,1982,48256
2412,779,1983,48105
2413,779,1984,47984
2414,779,1985,48014
2415,779,1986,48013
2416,779,1987,47935
2417,779,1988,47994
2418,779,1989,47851
2419,779,1990,47731
2420,779,1991,47893
2421,779,1992,48039
2422,779,1993,48079
2423,779,1994,48083
2424,779,1995,48231
2425,779,1996,48498
2426,779,1997,48565
2427,779,1998,48622
2428,779,1999,48714
2429,779,2000,48731
2430,779,2001,48901
2431,779,2002,48899
2432,779,2003,48770
2433,779,2004,48675
2434,779,2005,48368
2435,779,2006,48264
2436,787,1979,48253
2437,787,1980,48403
2438,787,1981,48355
2439,787,1982,48287
2440,787,1983,48246
2441,787,1984,48193
2442,787,1985,48049
2443,787,1986,48237
2444,787,1987,48320
2445,787,1988,48181
2446,787,1989,48179
2447,787,1990,47875
2448,787,1991,47705
2449,787,1992,47628
2450,787,1993,47510
2451,787,1994,47506
2452,787,1995,47416
2453,787,1996,47660
2454,787,1997,47415
2455,787,1998,47354
2456,787,1999,47270
2457,787,2000,47108
2458,787,2001,46908
2459,787,2002,46790
2460,787,2003,46699
2461,787,2004,46581
2462,787,2005,46158
2463,787,2006,45910
2464,791,1979,89381
2465,791,1980,89866
2466,791,1981,90318
2467,791,1982,90349
2468,791,1983,90316
2469,791,1984,90263
2470,791,1985,90321
2471,791,1986,90578
2472,791,1987,90387
2473,791,1988,90731
2474,791,1989,90440
2475,791,1990,90395
2476,791,1991,90478
2477,791,1992,90712
2478,791,1993,91130
2479,791,1994,91560
2480,791,1995,92143
2481,791,1996,93003
2482,791,1997,93526
2483,791,1998,93848
2484,791,1999,93997
2485,791,2000,94396
2486,791,2001,94719
2487,791,2002,95288
2488,791,2003,95660
2489,791,2004,95975
2490,791,2005,96576
2491,791,2006,97395
2492,810,1979,35262
2493,810,1980,35535
2494,810,1981,35620
2495,810,1982,35648
2496,810,1983,35573
2497,810,1984,35518
2498,810,1985,35522
2499,810,1986,35450
2500,810,1987,35524
2501,810,1988,35527
2502,810,1989,35574
2503,810,1990,35394
2504,810,1991,35316
2505,810,1992,35302
2506,810,1993,35204
2507,810,1994,35285
2508,810,1995,35205
2509,810,1996,35088
2510,810,1997,35127
2511,810,1998,35241
2512,810,1999,35219
2513,810,2000,35249
2514,810,2001,35296
2515,810,2002,35397
2516,810,2003,35518
2517,810,2004,35508
2518,810,2005,35320
2519,810,2006,35313
2520,813,1979,66627
2521,813,1980,66844
2522,813,1981,66946
2523,813,1982,67134
2524,813,1983,67170
2525,813,1984,67220
2526,813,1985,67314
2527,813,1986,67421
2528,813,1987,67359
2529,813,1988,67508
2530,813,1989,67343
2531,813,1990,67241
2532,813,1991,67114
2533,813,1992,66896
2534,813,1993,66925
2535,813,1994,66678
2536,813,1995,66388
2537,813,1996,66478
2538,813,1997,66181
2539,813,1998,66055
2540,813,1999,65849
2541,813,2000,65749
2542,813,2001,65484
2543,813,2002,64992
2544,813,2003,64705
2545,813,2004,64209
2546,813,2005,63799
2547,813,2006,63084
2548,820,1979,38845
2549,820,1980,39002
2550,820,1981,39008
2551,820,1982,38981
2552,820,1983,38913
2553,820,1984,38917
2554,820,1985,38844
2555,820,1986,38828
2556,820,1987,38900
2557,820,1988,38735
2558,820,1989,38810
2559,820,1990,38809
2560,820,1991,38755
2561,820,1992,38556
2562,820,1993,38800
2563,820,1994,38847
2564,820,1995,38893
2565,820,1996,39211
2566,820,1997,39335
2567,820,1998,39580
2568,820,1999,39685
2569,820,2000,39705
2570,820,2001,39687
2571,820,2002,39624
2572,820,2003,39518
2573,820,2004,39406
2574,820,2005,39176
2575,820,2006,39157
2576,825,1979,2711
2577,825,1980,2683
2578,825,1981,2685
2579,825,1982,2680
2580,825,1983,2684
2581,825,1984,2663
2582,825,1985,2629
2583,825,1986,2607
2584,825,1987,2576
2585,825,1988,2561
2586,825,1989,2528
2587,825,1990,2512
2588,825,1991,2477
2589,825,1992,2453
2590,825,1993,2453
2591,825,1994,2442
2592,825,1995,2388
2593,825,1996,2381
2594,825,1997,2362
2595,825,1998,2351
2596,825,1999,2282
2597,825,2000,2293
2598,825,2001,2266
2599,825,2002,2268
2600,825,2003,2228
2601,825,2004,2177
2602,825,2005,2145
2603,825,2006,2091
2604,840,1979,26543
2605,840,1980,26805
2606,840,1981,26737
2607,840,1982,26619
2608,840,1983,26676
2609,840,1984,26687
2610,840,1985,26530
2611,840,1986,26700
2612,840,1987,26788
2613,840,1988,26942
2614,840,1989,26959
2615,840,1990,26998
2616,840,1991,27024
2617,840,1992,27109
2618,840,1993,27160
2619,840,1994,27150
2620,840,1995,27064
2621,840,1996,27346
2622,840,1997,27359
2623,840,1998,27467
2624,840,1999,27571
2625,840,2000,27680
2626,840,2001,27851
2627,840,2002,28089
2628,840,2003,28201
2629,840,2004,28279
2630,840,2005,28457
2631,840,2006,28446
2632,846,1979,53110
2633,846,1980,53352
2634,846,1981,53455
2635,846,1982,53347
2636,846,1983,53290
2637,846,1984,53225
2638,846,1985,53404
2639,846,1986,53587
2640,846,1987,53744
2641,846,1988,53769
2642,846,1989,54107
2643,846,1990,54468
2644,846,1991,54490
2645,846,1992,54380
2646,846,1993,54535
2647,846,1994,54661
2648,846,1995,54739
2649,846,1996,55302
2650,846,1997,55580
2651,846,1998,55699
2652,846,1999,55752
2653,846,2000,55843
2654,846,2001,56008
2655,846,2002,56166
2656,846,2003,56315
2657,846,2004,56215
2658,846,2005,56245
2659,846,2006,56201
2660,849,1979,37864
2661,849,1980,38231
2662,849,1981,38411
2663,849,1982,38332
2664,849,1983,38243
2665,849,1984,38167
2666,849,1985,38102
2667,849,1986,38201
2668,849,1987,38226
2669,849,1988,38298
2670,849,1989,38284
2671,849,1990,38244
2672,849,1991,38290
2673,849,1992,38191
2674,849,1993,38148
2675,849,1994,38117
2676,849,1995,38029
2677,849,1996,38230
2678,849,1997,38322
2679,849,1998,38463
2680,849,1999,38605
2681,849,2000,38772
2682,849,2001,38896
2683,849,2002,38888
2684,849,2003,38980
2685,849,2004,38965
2686,849,2005,38884
2687,849,2006,38704
2688,851,1979,179658
2689,851,1980,179979
2690,851,1981,180490
2691,851,1982,180428
2692,851,1983,180840
2693,851,1984,180986
2694,851,1985,181051
2695,851,1986,181289
2696,851,1987,181609
2697,851,1988,181675
2698,851,1989,181679
2699,851,1990,182292
2700,851,1991,183089
2701,851,1992,184001
2702,851,1993,184815
2703,851,1994,185610
2704,851,1995,186415
2705,851,1996,187632
2706,851,1997,188595
2707,851,1998,188752
2708,851,1999,189245
2709,851,2000,189476
2710,851,2001,190181
2711,851,2002,191051
2712,851,2003,191325
2713,851,2004,192188
2714,851,2005,192353
2715,851,2006,193529
2716,860,1979,67600
2717,860,1980,67868
2718,860,1981,68064
2719,860,1982,67742
2720,860,1983,67771
2721,860,1984,67463
2722,860,1985,67322
2723,860,1986,67382
2724,860,1987,67505
2725,860,1988,67434
2726,860,1989,67353
2727,860,1990,67405
2728,860,1991,67363
2729,860,1992,67572
2730,860,1993,67749
2731,860,1994,67847
2732,860,1995,68066
2733,860,1996,68303
2734,860,1997,68459
2735,860,1998,68649
2736,860,1999,68643
2737,860,2000,68479
2738,860,2001,68369
2739,860,2002,68325
2740,860,2003,68022
2741,860,2004,67898
2742,860,2005,67816
2743,860,2006,67480
