muni_code,year,unemployed
101,1992,74426
101,1993,78390
101,1994,83172
101,1995,78414
101,1996,68708
101,1997,60304
101,1998,48176
101,1999,37500
101,2000,31681
101,2001,29668
101,2002,31830
101,2003,37306
101,2004,38668
101,2005,35174
101,2006,31535
147,1992,11872
147,1993,12746
147,1994,12923
147,1995,11814
147,1996,10088
147,1997,9096
147,1998,7516
147,1999,5907
147,2000,5444
147,2001,4935
147,2002,5120
147,2003,5933
147,2004,6034
147,2005,5484
147,2006,4772
151,1992,4840
151,1993,5252
151,1994,5268
151,1995,4277
151,1996,3600
151,1997,3350
151,1998,2638
151,1999,2084
151,2000,1996
151,2001,1842
151,2002,1848
151,2003,2174
151,2004,2255
151,2005,2049
151,2006,1550
153,1992,4708
153,1993,5113
153,1994,5150
153,1995,4424
153,1996,3861
153,1997,3454
153,1998,2666
153,1999,2006
153,2000,1897
153,2001,1738
153,2002,1572
153,2003,2036
153,2004,2154
153,2005,2028
153,2006,1736
155,1992,837
155,1993,1002
155,1994,1164
155,1995,998
155,1996,789
155,1997,744
155,1998,590
155,1999,421
155,2000,460
155,2001,464
155,2002,478
155,2003,522
155,2004,522
155,2005,470
155,2006,382
157,1992,4590
157,1993,5124
157,1994,5278
157,1995,4764
157,1996,3936
157,1997,3520
157,1998,2976
157,1999,2526
157,2000,2455
157,2001,2208
157,2002,2388
157,2003,2789
157,2004,2909
157,2005,2571
157,2006,2254
159,1992,5544
159,1993,6281
159,1994,6310
159,1995,5688
159,1996,4930
159,1997,4374
159,1998,3304
159,1999,2440
159,2000,2296
159,2001,2111
159,2002,2144
159,2003,2562
159,2004,3148
159,2005,3297
159,2006,2692
161,1992,2340
161,1993,2467
161,1994,2496
161,1995,2030
161,1996,1764
161,1997,1563
161,1998,1187
161,1999,924
161,2000,894
161,2001,824
161,2002,842
161,2003,1094
161,2004,1143
161,2005,1049
161,2006,948
163,1992,3610
163,1993,3664
163,1994,3800
163,1995,2504
163,1996,2092
163,1997,1969
163,1998,1552
163,1999,1194
163,2000,1179
163,2001,1072
163,2002,1094
163,2003,1296
163,2004,1386
163,2005,1434
163,2006,1252
165,1992,5014
165,1993,5240
165,1994,5172
165,1995,4460
165,1996,3774
165,1997,3283
165,1998,2697
165,1999,2166
165,2000,2092
165,2001,1855
165,2002,1772
165,2003,1908
165,2004,2028
165,2005,1901
165,2006,1588
167,1992,5278
167,1993,6004
167,1994,6390
167,1995,5902
167,1996,4812
167,1997,4018
167,1998,2683
167,1999,2117
167,2000,2103
167,2001,2286
167,2002,2629
167,2003,3088
167,2004,3620
167,2005,2814
167,2006,2102
169,1992,5417
169,1993,6048
169,1994,6015
169,1995,5257
169,1996,4320
169,1997,3752
169,1998,3183
169,1999,2720
169,2000,2450
169,2001,2240
169,2002,2038
169,2003,2629
169,2004,2841
169,2005,2706
169,2006,2388
173,1992,3548
173,1993,3706
173,1994,3802
173,1995,3534
173,1996,3008
173,1997,2680
173,1998,2308
173,1999,1681
173,2000,1588
173,2001,1440
173,2002,1588
173,2003,1840
173,2004,2066
173,2005,2006
173,2006,1794
175,1992,3975
175,1993,4234
175,1994,4310
175,1995,3659
175,1996,3116
175,1997,2752
175,1998,2256
175,1999,1838
175,2000,1788
175,2001,1728
175,2002,1774
175,2003,2020
175,2004,2324
175,2005,1746
175,2006,1460
183,1992,3540
183,1993,4120
183,1994,4354
183,1995,3594
183,1996,2961
183,1997,2624
183,1998,1942
183,1999,1333
183,2000,1374
183,2001,1342
183,2002,1318
183,2003,1558
183,2004,1708
183,2005,1866
183,2006,1580
185,1992,3574
185,1993,4289
185,1994,4312
185,1995,4188
185,1996,3448
185,1997,3203
185,1998,2730
185,1999,2103
185,2000,2120
185,2001,1836
185,2002,1828
185,2003,2218
185,2004,2358
185,2005,2055
185,2006,1734
187,1992,964
187,1993,1092
187,1994,1148
187,1995,1076
187,1996,894
187,1997,770
187,1998,608
187,1999,492
187,2000,464
187,2001,451
187,2002,474
187,2003,556
187,2004,572
187,2005,530
187,2006,436
190,1992,2516
190,1993,2841
190,1994,2979
190,1995,2610
190,1996,2192
190,1997,1990
190,1998,1496
190,1999,1262
190,2000,1125
190,2001,1091
190,2002,1123
190,2003,1375
190,2004,1487
190,2005,1302
190,2006,1092
201,1992,1357
201,1993,1560
201,1994,1667
201,1995,1424
201,1996,1242
201,1997,1062
201,1998,822
201,1999,670
201,2000,610
201,2001,612
201,2002,658
201,2003,886
201,2004,864
201,2005,714
201,2006,542
210,1992,3443
210,1993,4064
210,1994,4132
210,1995,3693
210,1996,3118
210,1997,2704
210,1998,1927
210,1999,1655
210,2000,1490
210,2001,1415
210,2002,1488
210,2003,1760
210,2004,1804
210,2005,1670
210,2006,1323
217,1992,6463
217,1993,7426
217,1994,7708
217,1995,6894
217,1996,5875
217,1997,5016
217,1998,4134
217,1999,3313
217,2000,3048
217,2001,2860
217,2002,2736
217,2003,3157
217,2004,3199
217,2005,3052
217,2006,2252
219,1992,3737
219,1993,4176
219,1994,4074
219,1995,3518
219,1996,2924
219,1997,2674
219,1998,2156
219,1999,1992
219,2000,2088
219,2001,1766
219,2002,1650
219,2003,2278
219,2004,2309
219,2005,1959
219,2006,1686
223,1992,1376
223,1993,1556
223,1994,1606
223,1995,1450
223,1996,1192
223,1997,1126
223,1998,924
223,1999,804
223,2000,718
223,2001,718
223,2002,780
223,2003,950
223,2004,964
223,2005,791
223,2006,652
230,1992,3100
230,1993,3493
230,1994,3630
230,1995,3240
230,1996,2694
230,1997,2502
230,1998,2028
230,1999,1717
230,2000,1707
230,2001,1662
230,2002,1714
230,2003,2008
230,2004,2014
230,2005,1780
230,2006,1492
240,1992,3132
240,1993,3532
240,1994,3632
240,1995,3171
240,1996,2351
240,1997,2008
240,1998,1533
240,1999,1282
240,2000,1178
240,2001,1152
240,2002,1292
240,2003,1511
240,2004,1526
240,2005,1292
240,2006,973
250,1992,27417
250,1993,30820
250,1994,30487
250,1995,27724
250,1996,21821
250,1997,18355
250,1998,15235
250,1999,12520
250,2000,11745
250,2001,11146
250,2002,11608
250,2003,13594
250,2004,14048
250,2005,12201
250,2006,9511
253,1992,4539
253,1993,5333
253,1994,5514
253,1995,5104
253,1996,3906
253,1997,3097
253,1998,2377
253,1999,1934
253,2000,1931
253,2001,1904
253,2002,2038
253,2003,2478
253,2004,2670
253,2005,2384
253,2006,1890
259,1992,6138
259,1993,6837
259,1994,6632
259,1995,5664
259,1996,4638
259,1997,4191
259,1998,3517
259,1999,3011
259,2000,2575
259,2001,2431
259,2002,2380
259,2003,2748
259,2004,2946
259,2005,2559
259,2006,1887
260,1992,3881
260,1993,4388
260,1994,4732
260,1995,3888
260,1996,3066
260,1997,2563
260,1998,2004
260,1999,1670
260,2000,1452
260,2001,1424
260,2002,1533
260,2003,2013
260,2004,1815
260,2005,1573
260,2006,1185
265,1992,7589
265,1993,8293
265,1994,8049
265,1995,7755
265,1996,6056
265,1997,4702
265,1998,4035
265,1999,3302
265,2000,3144
265,2001,2975
265,2002,3195
265,2003,3602
265,2004,3542
265,2005,3116
265,2006,2502
269,1992,1952
269,1993,2230
269,1994,2223
269,1995,2032
269,1996,1579
269,1997,1352
269,1998,1092
269,1999,894
269,2000,902
269,2001,836
269,2002,856
269,2003,1006
269,2004,1068
269,2005,982
269,2006,828
270,1992,4510
270,1993,4861
270,1994,4902
270,1995,4060
270,1996,3218
270,1997,2793
270,1998,2248
270,1999,1874
270,2000,1736
270,2001,1684
270,2002,1744
270,2003,2170
270,2004,2216
270,2005,1882
270,2006,1396
306,1992,4326
306,1993,4693
306,1994,4588
306,1995,3929
306,1996,3075
306,1997,2575
306,1998,2164
306,1999,1711
306,2000,1697
306,2001,1715
306,2002,1701
306,2003,1897
306,2004,1937
306,2005,1809
306,2006,1438
316,1992,7996
316,1993,8487
316,1994,8350
316,1995,6973
316,1996,5492
316,1997,4966
316,1998,3958
316,1999,3468
316,2000,3673
316,2001,3514
316,2002,3188
316,2003,3677
316,2004,3881
316,2005,3405
316,2006,2712
320,1992,3567
320,1993,4053
320,1994,4160
320,1995,3248
320,1996,2617
320,1997,2432
320,1998,1937
320,1999,1782
320,2000,1665
320,2001,1628
320,2002,1646
320,2003,2030
320,2004,2010
320,2005,1658
320,2006,1352
326,1992,6682
326,1993,6922
326,1994,6618
326,1995,5488
326,1996,4769
326,1997,4436
326,1998,3803
326,1999,3172
326,2000,2806
326,2001,2417
326,2002,2418
326,2003,3257
326,2004,3186
326,2005,2862
326,2006,2139
329,1992,3196
329,1993,3454
329,1994,4064
329,1995,2972
329,1996,2328
329,1997,1997
329,1998,1621
329,1999,1545
329,2000,1375
329,2001,1364
329,2002,1336
329,2003,1863
329,2004,1966
329,2005,1660
329,2006,1274
330,1992,9490
330,1993,10175
330,1994,10327
330,1995,8943
330,1996,7775
330,1997,7284
330,1998,5862
330,1999,4947
330,2000,4782
330,2001,4432
330,2002,4605
330,2003,5935
330,2004,6194
330,2005,5428
330,2006,4403
336,1992,2249
336,1993,2546
336,1994,2560
336,1995,2194
336,1996,1876
336,1997,1764
336,1998,1523
336,1999,1289
336,2000,1250
336,2001,1318
336,2002,1279
336,2003,1254
336,2004,1278
336,2005,1097
336,2006,868
340,1992,2789
340,1993,3091
340,1994,2943
340,1995,2470
340,1996,2227
340,1997,1977
340,1998,1638
340,1999,1378
340,2000,1416
340,2001,1494
340,2002,1461
340,2003,1782
340,2004,1798
340,2005,1733
340,2006,1452
350,1992,35934
350,1993,39318
350,1994,39446
350,1995,33187
350,1996,28712
350,1997,26075
350,1998,22325
350,1999,19710
350,2000,17755
350,2001,17321
350,2002,16545
350,2003,18147
350,2004,17615
350,2005,15783
350,2006,12307
360,1992,7394
360,1993,8322
360,1994,8526
360,1995,7043
360,1996,6430
360,1997,5724
360,1998,4885
360,1999,4370
360,2000,4146
360,2001,3756
360,2002,3339
360,2003,3800
360,2004,3835
360,2005,3417
360,2006,2609
370,1992,9287
370,1993,10121
370,1994,9872
370,1995,8148
370,1996,6851
370,1997,6223
370,1998,5175
370,1999,4555
370,2000,3844
370,2001,3778
370,2002,3708
370,2003,4426
370,2004,4205
370,2005,3845
370,2006,3235
376,1992,8160
376,1993,8738
376,1994,9132
376,1995,7879
376,1996,6891
376,1997,6176
376,1998,5468
376,1999,4848
376,2000,4470
376,2001,4570
376,2002,4494
376,2003,4397
376,2004,4178
376,2005,3805
376,2006,2804
390,1992,6368
390,1993,6962
390,1994,6695
390,1995,5704
390,1996,4892
390,1997,4668
390,1998,4038
390,1999,3498
390,2000,3038
390,2001,3004
390,2002,2686
390,2003,3082
390,2004,2969
390,2005,2611
390,2006,1944
400,1992,5436
400,1993,6317
400,1994,5973
400,1995,5467
400,1996,5012
400,1997,5146
400,1998,4550
400,1999,4174
400,2000,3788
400,2001,3950
400,2002,3898
400,2003,4398
400,2004,4572
400,2005,3975
400,2006,3199
410,1992,3341
410,1993,3775
410,1994,3374
410,1995,2643
410,1996,2415
410,1997,2173
410,1998,1693
410,1999,1610
410,2000,1602
410,2001,1674
410,2002,1688
410,2003,1974
410,2004,1992
410,2005,1862
410,2006,1340
420,1992,67500
420,1993,74711
420,1994,73637
420,1995,56272
420,1996,45305
420,1997,40968
420,1998,34133
420,1999,34634
420,2000,33007
420,2001,31344
420,2002,30409
420,2003,36935
420,2004,37046
420,2005,32934
420,2006,25534
430,1992,5656
430,1993,6370
430,1994,6010
430,1995,4825
430,1996,4099
430,1997,3655
430,1998,3123
430,1999,3260
430,2000,3214
430,2001,3179
430,2002,2878
430,2003,3307
430,2004,3136
430,2005,2792
430,2006,2243
440,1992,2950
440,1993,3293
440,1994,3048
440,1995,2388
440,1996,2060
440,1997,1982
440,1998,1579
440,1999,1531
440,2000,1627
440,2001,1305
440,2002,1241
440,2003,1553
440,2004,1525
440,2005,1348
440,2006,970
450,1992,3205
450,1993,3745
450,1994,3627
450,1995,2844
450,1996,2501
450,1997,2294
450,1998,2022
450,1999,2104
450,2000,2086
450,2001,2111
450,2002,2244
450,2003,2013
450,2004,2085
450,2005,1890
450,2006,1369
461,1992,27568
461,1993,30310
461,1994,32040
461,1995,22982
461,1996,16926
461,1997,15038
461,1998,12727
461,1999,13454
461,2000,12062
461,2001,10872
461,2002,10152
461,2003,14208
461,2004,14808
461,2005,12703
461,2006,9659
479,1992,8015
479,1993,8746
479,1994,8781
479,1995,7585
479,1996,6308
479,1997,5852
479,1998,5098
479,1999,4730
479,2000,4660
479,2001,4523
479,2002,4369
479,2003,4733
479,2004,4334
479,2005,3750
479,2006,3111
480,1992,3452
480,1993,3757
480,1994,3572
480,1995,2881
480,1996,2595
480,1997,2363
480,1998,1830
480,1999,1856
480,2000,1843
480,2001,1801
480,2002,1691
480,2003,1976
480,2004,1920
480,2005,1825
480,2006,1369
482,1992,2152
482,1993,2304
482,1994,2284
482,1995,2044
482,1996,1603
482,1997,1450
482,1998,1327
482,1999,1357
482,2000,1347
482,2001,1313
482,2002,1347
482,2003,1439
482,2004,1469
482,2005,1474
482,2006,1238
492,1992,690
492,1993,868
492,1994,894
492,1995,763
492,1996,696
492,1997,642
492,1998,522
492,1999,500
492,2000,473
492,2001,480
492,2002,455
492,2003,467
492,2004,456
492,2005,425
492,2006,333
510,1992,8211
510,1993,8888
510,1994,8319
510,1995,6233
510,1996,5264
510,1997,4756
510,1998,3818
510,1999,3998
510,2000,3883
510,2001,4062
510,2002,4154
510,2003,5130
510,2004,4960
510,2005,4207
510,2006,3035
530,1992,3017
530,1993,3444
530,1994,2938
530,1995,2362
530,1996,2035
530,1997,1789
530,1998,1604
530,1999,1623
530,2000,1663
530,2001,1652
530,2002,1539
530,2003,1999
530,2004,1936
530,2005,1724
530,2006,1217
540,1992,8722
540,1993,8967
540,1994,8488
540,1995,5949
540,1996,5291
540,1997,5156
540,1998,3846
540,1999,3948
540,2000,3805
540,2001,3374
540,2002,3613
540,2003,4501
540,2004,4320
540,2005,3447
540,2006,2529
550,1992,28368
550,1993,31099
550,1994,28124
550,1995,21874
550,1996,19423
550,1997,17362
550,1998,14362
550,1999,13611
550,2000,13044
550,2001,13005
550,2002,12515
550,2003,14689
550,2004,14392
550,2005,12892
550,2006,8961
561,1992,14380
561,1993,15756
561,1994,14432
561,1995,11500
561,1996,10425
561,1997,9347
561,1998,7841
561,1999,7316
561,2000,6637
561,2001,6658
561,2002,6007
561,2003,7073
561,2004,6979
561,2005,6174
561,2006,4060
563,1992,316
563,1993,331
563,1994,328
563,1995,290
563,1996,275
563,1997,264
563,1998,214
563,1999,197
563,2000,185
563,2001,202
563,2002,216
563,2003,228
563,2004,206
563,2005,196
563,2006,146
573,1992,4855
573,1993,5347
573,1994,4582
573,1995,3590
573,1996,3149
573,1997,2741
573,1998,2200
573,1999,2038
573,2000,2050
573,2001,2034
573,2002,2131
573,2003,2391
573,2004,2253
573,2005,2012
573,2006,1451
575,1992,4029
575,1993,4453
575,1994,3945
575,1995,2686
575,1996,2393
575,1997,2142
575,1998,1718
575,1999,1596
575,2000,1534
575,2001,1591
575,2002,1587
575,2003,1911
575,2004,1842
575,2005,1718
575,2006,1111
580,1992,6824
580,1993,7499
580,1994,6954
580,1995,5527
580,1996,4877
580,1997,4603
580,1998,3971
580,1999,3624
580,2000,3508
580,2001,3319
580,2002,3327
580,2003,3993
580,2004,4074
580,2005,3654
580,2006,2582
607,1992,5992
607,1993,6512
607,1994,5770
607,1995,4594
607,1996,3842
607,1997,3422
607,1998,2930
607,1999,2748
607,2000,3164
607,2001,3736
607,2002,3123
607,2003,3774
607,2004,3703
607,2005,3119
607,2006,2139
615,1992,10035
615,1993,10819
615,1994,10431
615,1995,8068
615,1996,6986
615,1997,6301
615,1998,5510
615,1999,4846
615,2000,4060
615,2001,4224
615,2002,4275
615,2003,5078
615,2004,5619
615,2005,4653
615,2006,2799
621,1992,10434
621,1993,11655
621,1994,11235
621,1995,8291
621,1996,7265
621,1997,6781
621,1998,5708
621,1999,4761
621,2000,4282
621,2001,4326
621,2002,4447
621,2003,5488
621,2004,5471
621,2005,4726
621,2006,3421
630,1992,11142
630,1993,12453
630,1994,12335
630,1995,10055
630,1996,8347
630,1997,7737
630,1998,7026
630,1999,5779
630,2000,5703
630,2001,5899
630,2002,5672
630,2003,6551
630,2004,6910
630,2005,6141
630,2006,4633
657,1992,6686
657,1993,8025
657,1994,6940
657,1995,5633
657,1996,5537
657,1997,5022
657,1998,4035
657,1999,3444
657,2000,3434
657,2001,3628
657,2002,3590
657,2003,4196
657,2004,4485
657,2005,3961
657,2006,2934
661,1992,5083
661,1993,6100
661,1994,5885
661,1995,4152
661,1996,3441
661,1997,3075
661,1998,2543
661,1999,2382
661,2000,2408
661,2001,2305
661,2002,2313
661,2003,2658
661,2004,2907
661,2005,2477
661,2006,1735
665,1992,2638
665,1993,3048
665,1994,2642
665,1995,2004
665,1996,1718
665,1997,1528
665,1998,1208
665,1999,1072
665,2000,1035
665,2001,1018
665,2002,1022
665,2003,1150
665,2004,1233
665,2005,1121
665,2006,843
671,1992,2649
671,1993,3159
671,1994,2822
671,1995,2106
671,1996,1853
671,1997,1581
671,1998,1401
671,1999,1258
671,2000,1167
671,2001,1204
671,2002,1192
671,2003,1500
671,2004,1526
671,2005,1274
671,2006,866
706,1992,4663
706,1993,4990
706,1994,4757
706,1995,4019
706,1996,3484
706,1997,3270
706,1998,2772
706,1999,2344
706,2000,2445
706,2001,2324
706,2002,2392
706,2003,2881
706,2004,2958
706,2005,2702
706,2006,2136
707,1992,5493
707,1993,6236
707,1994,6062
707,1995,5122
707,1996,4426
707,1997,4024
707,1998,3163
707,1999,3099
707,2000,3273
707,2001,3057
707,2002,3101
707,2003,3602
707,2004,3422
707,2005,2950
707,2006,2213
710,1992,4916
710,1993,5433
710,1994,4943
710,1995,3996
710,1996,3703
710,1997,3446
710,1998,2928
710,1999,2594
710,2000,2645
710,2001,2541
710,2002,2585
710,2003,2820
710,2004,2737
710,2005,2518
710,2006,1857
727,1992,1964
727,1993,2266
727,1994,2096
727,1995,1858
727,1996,1780
727,1997,1753
727,1998,1378
727,1999,1105
727,2000,1060
727,2001,1053
727,2002,1036
727,2003,1227
727,2004,1220
727,2005,1062
727,2006,792
730,1992,14722
730,1993,16521
730,1994,15944
730,1995,11773
730,1996,10325
730,1997,9462
730,1998,8534
730,1999,7590
730,2000,7335
730,2001,7029
730,2002,7178
730,2003,8145
730,2004,7962
730,2005,6834
730,2006,4874
740,1992,9289
740,1993,10243
740,1994,9798
740,1995,8011
740,1996,7088
740,1997,6239
740,1998,4848
740,1999,4110
740,2000,4327
740,2001,4278
740,2002,4394
740,2003,5383
740,2004,5281
740,2005,4546
740,2006,3476
741,1992,487
741,1993,496
741,1994,466
741,1995,435
741,1996,408
741,1997,412
741,1998,380
741,1999,344
741,2000,364
741,2001,361
741,2002,336
741,2003,440
741,2004,450
741,2005,354
741,2006,254
746,1992,6209
746,1993,6908
746,1994,6618
746,1995,5663
746,1996,4913
746,1997,4567
746,1998,3742
746,1999,3148
746,2000,3086
746,2001,2959
746,2002,2917
746,2003,3275
746,2004,3326
746,2005,2951
746,2006,2223
751,1992,36427
751,1993,39340
751,1994,39481
751,1995,33828
751,1996,29366
751,1997,26780
751,1998,23488
751,1999,20437
751,2000,20122
751,2001,18734
751,2002,19092
751,2003,21854
751,2004,23750
751,2005,20332
751,2006,15612
756,1992,3624
756,1993,4274
756,1994,3729
756,1995,3140
756,1996,3052
756,1997,2982
756,1998,2400
756,1999,1896
756,2000,1901
756,2001,1972
756,2002,2040
756,2003,2398
756,2004,2639
756,2005,2491
756,2006,1726
760,1992,27883
760,1993,31412
760,1994,27744
760,1995,22288
760,1996,20723
760,1997,18373
760,1998,14995
760,1999,13355
760,2000,13455
760,2001,12489
760,2002,12404
760,2003,14284
760,2004,14472
760,2005,13599
760,2006,10586
766,1992,3923
766,1993,4622
766,1994,3946
766,1995,3095
766,1996,2740
766,1997,2619
766,1998,2222
766,1999,1857
766,2000,1690
766,2001,1796
766,2002,1787
766,2003,2107
766,2004,2268
766,2005,1902
766,2006,1248
773,1992,2550
773,1993,2778
773,1994,2438
773,1995,2094
773,1996,2064
773,1997,1806
773,1998,1324
773,1999,1093
773,2000,1080
773,2001,1032
773,2002,1013
773,2003,1038
773,2004,1059
773,2005,1130
773,2006,982
779,1992,5119
779,1993,5571
779,1994,4724
779,1995,3780
779,1996,3410
779,1997,2932
779,1998,2566
779,1999,2307
779,2000,2338
779,2001,2267
779,2002,2295
779,2003,2744
779,2004,2786
779,2005,2613
779,2006,2049
787,1992,4810
787,1993,5259
787,1994,4628
787,1995,3659
787,1996,3574
787,1997,3038
787,1998,2274
787,1999,1923
787,2000,2062
787,2001,1882
787,2002,1760
787,2003,1904
787,2004,2102
787,2005,1964
787,2006,1354
791,1992,8729
791,1993,10073
791,1994,9479
791,1995,7647
791,1996,6812
791,1997,6147
791,1998,5076
791,1999,4683
791,2000,4617
791,2001,4351
791,2002,4403
791,2003,4970
791,2004,4761
791,2005,4458
791,2006,3617
810,1992,5136
810,1993,5387
810,1994,5113
810,1995,4486
810,1996,3718
810,1997,3259
810,1998,2848
810,1999,2586
810,2000,2786
810,2001,2718
810,2002,2665
810,2003,2854
810,2004,2996
810,2005,2641
810,2006,2210
813,1992,11001
813,1993,12256
813,1994,12793
813,1995,11072
813,1996,9382
813,1997,8137
813,1998,7214
813,1999,6353
813,2000,6396
813,2001,6081
813,2002,5605
813,2003,6508
813,2004,6355
813,2005,5530
813,2006,4300
820,1992,4823
820,1993,5127
820,1994,4541
820,1995,3738
820,1996,3281
820,1997,2928
820,1998,2388
820,1999,2217
820,2000,2248
820,2001,2281
820,2002,2269
820,2003,2459
820,2004,2448
820,2005,2242
820,2006,1778
825,1992,543
825,1993,580
825,1994,572
825,1995,574
825,1996,472
825,1997,411
825,1998,360
825,1999,310
825,2000,271
825,2001,288
825,2002,276
825,2003,330
825,2004,290
825,2005,255
825,2006,206
840,1992,3575
840,1993,3908
840,1994,3513
840,1995,2963
840,1996,2465
840,1997,2211
840,1998,1758
840,1999,1634
840,2000,1637
840,2001,1602
840,2002,1549
840,2003,1834
840,2004,1998
840,2005,1796
840,2006,1404
846,1992,7715
846,1993,8443
846,1994,7862
846,1995,6418
846,1996,5409
846,1997,4880
846,1998,4088
846,1999,3648
846,2000,3260
846,2001,3160
846,2002,3145
846,2003,3567
846,2004,3700
846,2005,3307
846,2006,2570
849,1992,6250
849,1993,6449
849,1994,6299
849,1995,5216
849,1996,4142
849,1997,3545
849,1998,2930
849,1999,2552
849,2000,2714
849,2001,2866
849,2002,2767
849,2003,3236
849,2004,3692
849,2005,3202
849,2006,2552
851,1992,29654
851,1993,32020
851,1994,30527
851,1995,25350
851,1996,20709
851,1997,18246
851,1998,15901
851,1999,13538
851,2000,13475
851,2001,13591
851,2002,12663
851,2003,15261
851,2004,17973
851,2005,17250
851,2006,14786
860,1992,9994
860,1993,10780
860,1994,10343
860,1995,8771
860,1996,7248
860,1997,6484
860,1998,5892
860,1999,5269
860,2000,5262
860,2001,5157
860,2002,4869
860,2003,5663
860,2004,5926
860,2005,5666
860,2006,4911
101,2007,16752
147,2007,2051
151,2007,564
153,2007,567
155,2007,152
157,2007,926
159,2007,1031
161,2007,370
163,2007,472
165,2007,674
167,2007,753
169,2007,971
173,2007,585
175,2007,598
183,2007,656
185,2007,738
187,2007,173
190,2007,555
201,2007,193
210,2007,588
217,2007,980
219,2007,530
223,2007,221
230,2007,585
240,2007,323
250,2007,479
253,2007,606
259,2007,928
260,2007,459
265,2007,970
269,2007,287
270,2007,538
306,2007,546
316,2007,1161
320,2007,560
326,2007,910
329,2007,530
330,2007,1762
336,2007,370
340,2007,448
350,2007,271
360,2007,1279
370,2007,1459
376,2007,1191
390,2007,963
400,2007,1446
410,2007,539
420,2007,768
430,2007,894
440,2007,419
450,2007,521
461,2007,4578
479,2007,1317
480,2007,566
482,2007,313
492,2007,115
510,2007,942
530,2007,261
540,2007,1081
550,2007,705
561,2007,1558
563,2007,44
573,2007,487
575,2007,401
580,2007,1119
607,2007,836
615,2007,949
621,2007,1186
630,2007,1228
657,2007,1022
661,2007,644
665,2007,334
671,2007,314
706,2007,768
707,2007,817
710,2007,537
727,2007,307
730,2007,1567
740,2007,1288
741,2007,98
746,2007,704
751,2007,6131
756,2007,624
760,2007,532
766,2007,373
773,2007,323
779,2007,590
787,2007,504
791,2007,1105
810,2007,856
813,2007,1756
820,2007,624
825,2007,85
840,2007,488
846,2007,702
849,2007,949
851,2007,5047
860,2007,1699
101,2008,12802
147,2008,1499
151,2008,436
153,2008,415
155,2008,108
157,2008,607
159,2008,741
161,2008,243
163,2008,326
165,2008,508
167,2008,544
169,2008,728
173,2008,390
175,2008,437
183,2008,513
185,2008,575
187,2008,138
190,2008,360
201,2008,136
210,2008,387
217,2008,757
219,2008,365
223,2008,157
230,2008,346
240,2008,235
250,2008,395
253,2008,436
259,2008,740
260,2008,373
265,2008,671
269,2008,214
270,2008,379
306,2008,411
316,2008,840
320,2008,431
326,2008,543
329,2008,382
330,2008,1283
336,2008,257
340,2008,354
350,2008,202
360,2008,889
370,2008,1187
376,2008,872
390,2008,747
400,2008,1138
410,2008,327
420,2008,561
430,2008,653
440,2008,309
450,2008,388
461,2008,3390
479,2008,843
480,2008,416
482,2008,190
492,2008,72
510,2008,604
530,2008,172
540,2008,768
550,2008,453
561,2008,1156
563,2008,29
573,2008,340
575,2008,253
580,2008,808
607,2008,628
615,2008,798
621,2008,822
630,2008,849
657,2008,709
661,2008,516
665,2008,214
671,2008,260
706,2008,504
707,2008,527
710,2008,398
727,2008,211
730,2008,1053
740,2008,834
741,2008,66
746,2008,447
751,2008,4114
756,2008,500
760,2008,429
766,2008,248
773,2008,292
779,2008,519
787,2008,417
791,2008,779
810,2008,604
813,2008,1127
820,2008,463
825,2008,61
840,2008,312
846,2008,529
849,2008,614
851,2008,3507
860,2008,1110
101,2009,18184
147,2009,2172
151,2009,796
153,2009,759
155,2009,182
157,2009,899
159,2009,1232
161,2009,499
163,2009,574
165,2009,795
167,2009,981
169,2009,1228
173,2009,658
175,2009,749
183,2009,755
185,2009,961
187,2009,270
190,2009,566
201,2009,261
210,2009,662
217,2009,1306
219,2009,772
223,2009,281
230,2009,611
240,2009,521
250,2009,814
253,2009,801
259,2009,1350
260,2009,766
265,2009,1308
269,2009,376
270,2009,694
306,2009,749
316,2009,1497
320,2009,853
326,2009,1024
329,2009,726
330,2009,2051
336,2009,500
340,2009,578
350,2009,391
360,2009,1375
370,2009,2102
376,2009,1439
390,2009,1172
400,2009,1358
410,2009,762
420,2009,1192
430,2009,1250
440,2009,604
450,2009,742
461,2009,5260
479,2009,1304
480,2009,803
482,2009,279
492,2009,111
510,2009,1193
530,2009,428
540,2009,1812
550,2009,933
561,2009,2270
563,2009,50
573,2009,831
575,2009,776
580,2009,1454
607,2009,1258
615,2009,2056
621,2009,1907
630,2009,2036
657,2009,1784
661,2009,1259
665,2009,446
671,2009,577
706,2009,853
707,2009,906
710,2009,926
727,2009,441
730,2009,2439
740,2009,1889
741,2009,82
746,2009,993
751,2009,6777
756,2009,1125
760,2009,1151
766,2009,934
773,2009,622
779,2009,1330
787,2009,906
791,2009,1954
810,2009,1043
813,2009,1859
820,2009,990
825,2009,70
840,2009,725
846,2009,1127
849,2009,1049
851,2009,5416
860,2009,1935
101,2010,22121
147,2010,2947
151,2010,1024
153,2010,1063
155,2010,236
157,2010,1197
159,2010,1704
161,2010,684
163,2010,746
165,2010,1002
167,2010,1341
169,2010,1678
173,2010,927
175,2010,989
183,2010,1002
185,2010,1207
187,2010,366
190,2010,764
201,2010,336
210,2010,826
217,2010,1594
219,2010,1089
223,2010,346
230,2010,819
240,2010,749
250,2010,1031
253,2010,1144
259,2010,1746
260,2010,1010
265,2010,1753
269,2010,483
270,2010,982
306,2010,1037
316,2010,1893
320,2010,1081
326,2010,1462
329,2010,955
330,2010,2792
336,2010,641
340,2010,787
350,2010,517
360,2010,1725
370,2010,2596
376,2010,1777
390,2010,1358
400,2010,1461
410,2010,954
420,2010,1478
430,2010,1557
440,2010,818
450,2010,939
461,2010,6549
479,2010,1705
480,2010,1049
482,2010,387
492,2010,125
510,2010,1669
530,2010,517
540,2010,2143
550,2010,1103
561,2010,2972
563,2010,63
573,2010,1111
575,2010,1102
580,2010,1866
607,2010,1594
615,2010,2747
621,2010,2595
630,2010,2691
657,2010,2277
661,2010,1489
665,2010,496
671,2010,641
706,2010,1132
707,2010,1119
710,2010,1102
727,2010,533
730,2010,3062
740,2010,2392
741,2010,118
746,2010,1188
751,2010,8050
756,2010,1355
760,2010,1505
766,2010,1160
773,2010,785
779,2010,1539
787,2010,1148
791,2010,2406
810,2010,1135
813,2010,2251
820,2010,1134
825,2010,70
840,2010,857
846,2010,1292
849,2010,1136
851,2010,6255
860,2010,2240
101,2011,22250
147,2011,3001
151,2011,1127
153,2011,1058
155,2011,231
157,2011,1273
159,2011,1691
161,2011,719
163,2011,746
165,2011,1032
167,2011,1323
169,2011,1761
173,2011,1013
175,2011,1056
183,2011,1012
185,2011,1189
187,2011,361
190,2011,736
201,2011,352
210,2011,853
217,2011,1559
219,2011,1082
223,2011,339
230,2011,863
240,2011,781
250,2011,1091
253,2011,1076
259,2011,1774
260,2011,977
265,2011,1778
269,2011,459
270,2011,972
306,2011,965
316,2011,1761
320,2011,1064
326,2011,1384
329,2011,959
330,2011,2886
336,2011,617
340,2011,811
350,2011,498
360,2011,1753
370,2011,2562
376,2011,1810
390,2011,1234
400,2011,1297
410,2011,872
420,2011,1362
430,2011,1531
440,2011,886
450,2011,980
461,2011,6782
479,2011,1775
480,2011,1006
482,2011,412
492,2011,114
510,2011,1557
530,2011,465
540,2011,1931
550,2011,1078
561,2011,2855
563,2011,59
573,2011,1002
575,2011,926
580,2011,1751
607,2011,1556
615,2011,2451
621,2011,2364
630,2011,2571
657,2011,2209
661,2011,1403
665,2011,476
671,2011,616
706,2011,1038
707,2011,1032
710,2011,1007
727,2011,491
730,2011,2784
740,2011,2394
741,2011,99
746,2011,1091
751,2011,8179
756,2011,1207
760,2011,1337
766,2011,901
773,2011,688
779,2011,1299
787,2011,1014
791,2011,2290
810,2011,1024
813,2011,1987
820,2011,1071
825,2011,74
840,2011,732
846,2011,1108
849,2011,1033
851,2011,6168
860,2011,2143
101,2012,22998
147,2012,3104
151,2012,1240
153,2012,1141
155,2012,237
157,2012,1348
159,2012,1751
161,2012,696
163,2012,824
165,2012,1075
167,2012,1393
169,2012,1814
173,2012,1017
175,2012,1055
183,2012,1061
185,2012,1185
187,2012,389
190,2012,745
201,2012,339
210,2012,833
217,2012,1584
219,2012,1051
223,2012,366
230,2012,873
240,2012,808
250,2012,1112
253,2012,1110
259,2012,1763
260,2012,978
265,2012,1829
269,2012,461
270,2012,935
306,2012,933
316,2012,1696
320,2012,1105
326,2012,1444
329,2012,995
330,2012,2910
336,2012,619
340,2012,800
350,2012,496
360,2012,1723
370,2012,2559
376,2012,1724
390,2012,1230
400,2012,1283
410,2012,895
420,2012,1357
430,2012,1531
440,2012,901
450,2012,939
461,2012,7076
479,2012,1834
480,2012,958
482,2012,403
492,2012,128
510,2012,1635
530,2012,498
540,2012,2001
550,2012,1022
561,2012,3001
563,2012,60
573,2012,1000
575,2012,961
580,2012,1841
607,2012,1610
615,2012,2377
621,2012,2383
630,2012,2671
657,2012,2299
661,2012,1349
665,2012,469
671,2012,630
706,2012,1015
707,2012,1090
710,2012,1035
727,2012,484
730,2012,2756
740,2012,2369
741,2012,95
746,2012,1079
751,2012,8728
756,2012,1101
760,2012,1214
766,2012,903
773,2012,581
779,2012,1199
787,2012,957
791,2012,2303
810,2012,966
813,2012,1844
820,2012,1008
825,2012,66
840,2012,635
846,2012,1126
849,2012,1072
851,2012,6125
860,2012,2094
101,2013,22471
147,2013,3029
151,2013,1320
153,2013,1204
155,2013,226
157,2013,1294
159,2013,1819
161,2013,694
163,2013,835
165,2013,1032
167,2013,1330
169,2013,1800
173,2013,986
175,2013,1043
183,2013,1089
185,2013,1184
187,2013,400
190,2013,738
201,2013,304
210,2013,827
217,2013,1515
219,2013,974
223,2013,336
230,2013,834
240,2013,780
250,2013,1141
253,2013,1056
259,2013,1622
260,2013,902
265,2013,1787
269,2013,425
270,2013,941
306,2013,855
316,2013,1537
320,2013,995
326,2013,1354
329,2013,956
330,2013,2544
336,2013,591
340,2013,765
350,2013,441
360,2013,1526
370,2013,2408
376,2013,1751
390,2013,1075
400,2013,1179
410,2013,794
420,2013,1208
430,2013,1363
440,2013,701
450,2013,829
461,2013,6532
479,2013,1704
480,2013,800
482,2013,369
492,2013,130
510,2013,1447
530,2013,482
540,2013,1948
550,2013,1037
561,2013,2976
563,2013,57
573,2013,974
575,2013,969
580,2013,1687
607,2013,1462
615,2013,2295
621,2013,2256
630,2013,2642
657,2013,2160
661,2013,1167
665,2013,420
671,2013,573
706,2013,909
707,2013,978
710,2013,960
727,2013,438
730,2013,2605
740,2013,2136
741,2013,97
746,2013,946
751,2013,8746
756,2013,1099
760,2013,1226
766,2013,869
773,2013,484
779,2013,968
787,2013,857
791,2013,2048
810,2013,871
813,2013,1587
820,2013,1005
825,2013,62
840,2013,588
846,2013,1072
849,2013,952
851,2013,5885
860,2013,1778
101,2014,19815
147,2014,2776
151,2014,1145
153,2014,1044
155,2014,210
157,2014,1203
159,2014,1652
161,2014,624
163,2014,731
165,2014,905
167,2014,1201
169,2014,1626
173,2014,870
175,2014,946
183,2014,979
185,2014,1078
187,2014,354
190,2014,721
201,2014,277
210,2014,755
217,2014,1379
219,2014,868
223,2014,314
230,2014,761
240,2014,670
250,2014,926
253,2014,973
259,2014,1415
260,2014,723
265,2014,1634
269,2014,366
270,2014,738
306,2014,787
316,2014,1342
320,2014,835
326,2014,1071
329,2014,770
330,2014,2212
336,2014,497
340,2014,633
350,2014,398
360,2014,1215
370,2014,2016
376,2014,1456
390,2014,1019
400,2014,1042
410,2014,614
420,2014,961
430,2014,1122
440,2014,522
450,2014,702
461,2014,5773
479,2014,1431
480,2014,652
482,2014,289
492,2014,106
510,2014,1215
530,2014,436
540,2014,1543
550,2014,825
561,2014,2435
563,2014,54
573,2014,732
575,2014,786
580,2014,1364
607,2014,1247
615,2014,1842
621,2014,1956
630,2014,2226
657,2014,1758
661,2014,950
665,2014,308
671,2014,458
706,2014,746
707,2014,851
710,2014,794
727,2014,346
730,2014,2389
740,2014,1852
741,2014,89
746,2014,849
751,2014,7869
756,2014,907
760,2014,935
766,2014,730
773,2014,419
779,2014,746
787,2014,767
791,2014,1817
810,2014,749
813,2014,1448
820,2014,881
825,2014,52
840,2014,542
846,2014,950
849,2014,804
851,2014,5970
860,2014,1554
101,2015,17726
147,2015,2563
151,2015,969
153,2015,968
155,2015,194
157,2015,1082
159,2015,1487
161,2015,590
163,2015,613
165,2015,846
167,2015,1102
169,2015,1540
173,2015,800
175,2015,921
183,2015,920
185,2015,940
187,2015,313
190,2015,668
201,2015,248
210,2015,698
217,2015,1265
219,2015,793
223,2015,301
230,2015,698
240,2015,578
250,2015,829
253,2015,868
259,2015,1186
260,2015,621
265,2015,1596
269,2015,330
270,2015,686
306,2015,713
316,2015,1293
320,2015,753
326,2015,960
329,2015,690
330,2015,2096
336,2015,423
340,2015,583
350,2015,384
360,2015,1053
370,2015,1909
376,2015,1341
390,2015,975
400,2015,938
410,2015,519
420,2015,921
430,2015,1031
440,2015,498
450,2015,617
461,2015,5616
479,2015,1292
480,2015,660
482,2015,260
492,2015,93
510,2015,1070
530,2015,396
540,2015,1403
550,2015,671
561,2015,2370
563,2015,57
573,2015,712
575,2015,705
580,2015,1229
607,2015,1141
615,2015,1683
621,2015,1820
630,2015,2044
657,2015,1585
661,2015,891
665,2015,263
671,2015,391
706,2015,655
707,2015,731
710,2015,688
727,2015,307
730,2015,2123
740,2015,1720
741,2015,78
746,2015,761
751,2015,7344
756,2015,829
760,2015,803
766,2015,678
773,2015,354
779,2015,699
787,2015,719
791,2015,1680
810,2015,725
813,2015,1381
820,2015,822
825,2015,50
840,2015,496
846,2015,879
849,2015,790
851,2015,5901
860,2015,1442
101,2016,16519
147,2016,2421
151,2016,899
153,2016,889
155,2016,168
157,2016,978
159,2016,1316
161,2016,554
163,2016,527
165,2016,804
167,2016,1017
169,2016,1378
173,2016,732
175,2016,856
183,2016,823
185,2016,770
187,2016,294
190,2016,552
201,2016,243
210,2016,610
217,2016,1116
219,2016,752
223,2016,263
230,2016,655
240,2016,588
250,2016,710
253,2016,787
259,2016,1050
260,2016,604
265,2016,1582
269,2016,292
270,2016,639
306,2016,668
316,2016,1167
320,2016,725
326,2016,879
329,2016,687
330,2016,1688
336,2016,359
340,2016,502
350,2016,407
360,2016,928
370,2016,1799
376,2016,1172
390,2016,879
400,2016,759
410,2016,563
420,2016,920
430,2016,983
440,2016,464
450,2016,560
461,2016,5469
479,2016,1175
480,2016,586
482,2016,231
492,2016,91
510,2016,944
530,2016,329
540,2016,1344
550,2016,554
561,2016,2075
563,2016,53
573,2016,626
575,2016,643
580,2016,1051
607,2016,1099
615,2016,1635
621,2016,1626
630,2016,1816
657,2016,1441
661,2016,879
665,2016,285
671,2016,332
706,2016,596
707,2016,678
710,2016,613
727,2016,312
730,2016,1912
740,2016,1545
741,2016,72
746,2016,696
751,2016,7119
756,2016,705
760,2016,657
766,2016,563
773,2016,295
779,2016,615
787,2016,621
791,2016,1473
810,2016,659
813,2016,1326
820,2016,722
825,2016,46
840,2016,480
846,2016,777
849,2016,657
851,2016,5383
860,2016,1283
101,2017,16636
147,2017,2296
151,2017,859
153,2017,942
155,2017,187
157,2017,1138
159,2017,1297
161,2017,511
163,2017,533
165,2017,721
167,2017,1023
169,2017,1243
173,2017,803
175,2017,918
183,2017,754
185,2017,757
187,2017,289
190,2017,587
201,2017,313
210,2017,635
217,2017,1251
219,2017,826
223,2017,321
230,2017,785
240,2017,644
250,2017,779
253,2017,797
259,2017,1122
260,2017,598
265,2017,1514
269,2017,299
270,2017,650
306,2017,724
316,2017,1223
320,2017,742
326,2017,984
329,2017,681
330,2017,1663
336,2017,407
340,2017,519
350,2017,418
360,2017,953
370,2017,1909
376,2017,1280
390,2017,905
400,2017,768
410,2017,549
420,2017,797
430,2017,990
440,2017,487
450,2017,624
461,2017,5358
479,2017,1215
480,2017,672
482,2017,273
492,2017,108
510,2017,977
530,2017,354
540,2017,1312
550,2017,605
561,2017,2126
563,2017,68
573,2017,666
575,2017,624
580,2017,1055
607,2017,1105
615,2017,1581
621,2017,1670
630,2017,1919
657,2017,1549
661,2017,883
665,2017,324
671,2017,352
706,2017,690
707,2017,775
710,2017,650
727,2017,373
730,2017,1949
740,2017,1632
741,2017,83
746,2017,784
751,2017,7451
756,2017,786
760,2017,698
766,2017,567
773,2017,328
779,2017,700
787,2017,674
791,2017,1551
810,2017,712
813,2017,1391
820,2017,761
825,2017,41
840,2017,538
846,2017,812
849,2017,652
851,2017,5565
860,2017,1469
101,2018,15568
147,2018,2192
151,2018,796
153,2018,944
155,2018,174
157,2018,1065
159,2018,1235
161,2018,487
163,2018,474
165,2018,692
167,2018,917
169,2018,1155
173,2018,725
175,2018,910
183,2018,717
185,2018,725
187,2018,280
190,2018,506
201,2018,268
210,2018,585
217,2018,1142
219,2018,748
223,2018,320
230,2018,686
240,2018,596
250,2018,701
253,2018,696
259,2018,1012
260,2018,534
265,2018,1368
269,2018,268
270,2018,523
306,2018,634
316,2018,1141
320,2018,701
326,2018,865
329,2018,618
330,2018,1592
336,2018,402
340,2018,520
350,2018,357
360,2018,852
370,2018,1680
376,2018,1189
390,2018,930
400,2018,716
410,2018,536
420,2018,696
430,2018,906
440,2018,445
450,2018,530
461,2018,4657
479,2018,1096
480,2018,589
482,2018,246
492,2018,84
510,2018,911
530,2018,337
540,2018,1172
550,2018,559
561,2018,2032
563,2018,62
573,2018,665
575,2018,566
580,2018,956
607,2018,1017
615,2018,1464
621,2018,1521
630,2018,1782
657,2018,1518
661,2018,734
665,2018,257
671,2018,329
706,2018,657
707,2018,758
710,2018,591
727,2018,331
730,2018,1834
740,2018,1448
741,2018,81
746,2018,718
751,2018,7564
756,2018,701
760,2018,699
766,2018,565
773,2018,304
779,2018,625
787,2018,630
791,2018,1420
810,2018,670
813,2018,1224
820,2018,693
825,2018,45
840,2018,449
846,2018,770
849,2018,610
851,2018,5386
860,2018,1275
101,2019,15709
147,2019,2105
151,2019,780
153,2019,927
155,2019,175
157,2019,1036
159,2019,1124
161,2019,459
163,2019,413
165,2019,650
167,2019,911
169,2019,1103
173,2019,736
175,2019,876
183,2019,658
185,2019,657
187,2019,262
190,2019,488
201,2019,263
210,2019,541
217,2019,1085
219,2019,657
223,2019,277
230,2019,666
240,2019,591
250,2019,607
253,2019,704
259,2019,943
260,2019,468
265,2019,1284
269,2019,261
270,2019,500
306,2019,549
316,2019,1016
320,2019,612
326,2019,766
329,2019,567
330,2019,1515
336,2019,360
340,2019,494
350,2019,338
360,2019,763
370,2019,1488
376,2019,1126
390,2019,882
400,2019,645
410,2019,521
420,2019,666
430,2019,843
440,2019,402
450,2019,523
461,2019,4468
479,2019,1043
480,2019,568
482,2019,211
492,2019,90
510,2019,883
530,2019,316
540,2019,1172
550,2019,563
561,2019,1832
563,2019,56
573,2019,604
575,2019,545
580,2019,893
607,2019,1014
615,2019,1489
621,2019,1557
630,2019,1746
657,2019,1427
661,2019,753
665,2019,245
671,2019,345
706,2019,626
707,2019,719
710,2019,574
727,2019,305
730,2019,1758
740,2019,1425
741,2019,69
746,2019,709
751,2019,7740
756,2019,629
760,2019,695
766,2019,569
773,2019,269
779,2019,532
787,2019,649
791,2019,1422
810,2019,610
813,2019,1084
820,2019,656
825,2019,41
840,2019,446
846,2019,736
849,2019,564
851,2019,5105
860,2019,1170
101,2020,20805
147,2020,2630
151,2020,1002
153,2020,1218
155,2020,239
157,2020,1305
159,2020,1418
161,2020,588
163,2020,558
165,2020,767
167,2020,1200
169,2020,1466
173,2020,918
175,2020,1163
183,2020,813
185,2020,896
187,2020,352
190,2020,669
201,2020,372
210,2020,688
217,2020,1325
219,2020,847
223,2020,380
230,2020,826
240,2020,720
250,2020,765
253,2020,910
259,2020,1144
260,2020,568
265,2020,1645
269,2020,385
270,2020,641
306,2020,630
316,2020,1259
320,2020,747
326,2020,921
329,2020,698
330,2020,1860
336,2020,433
340,2020,618
350,2020,465
360,2020,913
370,2020,1800
376,2020,1329
390,2020,979
400,2020,911
410,2020,648
420,2020,828
430,2020,1064
440,2020,490
450,2020,695
461,2020,5417
479,2020,1344
480,2020,697
482,2020,280
492,2020,91
510,2020,1084
530,2020,463
540,2020,1472
550,2020,660
561,2020,2360
563,2020,70
573,2020,794
575,2020,698
580,2020,1064
607,2020,1224
615,2020,1954
621,2020,1956
630,2020,2357
657,2020,1734
661,2020,953
665,2020,309
671,2020,398
706,2020,793
707,2020,751
710,2020,778
727,2020,397
730,2020,2168
740,2020,1811
741,2020,71
746,2020,967
751,2020,9801
756,2020,790
760,2020,861
766,2020,754
773,2020,346
779,2020,630
787,2020,810
791,2020,1748
810,2020,771
813,2020,1352
820,2020,808
825,2020,60
840,2020,610
846,2020,901
849,2020,734
851,2020,6259
860,2020,1471
101,2021,18202
147,2021,2284
151,2021,830
153,2021,1074
155,2021,225
157,2021,1107
159,2021,1148
161,2021,501
163,2021,485
165,2021,686
167,2021,1053
169,2021,1381
173,2021,836
175,2021,975
183,2021,734
185,2021,919
187,2021,305
190,2021,546
201,2021,281
210,2021,576
217,2021,1014
219,2021,740
223,2021,338
230,2021,694
240,2021,595
250,2021,601
253,2021,770
259,2021,994
260,2021,482
265,2021,1416
269,2021,301
270,2021,493
306,2021,500
316,2021,993
320,2021,605
326,2021,735
329,2021,548
330,2021,1526
336,2021,367
340,2021,472
350,2021,388
360,2021,710
370,2021,1421
376,2021,1034
390,2021,755
400,2021,608
410,2021,512
420,2021,549
430,2021,788
440,2021,366
450,2021,491
461,2021,4265
479,2021,992
480,2021,505
482,2021,224
492,2021,72
510,2021,792
530,2021,355
540,2021,999
550,2021,469
561,2021,1787
563,2021,62
573,2021,579
575,2021,473
580,2021,768
607,2021,976
615,2021,1444
621,2021,1411
630,2021,1797
657,2021,1230
661,2021,660
665,2021,232
671,2021,297
706,2021,673
707,2021,600
710,2021,629
727,2021,325
730,2021,1711
740,2021,1365
741,2021,59
746,2021,727
751,2021,7965
756,2021,580
760,2021,610
766,2021,540
773,2021,229
779,2021,421
787,2021,521
791,2021,1328
810,2021,610
813,2021,1156
820,2021,572
825,2021,49
840,2021,457
846,2021,652
849,2021,574
851,2021,4980
860,2021,1157
101,2022,12623
147,2022,1658
151,2022,538
153,2022,744
155,2022,133
157,2022,780
159,2022,720
161,2022,373
163,2022,315
165,2022,441
167,2022,726
169,2022,991
173,2022,584
175,2022,698
183,2022,544
185,2022,566
187,2022,211
190,2022,387
201,2022,186
210,2022,382
217,2022,722
219,2022,530
223,2022,223
230,2022,476
240,2022,402
250,2022,426
253,2022,539
259,2022,694
260,2022,313
265,2022,1026
269,2022,220
270,2022,318
306,2022,338
316,2022,711
320,2022,454
326,2022,560
329,2022,452
330,2022,1083
336,2022,276
340,2022,353
350,2022,291
360,2022,498
370,2022,1100
376,2022,724
390,2022,566
400,2022,393
410,2022,344
420,2022,404
430,2022,527
440,2022,251
450,2022,349
461,2022,3183
479,2022,750
480,2022,373
482,2022,156
492,2022,42
510,2022,600
530,2022,188
540,2022,701
550,2022,296
561,2022,1297
563,2022,38
573,2022,406
575,2022,300
580,2022,572
607,2022,639
615,2022,1060
621,2022,1045
630,2022,1254
657,2022,794
661,2022,457
665,2022,193
671,2022,216
706,2022,466
707,2022,431
710,2022,457
727,2022,224
730,2022,1262
740,2022,989
741,2022,47
746,2022,547
751,2022,5796
756,2022,384
760,2022,426
766,2022,362
773,2022,180
779,2022,324
787,2022,361
791,2022,1068
810,2022,474
813,2022,877
820,2022,402
825,2022,35
840,2022,331
846,2022,447
849,2022,427
851,2022,3867
860,2022,793
